G21
G90;svg > g > g > rect
M3 S90
G4 P0.2
G0 X0 Y270
M3 S30
G4 P0.2
G1 X190 Y270.00000000000006 F300
G1 X190 Y0.0000000000000300796424805109 F300
G1 X0 Y0.0000000000000601592849610218 F300
G1 X0 Y270 F300;svg > g > g > g#layer1 > polyline
M3 S90
G4 P0.2
G0 X17.231072499973504 Y248.69854104168212
M3 S30
G4 P0.2
G1 X17.231072499973504 Y248.69854104168212 F300
G1 X17.04514979164238 Y248.51261833335107 F300
G1 X17.04514979164238 Y248.14077291668877 F300
G1 X17.231072499973504 Y247.95485020835764 F300
G1 X17.602917916635757 Y247.95485020835764 F300
G1 X17.78884062496688 Y248.3266956250199 F300
G1 X17.78884062496688 Y248.69854104168212 F300
G1 X17.602917916635757 Y249.07038645834442 F300
G1 X17.231072499973504 Y249.2563091666755 F300
G1 X16.67330437498013 Y249.2563091666755 F300
G1 X16.301458958317877 Y249.07038645834442 F300
G1 X16.115536249986754 Y248.88446375001328 F300
G1 X15.929613541655625 Y248.51261833335107 F300
G1 X15.929613541655625 Y248.14077291668877 F300
G1 X16.115536249986754 Y247.76892750002648 F300
G1 X16.487381666649007 Y247.58300479169543 F300;svg > g > g > g#layer1 > polyline
M3 S90
G4 P0.2
G0 X16.67330437498013 Y249.2563091666755
M3 S30
G4 P0.2
G1 X16.67330437498013 Y249.2563091666755 F300
G1 X16.301458958317877 Y248.88446375001328 F300
G1 X16.115536249986754 Y248.51261833335107 F300
G1 X16.115536249986754 Y247.95485020835764 F300
G1 X16.487381666649007 Y247.58300479169543 F300;svg > g > g > g#layer1 > polyline
M3 S90
G4 P0.2
G0 X16.487381666649007 Y247.58300479169543
M3 S30
G4 P0.2
G1 X16.487381666649007 Y247.58300479169543 F300
G1 X16.115536249986754 Y247.58300479169543 F300
G1 X15.557768124993377 Y247.39708208336427 F300
G1 X15.185922708331125 Y247.025236666702 F300
G1 X14.999999999999998 Y246.6533912500398 F300
G1 X14.999999999999998 Y246.09559666671308 F300
G1 X15.185922708331125 Y245.7237512500508 F300
G1 X15.37184541666225 Y245.5378285417197 F300
G1 X15.7436908333245 Y245.35190583338857 F300
G1 X16.301458958317877 Y245.35190583338857 F300
G1 X16.859227083311254 Y245.5378285417197 F300
G1 X17.231072499973504 Y245.90967395838192 F300
G1 X17.41699520830463 Y246.28151937504418 F300
G1 X17.41699520830463 Y246.6533912500398 F300
G1 X17.231072499973504 Y247.025236666702 F300
G1 X16.859227083311254 Y247.025236666702 F300
G1 X16.487381666649007 Y246.83931395837087 F300
G1 X16.301458958317877 Y246.46744208337535 F300;svg > g > g > g#layer1 > polyline
M3 S90
G4 P0.2
G0 X16.115536249986754 Y247.58300479169543
M3 S30
G4 P0.2
G1 X16.115536249986754 Y247.58300479169543 F300
G1 X15.7436908333245 Y247.39708208336427 F300
G1 X15.37184541666225 Y247.025236666702 F300
G1 X15.185922708331125 Y246.6533912500398 F300
G1 X15.185922708331125 Y245.90967395838192 F300
G1 X15.37184541666225 Y245.5378285417197 F300;svg > g > g > g#layer1 > polyline
M3 S90
G4 P0.2
G0 X18.160686041629134 Y246.28151937504418
M3 S30
G4 P0.2
G1 X18.160686041629134 Y246.28151937504418 F300
G1 X18.532557916624715 Y246.83931395837087 F300
G1 X18.904403333286968 Y247.025236666702 F300
G1 X19.276248749949218 Y247.025236666702 F300
G1 X19.462171458280345 Y246.83931395837087 F300
G1 X19.462171458280345 Y246.46744208337535 F300
G1 X19.276248749949218 Y245.90967395838192 F300
G1 X19.09032604161809 Y245.5378285417197 F300
G1 X18.718480624955845 Y245.35190583338857 F300
G1 X18.532557916624715 Y245.35190583338857 F300
G1 X18.346608749960257 Y245.5378285417197 F300
G1 X18.346608749960257 Y245.7237512500508 F300
G1 X18.532557916624715 Y245.7237512500508 F300
G1 X18.346608749960257 Y245.5378285417197 F300;svg > g > g > g#layer1 > polyline
M3 S90
G4 P0.2
G0 X20.5777077082671 Y246.83931395837087
M3 S30
G4 P0.2
G1 X20.5777077082671 Y246.83931395837087 F300
G1 X20.39178499993597 Y246.6533912500398 F300
G1 X20.5777077082671 Y246.6533912500398 F300
G1 X20.5777077082671 Y246.83931395837087 F300
G1 X20.39178499993597 Y247.025236666702 F300
G1 X20.205862291604845 Y247.025236666702 F300
G1 X19.834016874942595 Y246.83931395837087 F300
G1 X19.648094166611468 Y246.46744208337535 F300
G1 X19.462171458280345 Y245.90967395838192 F300
G1 X19.462171458280345 Y245.5378285417197 F300
G1 X19.648094166611468 Y245.35190583338857 F300
G1 X20.205862291604845 Y245.35190583338857 F300
G1 X20.76363041659822 Y245.7237512500508 F300
G1 X21.135475833260475 Y246.28151937504418 F300;svg > g > g > g#layer1 > line
M3 S90
G4 P0.2
G0 X19.462171458280345 Y246.83931395837087
M3 S30
G4 P0.2
G1 X19.648094166611468 Y246.46744208337535 F300;svg > g > g > g#layer1 > line
M3 S90
G4 P0.2
G0 X19.834016874942595 Y246.83931395837087
M3 S30
G4 P0.2
G1 X19.462171458280345 Y246.46744208337535 F300;svg > g > g > g#layer1 > line
M3 S90
G4 P0.2
G0 X19.276248749949218 Y245.90967395838192
M3 S30
G4 P0.2
G1 X19.462171458280345 Y245.5378285417197 F300;svg > g > g > g#layer1 > line
M3 S90
G4 P0.2
G0 X19.462171458280345 Y245.90967395838192
M3 S30
G4 P0.2
G1 X19.09032604161809 Y245.5378285417197 F300;svg > g > g > g#layer1 > polyline
M3 S90
G4 P0.2
G0 X22.994702916571725 Y246.46744208337535
M3 S30
G4 P0.2
G1 X22.994702916571725 Y246.46744208337535 F300
G1 X22.808780208240602 Y246.83931395837087 F300
G1 X22.436934791578352 Y247.025236666702 F300
G1 X22.065089374916102 Y247.025236666702 F300
G1 X21.693243958253852 Y246.83931395837087 F300
G1 X21.507321249922725 Y246.6533912500398 F300
G1 X21.3213985415916 Y246.28151937504418 F300
G1 X21.3213985415916 Y245.90967395838192 F300
G1 X21.507321249922725 Y245.5378285417197 F300
G1 X21.879166666584975 Y245.35190583338857 F300
G1 X22.251012083247225 Y245.35190583338857 F300
G1 X22.62285749990948 Y245.5378285417197 F300
G1 X22.808780208240602 Y245.90967395838192 F300;svg > g > g > g#layer1 > polyline
M3 S90
G4 P0.2
G0 X22.065089374916102 Y247.025236666702
M3 S30
G4 P0.2
G1 X22.065089374916102 Y247.025236666702 F300
G1 X21.693243958253852 Y246.6533912500398 F300
G1 X21.507321249922725 Y246.28151937504418 F300
G1 X21.507321249922725 Y245.7237512500508 F300
G1 X21.879166666584975 Y245.35190583338857 F300;svg > g > g > g#layer1 > polyline
M3 S90
G4 P0.2
G0 X23.180625624902856 Y247.025236666702
M3 S30
G4 P0.2
G1 X23.180625624902856 Y247.025236666702 F300
G1 X22.808780208240602 Y245.90967395838192 F300
G1 X22.808780208240602 Y245.5378285417197 F300
G1 X23.180625624902856 Y245.35190583338857 F300
G1 X23.552471041565106 Y245.5378285417197 F300
G1 X23.738393749896233 Y245.7237512500508 F300
G1 X24.110239166558483 Y246.28151937504418 F300;svg > g > g > g#layer1 > polyline
M3 S90
G4 P0.2
G0 X23.36654833323398 Y247.025236666702
M3 S30
G4 P0.2
G1 X23.36654833323398 Y247.025236666702 F300
G1 X22.994702916571725 Y245.90967395838192 F300
G1 X22.994702916571725 Y245.5378285417197 F300
G1 X23.180625624902856 Y245.35190583338857 F300;svg > g > g > g#layer1 > polyline
M3 S90
G4 P0.2
G0 X24.110239166558483 Y246.28151937504418
M3 S30
G4 P0.2
G1 X24.110239166558483 Y246.28151937504418 F300
G1 X24.482084583220733 Y246.83931395837087 F300
G1 X24.853929999882986 Y247.025236666702 F300
G1 X25.225775416545236 Y246.83931395837087 F300
G1 X25.225775416545236 Y246.46744208337535 F300
G1 X24.853929999882986 Y245.35190583338857 F300;svg > g > g > g#layer1 > polyline
M3 S90
G4 P0.2
G0 X24.853929999882986 Y247.025236666702
M3 S30
G4 P0.2
G1 X24.853929999882986 Y247.025236666702 F300
G1 X25.03985270821411 Y246.83931395837087 F300
G1 X25.03985270821411 Y246.46744208337535 F300
G1 X24.66800729155186 Y245.35190583338857 F300;svg > g > g > g#layer1 > polyline
M3 S90
G4 P0.2
G0 X25.225775416545236 Y246.46744208337535
M3 S30
G4 P0.2
G1 X25.225775416545236 Y246.46744208337535 F300
G1 X25.597647291540817 Y246.83931395837087 F300
G1 X25.96949270820307 Y247.025236666702 F300
G1 X26.155415416534193 Y247.025236666702 F300
G1 X26.52726083319645 Y246.83931395837087 F300
G1 X26.52726083319645 Y246.46744208337535 F300
G1 X26.155415416534193 Y245.35190583338857 F300;svg > g > g > g#layer1 > polyline
M3 S90
G4 P0.2
G0 X26.155415416534193 Y247.025236666702
M3 S30
G4 P0.2
G1 X26.155415416534193 Y247.025236666702 F300
G1 X26.341338124865324 Y246.83931395837087 F300
G1 X26.341338124865324 Y246.46744208337535 F300
G1 X25.96949270820307 Y245.35190583338857 F300;svg > g > g > g#layer1 > polyline
M3 S90
G4 P0.2
G0 X26.52726083319645 Y246.46744208337535
M3 S30
G4 P0.2
G1 X26.52726083319645 Y246.46744208337535 F300
G1 X26.899106249858697 Y246.83931395837087 F300
G1 X27.270951666520947 Y247.025236666702 F300
G1 X27.456874374852077 Y247.025236666702 F300
G1 X27.828719791514324 Y246.83931395837087 F300
G1 X27.828719791514324 Y246.46744208337535 F300
G1 X27.642797083183194 Y245.90967395838192 F300
G1 X27.642797083183194 Y245.5378285417197 F300
G1 X27.828719791514324 Y245.35190583338857 F300;svg > g > g > g#layer1 > polyline
M3 S90
G4 P0.2
G0 X27.456874374852077 Y247.025236666702
M3 S30
G4 P0.2
G1 X27.456874374852077 Y247.025236666702 F300
G1 X27.642797083183194 Y246.83931395837087 F300
G1 X27.642797083183194 Y246.46744208337535 F300
G1 X27.456874374852077 Y245.90967395838192 F300
G1 X27.456874374852077 Y245.5378285417197 F300
G1 X27.828719791514324 Y245.35190583338857 F300
G1 X28.200565208176574 Y245.5378285417197 F300
G1 X28.386487916507704 Y245.7237512500508 F300
G1 X28.758333333169954 Y246.28151937504418 F300;svg > g > g > g#layer1 > polyline
M3 S90
G4 P0.2
G0 X28.758333333169954 Y246.28151937504418
M3 S30
G4 P0.2
G1 X28.758333333169954 Y246.28151937504418 F300
G1 X29.1301787498322 Y246.83931395837087 F300
G1 X29.502024166494454 Y247.58300479169543 F300;svg > g > g > g#layer1 > line
M3 S90
G4 P0.2
G0 X29.68794687482558 Y248.14077291668877
M3 S30
G4 P0.2
G1 X28.014642499845458 Y243.12083333341508 F300;svg > g > g > g#layer1 > line
M3 S90
G4 P0.2
G0 X29.873869583156704 Y248.14077291668877
M3 S30
G4 P0.2
G1 X28.200565208176574 Y243.12083333341508 F300;svg > g > g > g#layer1 > polyline
M3 S90
G4 P0.2
G0 X29.316101458163324 Y246.46744208337535
M3 S30
G4 P0.2
G1 X29.316101458163324 Y246.46744208337535 F300
G1 X29.68794687482558 Y246.83931395837087 F300
G1 X30.059792291487835 Y247.025236666702 F300
G1 X30.24571499981896 Y247.025236666702 F300
G1 X30.617560416481208 Y246.83931395837087 F300
G1 X30.617560416481208 Y246.46744208337535 F300
G1 X30.431637708150085 Y245.90967395838192 F300
G1 X30.431637708150085 Y245.5378285417197 F300
G1 X30.617560416481208 Y245.35190583338857 F300;svg > g > g > g#layer1 > polyline
M3 S90
G4 P0.2
G0 X30.24571499981896 Y247.025236666702
M3 S30
G4 P0.2
G1 X30.24571499981896 Y247.025236666702 F300
G1 X30.431637708150085 Y246.83931395837087 F300
G1 X30.431637708150085 Y246.46744208337535 F300
G1 X30.24571499981896 Y245.90967395838192 F300
G1 X30.24571499981896 Y245.5378285417197 F300
G1 X30.617560416481208 Y245.35190583338857 F300
G1 X30.989405833143454 Y245.5378285417197 F300
G1 X31.175328541474585 Y245.7237512500508 F300
G1 X31.54717395813683 Y246.28151937504418 F300;svg > g > g > g#layer1 > polyline
M3 S90
G4 P0.2
G0 X31.54717395813683 Y246.28151937504418
M3 S30
G4 P0.2
G1 X31.54717395813683 Y246.28151937504418 F300
G1 X31.91901937479908 Y246.83931395837087 F300
G1 X32.290891249794676 Y247.58300479169543 F300;svg > g > g > g#layer1 > polyline
M3 S90
G4 P0.2
G0 X32.84865937478804 Y249.2563091666755
M3 S30
G4 P0.2
G1 X32.84865937478804 Y249.2563091666755 F300
G1 X31.733096666467965 Y245.90967395838192 F300
G1 X31.733096666467965 Y245.5378285417197 F300
G1 X32.10494208313022 Y245.35190583338857 F300
G1 X32.476813958125796 Y245.5378285417197 F300
G1 X32.66273666645692 Y245.7237512500508 F300
G1 X33.03458208311917 Y246.28151937504418 F300;svg > g > g > g#layer1 > polyline
M3 S90
G4 P0.2
G0 X33.03458208311917 Y249.2563091666755
M3 S30
G4 P0.2
G1 X33.03458208311917 Y249.2563091666755 F300
G1 X31.91901937479908 Y245.90967395838192 F300
G1 X31.91901937479908 Y245.5378285417197 F300
G1 X32.10494208313022 Y245.35190583338857 F300;svg > g > g > g#layer1 > polyline
M3 S90
G4 P0.2
G0 X33.59235020811255 Y245.7237512500508
M3 S30
G4 P0.2
G1 X33.59235020811255 Y245.7237512500508 F300
G1 X33.964195624774796 Y245.90967395838192 F300
G1 X34.15011833310592 Y246.09559666671308 F300
G1 X34.336041041437056 Y246.46744208337535 F300
G1 X34.336041041437056 Y246.83931395837087 F300
G1 X34.15011833310592 Y247.025236666702 F300
G1 X33.964195624774796 Y247.025236666702 F300
G1 X33.59235020811255 Y246.83931395837087 F300
G1 X33.40642749978143 Y246.6533912500398 F300
G1 X33.220504791450296 Y246.28151937504418 F300
G1 X33.220504791450296 Y245.90967395838192 F300
G1 X33.40642749978143 Y245.5378285417197 F300
G1 X33.778272916443676 Y245.35190583338857 F300
G1 X34.336041041437056 Y245.35190583338857 F300
G1 X34.89380916643043 Y245.7237512500508 F300
G1 X35.265654583092676 Y246.28151937504418 F300;svg > g > g > g#layer1 > polyline
M3 S90
G4 P0.2
G0 X33.964195624774796 Y247.025236666702
M3 S30
G4 P0.2
G1 X33.964195624774796 Y247.025236666702 F300
G1 X33.59235020811255 Y246.6533912500398 F300
G1 X33.40642749978143 Y246.28151937504418 F300
G1 X33.40642749978143 Y245.7237512500508 F300
G1 X33.778272916443676 Y245.35190583338857 F300;svg > g > g > g#layer1 > polygon
M3 S90
G4 P0.2
G0 X36.38119083307942 Y247.95485020835764
M3 S30
G4 P0.2
G1 X36.38119083307942 Y247.95485020835764 F300
G1 X36.1952681247483 Y247.76892750002648 F300
G1 X36.38119083307942 Y247.58300479169543 F300
G1 X36.567113541410556 Y247.76892750002648 F300
G1 X36.38119083307942 Y247.95485020835764 F300;svg > g > g > g#layer1 > polyline
M3 S90
G4 P0.2
G0 X35.82342270808605 Y245.7237512500508
M3 S30
G4 P0.2
G1 X35.82342270808605 Y245.7237512500508 F300
G1 X35.63749999975493 Y245.5378285417197 F300
G1 X35.82342270808605 Y245.35190583338857 F300
G1 X36.00934541641718 Y245.5378285417197 F300;svg > g > g > g#layer1 > polyline
M3 S90
G4 P0.2
G0 X43.260357499664416 Y248.88446375001328
M3 S30
G4 P0.2
G1 X43.260357499664416 Y248.88446375001328 F300
G1 X43.07443479133328 Y248.51261833335107 F300
G1 X42.702589374671035 Y247.58300479169543 F300
G1 X42.33074395800878 Y246.46744208337535 F300
G1 X42.144821249677655 Y246.09559666671308 F300
G1 X41.7729758330154 Y245.5378285417197 F300
G1 X41.401130416353155 Y245.35190583338857 F300;svg > g > g > g#layer1 > polyline
M3 S90
G4 P0.2
G0 X42.144821249677655 Y248.14077291668877
M3 S30
G4 P0.2
G1 X42.144821249677655 Y248.14077291668877 F300
G1 X41.958898541346535 Y247.76892750002648 F300
G1 X41.58705312468428 Y247.58300479169543 F300
G1 X41.21520770802202 Y247.58300479169543 F300
G1 X41.02928499969091 Y247.95485020835764 F300
G1 X41.02928499969091 Y248.3266956250199 F300
G1 X41.21520770802202 Y248.69854104168212 F300
G1 X41.58705312468428 Y249.07038645834442 F300
G1 X42.144821249677655 Y249.2563091666755 F300
G1 X44.00404833298891 Y249.2563091666755 F300
G1 X43.446280207995535 Y249.07038645834442 F300
G1 X43.260357499664416 Y248.88446375001328 F300
G1 X43.07443479133328 Y248.3266956250199 F300
G1 X42.702589374671035 Y246.83931395837087 F300
G1 X42.5166666663399 Y246.28151937504418 F300
G1 X42.33074395800878 Y245.90967395838192 F300
G1 X41.958898541346535 Y245.5378285417197 F300
G1 X41.401130416353155 Y245.35190583338857 F300
G1 X41.02928499969091 Y245.35190583338857 F300
G1 X40.65743958302865 Y245.5378285417197 F300
G1 X40.47151687469752 Y245.7237512500508 F300
G1 X40.47151687469752 Y245.90967395838192 F300
G1 X40.65743958302865 Y246.09559666671308 F300
G1 X40.84336229135978 Y245.90967395838192 F300
G1 X40.65743958302865 Y245.7237512500508 F300;svg > g > g > g#layer1 > polyline
M3 S90
G4 P0.2
G0 X42.5166666663399 Y249.2563091666755
M3 S30
G4 P0.2
G1 X42.5166666663399 Y249.2563091666755 F300
G1 X43.260357499664416 Y249.07038645834442 F300
G1 X43.446280207995535 Y249.07038645834442 F300;svg > g > g > g#layer1 > polyline
M3 S90
G4 P0.2
G0 X41.7729758330154 Y246.83931395837087
M3 S30
G4 P0.2
G1 X41.7729758330154 Y246.83931395837087 F300
G1 X41.958898541346535 Y247.025236666702 F300
G1 X42.33074395800878 Y247.21115937503313 F300
G1 X43.07443479133328 Y247.21115937503313 F300
G1 X43.446280207995535 Y247.39708208336427 F300
G1 X43.81812562465778 Y247.95485020835764 F300
G1 X43.446280207995535 Y246.6533912500398 F300;svg > g > g > g#layer1 > polygon
M3 S90
G4 P0.2
G0 X45.11958458297566 Y248.14077291668877
M3 S30
G4 P0.2
G1 X45.11958458297566 Y248.14077291668877 F300
G1 X44.93366187464453 Y247.95485020835764 F300
G1 X45.11958458297566 Y247.76892750002648 F300
G1 X45.30550729130678 Y247.95485020835764 F300
G1 X45.11958458297566 Y248.14077291668877 F300;svg > g > g > g#layer1 > polyline
M3 S90
G4 P0.2
G0 X44.747739166313416 Y247.025236666702
M3 S30
G4 P0.2
G1 X44.747739166313416 Y247.025236666702 F300
G1 X44.37589374965117 Y245.90967395838192 F300
G1 X44.37589374965117 Y245.5378285417197 F300
G1 X44.747739166313416 Y245.35190583338857 F300
G1 X45.11958458297566 Y245.5378285417197 F300
G1 X45.30550729130678 Y245.7237512500508 F300
G1 X45.67735270796904 Y246.28151937504418 F300;svg > g > g > g#layer1 > polyline
M3 S90
G4 P0.2
G0 X44.93366187464453 Y247.025236666702
M3 S30
G4 P0.2
G1 X44.93366187464453 Y247.025236666702 F300
G1 X44.56181645798228 Y245.90967395838192 F300
G1 X44.56181645798228 Y245.5378285417197 F300
G1 X44.747739166313416 Y245.35190583338857 F300;svg > g > g > g#layer1 > polyline
M3 S90
G4 P0.2
G0 X45.67735270796904 Y246.28151937504418
M3 S30
G4 P0.2
G1 X45.67735270796904 Y246.28151937504418 F300
G1 X46.04922458296462 Y246.83931395837087 F300
G1 X46.42106999962688 Y247.025236666702 F300
G1 X46.79291541628912 Y246.83931395837087 F300
G1 X46.79291541628912 Y246.46744208337535 F300
G1 X46.42106999962688 Y245.35190583338857 F300;svg > g > g > g#layer1 > polyline
M3 S90
G4 P0.2
G0 X46.42106999962688 Y247.025236666702
M3 S30
G4 P0.2
G1 X46.42106999962688 Y247.025236666702 F300
G1 X46.606992707958 Y246.83931395837087 F300
G1 X46.606992707958 Y246.46744208337535 F300
G1 X46.235147291295746 Y245.35190583338857 F300;svg > g > g > g#layer1 > polyline
M3 S90
G4 P0.2
G0 X46.79291541628912 Y246.46744208337535
M3 S30
G4 P0.2
G1 X46.79291541628912 Y246.46744208337535 F300
G1 X47.16476083295137 Y246.83931395837087 F300
G1 X47.536606249613634 Y247.025236666702 F300
G1 X47.72252895794475 Y247.025236666702 F300
G1 X48.09437437460701 Y246.83931395837087 F300
G1 X48.09437437460701 Y246.46744208337535 F300
G1 X47.90845166627587 Y245.90967395838192 F300
G1 X47.90845166627587 Y245.5378285417197 F300
G1 X48.09437437460701 Y245.35190583338857 F300;svg > g > g > g#layer1 > polyline
M3 S90
G4 P0.2
G0 X47.72252895794475 Y247.025236666702
M3 S30
G4 P0.2
G1 X47.72252895794475 Y247.025236666702 F300
G1 X47.90845166627587 Y246.83931395837087 F300
G1 X47.90845166627587 Y246.46744208337535 F300
G1 X47.72252895794475 Y245.90967395838192 F300
G1 X47.72252895794475 Y245.5378285417197 F300
G1 X48.09437437460701 Y245.35190583338857 F300
G1 X48.46621979126925 Y245.5378285417197 F300
G1 X48.65214249960039 Y245.7237512500508 F300
G1 X49.02398791626264 Y246.28151937504418 F300;svg > g > g > g#layer1 > polyline
M3 S90
G4 P0.2
G0 X50.8832149995739 Y246.46744208337535
M3 S30
G4 P0.2
G1 X50.8832149995739 Y246.46744208337535 F300
G1 X50.69729229124276 Y246.83931395837087 F300
G1 X50.3254468745805 Y247.025236666702 F300
G1 X49.95360145791826 Y247.025236666702 F300
G1 X49.581756041256 Y246.83931395837087 F300
G1 X49.39583333292488 Y246.6533912500398 F300
G1 X49.20991062459376 Y246.28151937504418 F300
G1 X49.20991062459376 Y245.90967395838192 F300
G1 X49.39583333292488 Y245.5378285417197 F300
G1 X49.76767874958713 Y245.35190583338857 F300
G1 X50.13952416624938 Y245.35190583338857 F300
G1 X50.511369582911634 Y245.5378285417197 F300
G1 X50.69729229124276 Y245.90967395838192 F300;svg > g > g > g#layer1 > polyline
M3 S90
G4 P0.2
G0 X49.95360145791826 Y247.025236666702
M3 S30
G4 P0.2
G1 X49.95360145791826 Y247.025236666702 F300
G1 X49.581756041256 Y246.6533912500398 F300
G1 X49.39583333292488 Y246.28151937504418 F300
G1 X49.39583333292488 Y245.7237512500508 F300
G1 X49.76767874958713 Y245.35190583338857 F300;svg > g > g > g#layer1 > polyline
M3 S90
G4 P0.2
G0 X51.812828541229514 Y249.2563091666755
M3 S30
G4 P0.2
G1 X51.812828541229514 Y249.2563091666755 F300
G1 X50.69729229124276 Y245.90967395838192 F300
G1 X50.69729229124276 Y245.5378285417197 F300
G1 X51.069137707905014 Y245.35190583338857 F300
G1 X51.44098312456727 Y245.5378285417197 F300
G1 X51.626905832898395 Y245.7237512500508 F300
G1 X51.998751249560634 Y246.28151937504418 F300;svg > g > g > g#layer1 > polyline
M3 S90
G4 P0.2
G0 X51.998751249560634 Y249.2563091666755
M3 S30
G4 P0.2
G1 X51.998751249560634 Y249.2563091666755 F300
G1 X50.8832149995739 Y245.90967395838192 F300
G1 X50.8832149995739 Y245.5378285417197 F300
G1 X51.069137707905014 Y245.35190583338857 F300;svg > g > g > g#layer1 > polyline
M3 S90
G4 P0.2
G0 X54.97354104119198 Y246.28151937504418
M3 S30
G4 P0.2
G1 X54.97354104119198 Y246.28151937504418 F300
G1 X55.34538645785424 Y246.83931395837087 F300
G1 X55.71723187451648 Y247.58300479169543 F300;svg > g > g > g#layer1 > polyline
M3 S90
G4 P0.2
G0 X56.27499999950985 Y249.2563091666755
M3 S30
G4 P0.2
G1 X56.27499999950985 Y249.2563091666755 F300
G1 X55.15946374952311 Y245.90967395838192 F300
G1 X55.15946374952311 Y245.5378285417197 F300
G1 X55.53130916618535 Y245.35190583338857 F300
G1 X55.90315458284761 Y245.5378285417197 F300
G1 X56.08907729117873 Y245.7237512500508 F300
G1 X56.460922707840986 Y246.28151937504418 F300;svg > g > g > g#layer1 > polyline
M3 S90
G4 P0.2
G0 X56.460922707840986 Y249.2563091666755
M3 S30
G4 P0.2
G1 X56.460922707840986 Y249.2563091666755 F300
G1 X55.34538645785424 Y245.90967395838192 F300
G1 X55.34538645785424 Y245.5378285417197 F300
G1 X55.53130916618535 Y245.35190583338857 F300;svg > g > g > g#layer1 > line
M3 S90
G4 P0.2
G0 X55.34538645785424 Y247.76892750002648
M3 S30
G4 P0.2
G1 X56.460922707840986 Y247.76892750002648 F300;svg > g > g > g#layer1 > polyline
M3 S90
G4 P0.2
G0 X56.460922707840986 Y246.28151937504418
M3 S30
G4 P0.2
G1 X56.460922707840986 Y246.28151937504418 F300
G1 X56.83276812450323 Y246.83931395837087 F300
G1 X57.20461354116548 Y247.58300479169543 F300;svg > g > g > g#layer1 > line
M3 S90
G4 P0.2
G0 X57.762381666158866 Y249.2563091666755
M3 S30
G4 P0.2
G1 X56.460922707840986 Y245.35190583338857 F300;svg > g > g > g#layer1 > line
M3 S90
G4 P0.2
G0 X57.94830437448998 Y249.2563091666755
M3 S30
G4 P0.2
G1 X56.64684541617211 Y245.35190583338857 F300;svg > g > g > g#layer1 > polyline
M3 S90
G4 P0.2
G0 X57.018690832834366 Y246.46744208337535
M3 S30
G4 P0.2
G1 X57.018690832834366 Y246.46744208337535 F300
G1 X57.39053624949661 Y246.83931395837087 F300
G1 X57.762381666158866 Y247.025236666702 F300
G1 X57.94830437448998 Y247.025236666702 F300
G1 X58.32014979115224 Y246.83931395837087 F300
G1 X58.32014979115224 Y246.46744208337535 F300
G1 X58.134227082821106 Y245.90967395838192 F300
G1 X58.134227082821106 Y245.5378285417197 F300
G1 X58.32014979115224 Y245.35190583338857 F300;svg > g > g > g#layer1 > polyline
M3 S90
G4 P0.2
G0 X57.94830437448998 Y247.025236666702
M3 S30
G4 P0.2
G1 X57.94830437448998 Y247.025236666702 F300
G1 X58.134227082821106 Y246.83931395837087 F300
G1 X58.134227082821106 Y246.46744208337535 F300
G1 X57.94830437448998 Y245.90967395838192 F300
G1 X57.94830437448998 Y245.5378285417197 F300
G1 X58.32014979115224 Y245.35190583338857 F300
G1 X58.69199520781448 Y245.5378285417197 F300
G1 X58.87791791614561 Y245.7237512500508 F300
G1 X59.24976333280787 Y246.28151937504418 F300;svg > g > g > g#layer1 > polyline
M3 S90
G4 P0.2
G0 X59.807557916134584 Y245.7237512500508
M3 S30
G4 P0.2
G1 X59.807557916134584 Y245.7237512500508 F300
G1 X60.17940333279683 Y245.90967395838192 F300
G1 X60.36532604112795 Y246.09559666671308 F300
G1 X60.55124874945908 Y246.46744208337535 F300
G1 X60.55124874945908 Y246.83931395837087 F300
G1 X60.36532604112795 Y247.025236666702 F300
G1 X60.17940333279683 Y247.025236666702 F300
G1 X59.807557916134584 Y246.83931395837087 F300
G1 X59.62160874947011 Y246.6533912500398 F300
G1 X59.43568604113899 Y246.28151937504418 F300
G1 X59.43568604113899 Y245.90967395838192 F300
G1 X59.62160874947011 Y245.5378285417197 F300
G1 X59.9934806244657 Y245.35190583338857 F300
G1 X60.55124874945908 Y245.35190583338857 F300
G1 X61.10901687445245 Y245.7237512500508 F300
G1 X61.48086229111471 Y246.28151937504418 F300;svg > g > g > g#layer1 > polyline
M3 S90
G4 P0.2
G0 X60.17940333279683 Y247.025236666702
M3 S30
G4 P0.2
G1 X60.17940333279683 Y247.025236666702 F300
G1 X59.807557916134584 Y246.6533912500398 F300
G1 X59.62160874947011 Y246.28151937504418 F300
G1 X59.62160874947011 Y245.7237512500508 F300
G1 X59.9934806244657 Y245.35190583338857 F300;svg > g > g > g#layer1 > polyline
M3 S90
G4 P0.2
G0 X66.31485270772397 Y246.46744208337535
M3 S30
G4 P0.2
G1 X66.31485270772397 Y246.46744208337535 F300
G1 X66.12892999939285 Y246.83931395837087 F300
G1 X65.75708458273058 Y247.025236666702 F300
G1 X65.38523916606835 Y247.025236666702 F300
G1 X65.01339374940608 Y246.83931395837087 F300
G1 X64.82747104107497 Y246.6533912500398 F300
G1 X64.64154833274384 Y246.28151937504418 F300
G1 X64.64154833274384 Y245.90967395838192 F300
G1 X64.82747104107497 Y245.5378285417197 F300
G1 X65.19931645773721 Y245.35190583338857 F300
G1 X65.57116187439948 Y245.35190583338857 F300
G1 X65.94300729106172 Y245.5378285417197 F300
G1 X66.12892999939285 Y245.90967395838192 F300;svg > g > g > g#layer1 > polyline
M3 S90
G4 P0.2
G0 X65.38523916606835 Y247.025236666702
M3 S30
G4 P0.2
G1 X65.38523916606835 Y247.025236666702 F300
G1 X65.01339374940608 Y246.6533912500398 F300
G1 X64.82747104107497 Y246.28151937504418 F300
G1 X64.82747104107497 Y245.7237512500508 F300
G1 X65.19931645773721 Y245.35190583338857 F300;svg > g > g > g#layer1 > polyline
M3 S90
G4 P0.2
G0 X67.24449270771292 Y249.2563091666755
M3 S30
G4 P0.2
G1 X67.24449270771292 Y249.2563091666755 F300
G1 X66.12892999939285 Y245.90967395838192 F300
G1 X66.12892999939285 Y245.5378285417197 F300
G1 X66.50077541605508 Y245.35190583338857 F300
G1 X66.8726472910507 Y245.5378285417197 F300
G1 X67.0585699993818 Y245.7237512500508 F300
G1 X67.43041541604406 Y246.28151937504418 F300;svg > g > g > g#layer1 > polyline
M3 S90
G4 P0.2
G0 X67.43041541604406 Y249.2563091666755
M3 S30
G4 P0.2
G1 X67.43041541604406 Y249.2563091666755 F300
G1 X66.31485270772397 Y245.90967395838192 F300
G1 X66.31485270772397 Y245.5378285417197 F300
G1 X66.50077541605508 Y245.35190583338857 F300;svg > g > g > g#layer1 > polyline
M3 S90
G4 P0.2
G0 X67.98818354103743 Y245.7237512500508
M3 S30
G4 P0.2
G1 X67.98818354103743 Y245.7237512500508 F300
G1 X68.36002895769968 Y245.90967395838192 F300
G1 X68.54595166603082 Y246.09559666671308 F300
G1 X68.73187437436192 Y246.46744208337535 F300
G1 X68.73187437436192 Y246.83931395837087 F300
G1 X68.54595166603082 Y247.025236666702 F300
G1 X68.36002895769968 Y247.025236666702 F300
G1 X67.98818354103743 Y246.83931395837087 F300
G1 X67.8022608327063 Y246.6533912500398 F300
G1 X67.61633812437519 Y246.28151937504418 F300
G1 X67.61633812437519 Y245.90967395838192 F300
G1 X67.8022608327063 Y245.5378285417197 F300
G1 X68.17410624936855 Y245.35190583338857 F300
G1 X68.73187437436192 Y245.35190583338857 F300
G1 X69.28964249935532 Y245.7237512500508 F300
G1 X69.66148791601756 Y246.28151937504418 F300;svg > g > g > g#layer1 > polyline
M3 S90
G4 P0.2
G0 X68.36002895769968 Y247.025236666702
M3 S30
G4 P0.2
G1 X68.36002895769968 Y247.025236666702 F300
G1 X67.98818354103743 Y246.6533912500398 F300
G1 X67.8022608327063 Y246.28151937504418 F300
G1 X67.8022608327063 Y245.7237512500508 F300
G1 X68.17410624936855 Y245.35190583338857 F300;svg > g > g > g#layer1 > polyline
M3 S90
G4 P0.2
G0 X69.66148791601756 Y246.28151937504418
M3 S30
G4 P0.2
G1 X69.66148791601756 Y246.28151937504418 F300
G1 X70.03333333267982 Y246.83931395837087 F300
G1 X70.40517874934206 Y247.025236666702 F300
G1 X70.77702416600431 Y246.83931395837087 F300
G1 X70.77702416600431 Y246.46744208337535 F300
G1 X70.40517874934206 Y245.35190583338857 F300;svg > g > g > g#layer1 > polyline
M3 S90
G4 P0.2
G0 X70.40517874934206 Y247.025236666702
M3 S30
G4 P0.2
G1 X70.40517874934206 Y247.025236666702 F300
G1 X70.59110145767318 Y246.83931395837087 F300
G1 X70.59110145767318 Y246.46744208337535 F300
G1 X70.21925604101092 Y245.35190583338857 F300;svg > g > g > g#layer1 > polyline
M3 S90
G4 P0.2
G0 X70.77702416600431 Y246.46744208337535
M3 S30
G4 P0.2
G1 X70.77702416600431 Y246.46744208337535 F300
G1 X71.14886958266656 Y246.83931395837087 F300
G1 X71.52071499932882 Y247.025236666702 F300
G1 X71.70663770765995 Y247.025236666702 F300
G1 X71.52071499932882 Y246.46744208337535 F300;svg > g > g > g#layer1 > polyline
M3 S90
G4 P0.2
G0 X71.52071499932882 Y247.025236666702
M3 S30
G4 P0.2
G1 X71.52071499932882 Y247.025236666702 F300
G1 X71.52071499932882 Y246.46744208337535 F300
G1 X71.70663770765995 Y246.09559666671308 F300
G1 X71.89256041599106 Y246.09559666671308 F300
G1 X72.26440583265331 Y246.28151937504418 F300;svg > g > g > g#layer1 > polygon
M3 S90
G4 P0.2
G0 X73.19401937430895 Y248.14077291668877
M3 S30
G4 P0.2
G1 X73.19401937430895 Y248.14077291668877 F300
G1 X73.0080966659778 Y247.95485020835764 F300
G1 X73.19401937430895 Y247.76892750002648 F300
G1 X73.37994208264008 Y247.95485020835764 F300
G1 X73.19401937430895 Y248.14077291668877 F300;svg > g > g > g#layer1 > polyline
M3 S90
G4 P0.2
G0 X72.82217395764668 Y247.025236666702
M3 S30
G4 P0.2
G1 X72.82217395764668 Y247.025236666702 F300
G1 X72.45032854098444 Y245.90967395838192 F300
G1 X72.45032854098444 Y245.5378285417197 F300
G1 X72.82217395764668 Y245.35190583338857 F300
G1 X73.19401937430895 Y245.5378285417197 F300
G1 X73.37994208264008 Y245.7237512500508 F300
G1 X73.75181395763565 Y246.28151937504418 F300;svg > g > g > g#layer1 > polyline
M3 S90
G4 P0.2
G0 X73.0080966659778 Y247.025236666702
M3 S30
G4 P0.2
G1 X73.0080966659778 Y247.025236666702 F300
G1 X72.63625124931558 Y245.90967395838192 F300
G1 X72.63625124931558 Y245.5378285417197 F300
G1 X72.82217395764668 Y245.35190583338857 F300;svg > g > g > g#layer1 > polyline
M3 S90
G4 P0.2
G0 X74.30958208262902 Y247.025236666702
M3 S30
G4 P0.2
G1 X74.30958208262902 Y247.025236666702 F300
G1 X74.1236593742979 Y246.6533912500398 F300
G1 X73.93773666596677 Y246.09559666671308 F300
G1 X73.93773666596677 Y245.5378285417197 F300
G1 X74.30958208262902 Y245.35190583338857 F300
G1 X74.49550479096017 Y245.35190583338857 F300
G1 X75.05327291595354 Y245.5378285417197 F300
G1 X75.42511833261578 Y245.90967395838192 F300
G1 X75.6110410409469 Y246.46744208337535 F300
G1 X75.6110410409469 Y247.025236666702 F300;svg > g > g > g#layer1 > polyline
M3 S90
G4 P0.2
G0 X74.49550479096017 Y247.025236666702
M3 S30
G4 P0.2
G1 X74.49550479096017 Y247.025236666702 F300
G1 X74.30958208262902 Y246.6533912500398 F300
G1 X74.1236593742979 Y246.09559666671308 F300
G1 X74.1236593742979 Y245.5378285417197 F300
G1 X74.30958208262902 Y245.35190583338857 F300;svg > g > g > g#layer1 > polyline
M3 S90
G4 P0.2
G0 X75.6110410409469 Y247.025236666702
M3 S30
G4 P0.2
G1 X75.6110410409469 Y247.025236666702 F300
G1 X75.79696374927804 Y246.28151937504418 F300
G1 X75.98288645760915 Y246.09559666671308 F300
G1 X76.16880916594027 Y246.09559666671308 F300
G1 X76.54065458260254 Y246.28151937504418 F300;svg > g > g > g#layer1 > polyline
M3 S90
G4 P0.2
G0 X78.39988166591378 Y246.46744208337535
M3 S30
G4 P0.2
G1 X78.39988166591378 Y246.46744208337535 F300
G1 X78.21395895758266 Y246.83931395837087 F300
G1 X77.84211354092041 Y247.025236666702 F300
G1 X77.47026812425817 Y247.025236666702 F300
G1 X77.09842270759592 Y246.83931395837087 F300
G1 X76.9124999992648 Y246.6533912500398 F300
G1 X76.72657729093366 Y246.28151937504418 F300
G1 X76.72657729093366 Y245.90967395838192 F300
G1 X76.9124999992648 Y245.5378285417197 F300
G1 X77.28434541592704 Y245.35190583338857 F300
G1 X77.65619083258929 Y245.35190583338857 F300
G1 X78.02803624925153 Y245.5378285417197 F300
G1 X78.21395895758266 Y245.90967395838192 F300;svg > g > g > g#layer1 > polyline
M3 S90
G4 P0.2
G0 X77.47026812425817 Y247.025236666702
M3 S30
G4 P0.2
G1 X77.47026812425817 Y247.025236666702 F300
G1 X77.09842270759592 Y246.6533912500398 F300
G1 X76.9124999992648 Y246.28151937504418 F300
G1 X76.9124999992648 Y245.7237512500508 F300
G1 X77.28434541592704 Y245.35190583338857 F300;svg > g > g > g#layer1 > polyline
M3 S90
G4 P0.2
G0 X78.58580437424492 Y247.025236666702
M3 S30
G4 P0.2
G1 X78.58580437424492 Y247.025236666702 F300
G1 X78.21395895758266 Y245.90967395838192 F300
G1 X78.21395895758266 Y245.5378285417197 F300
G1 X78.58580437424492 Y245.35190583338857 F300
G1 X78.95764979090717 Y245.5378285417197 F300
G1 X79.1435724992383 Y245.7237512500508 F300
G1 X79.51541791590054 Y246.28151937504418 F300;svg > g > g > g#layer1 > polyline
M3 S90
G4 P0.2
G0 X78.77172708257605 Y247.025236666702
M3 S30
G4 P0.2
G1 X78.77172708257605 Y247.025236666702 F300
G1 X78.39988166591378 Y245.90967395838192 F300
G1 X78.39988166591378 Y245.5378285417197 F300
G1 X78.58580437424492 Y245.35190583338857 F300;svg > g > g > g#layer1 > polyline
M3 S90
G4 P0.2
G0 X79.51541791590054 Y246.28151937504418
M3 S30
G4 P0.2
G1 X79.51541791590054 Y246.28151937504418 F300
G1 X79.8872633325628 Y246.83931395837087 F300
G1 X80.25910874922504 Y247.58300479169543 F300;svg > g > g > g#layer1 > polyline
M3 S90
G4 P0.2
G0 X80.81690333255176 Y249.2563091666755
M3 S30
G4 P0.2
G1 X80.81690333255176 Y249.2563091666755 F300
G1 X79.70134062423168 Y245.90967395838192 F300
G1 X79.70134062423168 Y245.5378285417197 F300
G1 X80.07318604089392 Y245.35190583338857 F300
G1 X80.4450579158895 Y245.5378285417197 F300
G1 X80.63098062422064 Y245.7237512500508 F300
G1 X81.00282604088288 Y246.28151937504418 F300;svg > g > g > g#layer1 > polyline
M3 S90
G4 P0.2
G0 X81.00282604088288 Y249.2563091666755
M3 S30
G4 P0.2
G1 X81.00282604088288 Y249.2563091666755 F300
G1 X79.8872633325628 Y245.90967395838192 F300
G1 X79.8872633325628 Y245.5378285417197 F300
G1 X80.07318604089392 Y245.35190583338857 F300;svg > g > g > g#layer1 > line
M3 S90
G4 P0.2
G0 X79.8872633325628 Y247.76892750002648
M3 S30
G4 P0.2
G1 X81.00282604088288 Y247.76892750002648 F300;svg > g > g > g#layer1 > polygon
M3 S90
G4 P0.2
G0 X81.9324395825385 Y248.14077291668877
M3 S30
G4 P0.2
G1 X81.9324395825385 Y248.14077291668877 F300
G1 X81.74651687420737 Y247.95485020835764 F300
G1 X81.9324395825385 Y247.76892750002648 F300
G1 X82.11836229086964 Y247.95485020835764 F300
G1 X81.9324395825385 Y248.14077291668877 F300;svg > g > g > g#layer1 > polyline
M3 S90
G4 P0.2
G0 X81.56059416587625 Y247.025236666702
M3 S30
G4 P0.2
G1 X81.56059416587625 Y247.025236666702 F300
G1 X81.18874874921401 Y245.90967395838192 F300
G1 X81.18874874921401 Y245.5378285417197 F300
G1 X81.56059416587625 Y245.35190583338857 F300
G1 X81.9324395825385 Y245.5378285417197 F300
G1 X82.11836229086964 Y245.7237512500508 F300
G1 X82.4902077075319 Y246.28151937504418 F300;svg > g > g > g#layer1 > polyline
M3 S90
G4 P0.2
G0 X81.74651687420737 Y247.025236666702
M3 S30
G4 P0.2
G1 X81.74651687420737 Y247.025236666702 F300
G1 X81.37467145754513 Y245.90967395838192 F300
G1 X81.37467145754513 Y245.5378285417197 F300
G1 X81.56059416587625 Y245.35190583338857 F300;svg > g > g > g#layer1 > polyline
M3 S90
G4 P0.2
G0 X83.04797583252528 Y247.025236666702
M3 S30
G4 P0.2
G1 X83.04797583252528 Y247.025236666702 F300
G1 X82.86205312419413 Y246.6533912500398 F300
G1 X82.67613041586301 Y246.09559666671308 F300
G1 X82.67613041586301 Y245.5378285417197 F300
G1 X83.04797583252528 Y245.35190583338857 F300
G1 X83.2338985408564 Y245.35190583338857 F300
G1 X83.79166666584976 Y245.5378285417197 F300
G1 X84.16351208251201 Y245.90967395838192 F300
G1 X84.34943479084315 Y246.46744208337535 F300
G1 X84.34943479084315 Y247.025236666702 F300;svg > g > g > g#layer1 > polyline
M3 S90
G4 P0.2
G0 X83.2338985408564 Y247.025236666702
M3 S30
G4 P0.2
G1 X83.2338985408564 Y247.025236666702 F300
G1 X83.04797583252528 Y246.6533912500398 F300
G1 X82.86205312419413 Y246.09559666671308 F300
G1 X82.86205312419413 Y245.5378285417197 F300
G1 X83.04797583252528 Y245.35190583338857 F300;svg > g > g > g#layer1 > polyline
M3 S90
G4 P0.2
G0 X84.34943479084315 Y247.025236666702
M3 S30
G4 P0.2
G1 X84.34943479084315 Y247.025236666702 F300
G1 X84.53535749917427 Y246.28151937504418 F300
G1 X84.7212802075054 Y246.09559666671308 F300
G1 X84.90720291583654 Y246.09559666671308 F300
G1 X85.27904833249877 Y246.28151937504418 F300;svg > g > g > g#layer1 > polyline
M3 S90
G4 P0.2
G0 X85.83681645749215 Y245.7237512500508
M3 S30
G4 P0.2
G1 X85.83681645749215 Y245.7237512500508 F300
G1 X86.2086618741544 Y245.90967395838192 F300
G1 X86.39458458248554 Y246.09559666671308 F300
G1 X86.58050729081666 Y246.46744208337535 F300
G1 X86.58050729081666 Y246.83931395837087 F300
G1 X86.39458458248554 Y247.025236666702 F300
G1 X86.2086618741544 Y247.025236666702 F300
G1 X85.83681645749215 Y246.83931395837087 F300
G1 X85.65089374916101 Y246.6533912500398 F300
G1 X85.4649710408299 Y246.28151937504418 F300
G1 X85.4649710408299 Y245.90967395838192 F300
G1 X85.65089374916101 Y245.5378285417197 F300
G1 X86.02273916582327 Y245.35190583338857 F300
G1 X86.58050729081666 Y245.35190583338857 F300
G1 X87.13827541581003 Y245.7237512500508 F300
G1 X87.5101472908056 Y246.28151937504418 F300;svg > g > g > g#layer1 > polyline
M3 S90
G4 P0.2
G0 X86.2086618741544 Y247.025236666702
M3 S30
G4 P0.2
G1 X86.2086618741544 Y247.025236666702 F300
G1 X85.83681645749215 Y246.6533912500398 F300
G1 X85.65089374916101 Y246.28151937504418 F300
G1 X85.65089374916101 Y245.7237512500508 F300
G1 X86.02273916582327 Y245.35190583338857 F300;svg > g > g > g#layer1 > polyline
M3 S90
G4 P0.2
G0 X91.7863695824215 Y247.025236666702
M3 S30
G4 P0.2
G1 X91.7863695824215 Y247.025236666702 F300
G1 X91.41452416575923 Y247.025236666702 F300
G1 X91.04267874909699 Y246.83931395837087 F300
G1 X90.85675604076587 Y246.6533912500398 F300
G1 X90.67083333243474 Y246.28151937504418 F300
G1 X90.67083333243474 Y245.90967395838192 F300
G1 X90.85675604076587 Y245.5378285417197 F300
G1 X91.2286014574281 Y245.35190583338857 F300
G1 X91.60044687409037 Y245.35190583338857 F300
G1 X91.97229229075263 Y245.5378285417197 F300
G1 X92.15821499908374 Y245.7237512500508 F300
G1 X92.34413770741487 Y246.09559666671308 F300
G1 X92.34413770741487 Y246.46744208337535 F300
G1 X92.15821499908374 Y246.83931395837087 F300
G1 X91.7863695824215 Y247.025236666702 F300
G1 X91.60044687409037 Y246.83931395837087 F300
G1 X91.60044687409037 Y246.46744208337535 F300
G1 X91.7863695824215 Y246.09559666671308 F300
G1 X92.15821499908374 Y245.90967395838192 F300
G1 X92.53006041574601 Y245.90967395838192 F300
G1 X92.90190583240823 Y246.09559666671308 F300
G1 X93.08782854073937 Y246.28151937504418 F300;svg > g > g > g#layer1 > polyline
M3 S90
G4 P0.2
G0 X91.41452416575923 Y247.025236666702
M3 S30
G4 P0.2
G1 X91.41452416575923 Y247.025236666702 F300
G1 X91.04267874909699 Y246.6533912500398 F300
G1 X90.85675604076587 Y246.28151937504418 F300
G1 X90.85675604076587 Y245.7237512500508 F300
G1 X91.2286014574281 Y245.35190583338857 F300;svg > g > g > g#layer1 > polyline
M3 S90
G4 P0.2
G0 X93.64559666573275 Y247.025236666702
M3 S30
G4 P0.2
G1 X93.64559666573275 Y247.025236666702 F300
G1 X94.20339124905948 Y247.58300479169543 F300
G1 X94.5752366657217 Y248.14077291668877 F300
G1 X94.76115937405284 Y248.69854104168212 F300
G1 X94.76115937405284 Y249.07038645834442 F300
G1 X94.5752366657217 Y249.2563091666755 F300
G1 X94.20339124905948 Y249.07038645834442 F300
G1 X94.01744208239501 Y248.69854104168212 F300
G1 X92.34413770741487 Y243.67860145840845 F300
G1 X92.34413770741487 Y243.30675604174618 F300
G1 X92.53006041574601 Y243.12083333341508 F300
G1 X92.90190583240823 Y243.30675604174618 F300
G1 X93.08782854073937 Y243.86452416673953 F300
G1 X93.2737512490705 Y245.5378285417197 F300
G1 X93.45967395740163 Y245.35190583338857 F300
G1 X93.83151937406386 Y245.35190583338857 F300
G1 X94.20339124905948 Y245.5378285417197 F300
G1 X94.38931395739058 Y245.7237512500508 F300
G1 X94.76115937405284 Y246.28151937504418 F300;svg > g > g > g#layer1 > polyline
M3 S90
G4 P0.2
G0 X94.01744208239501 Y248.69854104168212
M3 S30
G4 P0.2
G1 X94.01744208239501 Y248.69854104168212 F300
G1 X93.83151937406386 Y247.76892750002648 F300
G1 X93.64559666573275 Y247.025236666702 F300
G1 X93.08782854073937 Y245.35190583338857 F300
G1 X92.71598312407713 Y244.42229229173293 F300
G1 X92.34413770741487 Y243.67860145840845 F300;svg > g > g > g#layer1 > polyline
M3 S90
G4 P0.2
G0 X97.73592270735084 Y246.28151937504418
M3 S30
G4 P0.2
G1 X97.73592270735084 Y246.28151937504418 F300
G1 X98.1077681240131 Y246.83931395837087 F300
G1 X98.47961354067535 Y247.58300479169543 F300;svg > g > g > g#layer1 > polyline
M3 S90
G4 P0.2
G0 X99.03738166566873 Y249.2563091666755
M3 S30
G4 P0.2
G1 X99.03738166566873 Y249.2563091666755 F300
G1 X97.92184541568197 Y245.90967395838192 F300
G1 X97.92184541568197 Y245.5378285417197 F300
G1 X98.29369083234421 Y245.35190583338857 F300
G1 X98.66553624900646 Y245.5378285417197 F300
G1 X98.85145895733761 Y245.7237512500508 F300
G1 X99.22330437399984 Y246.28151937504418 F300;svg > g > g > g#layer1 > polyline
M3 S90
G4 P0.2
G0 X99.22330437399984 Y249.2563091666755
M3 S30
G4 P0.2
G1 X99.22330437399984 Y249.2563091666755 F300
G1 X98.1077681240131 Y245.90967395838192 F300
G1 X98.1077681240131 Y245.5378285417197 F300
G1 X98.29369083234421 Y245.35190583338857 F300;svg > g > g > g#layer1 > line
M3 S90
G4 P0.2
G0 X98.1077681240131 Y247.76892750002648
M3 S30
G4 P0.2
G1 X99.22330437399984 Y247.76892750002648 F300;svg > g > g > g#layer1 > polyline
M3 S90
G4 P0.2
G0 X99.22330437399984 Y246.28151937504418
M3 S30
G4 P0.2
G1 X99.22330437399984 Y246.28151937504418 F300
G1 X99.5951497906621 Y246.83931395837087 F300
G1 X99.96699520732437 Y247.58300479169543 F300;svg > g > g > g#layer1 > line
M3 S90
G4 P0.2
G0 X100.52476333231773 Y249.2563091666755
M3 S30
G4 P0.2
G1 X99.22330437399984 Y245.35190583338857 F300;svg > g > g > g#layer1 > line
M3 S90
G4 P0.2
G0 X100.71068604064887 Y249.2563091666755
M3 S30
G4 P0.2
G1 X99.40922708233096 Y245.35190583338857 F300;svg > g > g > g#layer1 > polyline
M3 S90
G4 P0.2
G0 X99.78107249899324 Y246.46744208337535
M3 S30
G4 P0.2
G1 X99.78107249899324 Y246.46744208337535 F300
G1 X100.15291791565548 Y246.83931395837087 F300
G1 X100.52476333231773 Y247.025236666702 F300
G1 X100.71068604064887 Y247.025236666702 F300
G1 X101.08255791564446 Y246.83931395837087 F300
G1 X101.08255791564446 Y246.46744208337535 F300
G1 X100.89660874897997 Y245.90967395838192 F300
G1 X100.89660874897997 Y245.5378285417197 F300
G1 X101.08255791564446 Y245.35190583338857 F300;svg > g > g > g#layer1 > polyline
M3 S90
G4 P0.2
G0 X100.71068604064887 Y247.025236666702
M3 S30
G4 P0.2
G1 X100.71068604064887 Y247.025236666702 F300
G1 X100.89660874897997 Y246.83931395837087 F300
G1 X100.89660874897997 Y246.46744208337535 F300
G1 X100.71068604064887 Y245.90967395838192 F300
G1 X100.71068604064887 Y245.5378285417197 F300
G1 X101.08255791564446 Y245.35190583338857 F300
G1 X101.45440333230668 Y245.5378285417197 F300
G1 X101.64032604063782 Y245.7237512500508 F300
G1 X102.01217145730007 Y246.28151937504418 F300;svg > g > g > g#layer1 > polyline
M3 S90
G4 P0.2
G0 X102.56993958229344 Y245.7237512500508
M3 S30
G4 P0.2
G1 X102.56993958229344 Y245.7237512500508 F300
G1 X102.94178499895571 Y245.90967395838192 F300
G1 X103.12770770728682 Y246.09559666671308 F300
G1 X103.31363041561794 Y246.46744208337535 F300
G1 X103.31363041561794 Y246.83931395837087 F300
G1 X103.12770770728682 Y247.025236666702 F300
G1 X102.94178499895571 Y247.025236666702 F300
G1 X102.56993958229344 Y246.83931395837087 F300
G1 X102.38401687396231 Y246.6533912500398 F300
G1 X102.1980941656312 Y246.28151937504418 F300
G1 X102.1980941656312 Y245.90967395838192 F300
G1 X102.38401687396231 Y245.5378285417197 F300
G1 X102.75586229062456 Y245.35190583338857 F300
G1 X103.31363041561794 Y245.35190583338857 F300
G1 X103.87139854061134 Y245.7237512500508 F300
G1 X104.24324395727356 Y246.28151937504418 F300;svg > g > g > g#layer1 > polyline
M3 S90
G4 P0.2
G0 X102.94178499895571 Y247.025236666702
M3 S30
G4 P0.2
G1 X102.94178499895571 Y247.025236666702 F300
G1 X102.56993958229344 Y246.6533912500398 F300
G1 X102.38401687396231 Y246.28151937504418 F300
G1 X102.38401687396231 Y245.7237512500508 F300
G1 X102.75586229062456 Y245.35190583338857 F300;svg > g > g > g#layer1 > polyline
M3 S90
G4 P0.2
G0 X107.77577541556496 Y247.025236666702
M3 S30
G4 P0.2
G1 X107.77577541556496 Y247.025236666702 F300
G1 X108.33356999889168 Y247.58300479169543 F300
G1 X108.7054154155539 Y248.14077291668877 F300
G1 X108.89133812388505 Y248.69854104168212 F300
G1 X108.89133812388505 Y249.07038645834442 F300
G1 X108.7054154155539 Y249.2563091666755 F300
G1 X108.33356999889168 Y249.07038645834442 F300
G1 X108.14764729056054 Y248.69854104168212 F300
G1 X106.47431645724707 Y243.67860145840845 F300
G1 X106.47431645724707 Y243.30675604174618 F300
G1 X106.66023916557819 Y243.12083333341508 F300
G1 X107.03208458224046 Y243.30675604174618 F300
G1 X107.21800729057159 Y243.86452416673953 F300
G1 X107.40392999890271 Y245.5378285417197 F300
G1 X107.58985270723383 Y245.35190583338857 F300
G1 X107.9617245822294 Y245.35190583338857 F300
G1 X108.33356999889168 Y245.5378285417197 F300
G1 X108.5194927072228 Y245.7237512500508 F300
G1 X108.89133812388505 Y246.28151937504418 F300;svg > g > g > g#layer1 > polyline
M3 S90
G4 P0.2
G0 X108.14764729056054 Y248.69854104168212
M3 S30
G4 P0.2
G1 X108.14764729056054 Y248.69854104168212 F300
G1 X107.9617245822294 Y247.76892750002648 F300
G1 X107.77577541556496 Y247.025236666702 F300
G1 X107.21800729057159 Y245.35190583338857 F300
G1 X106.84616187390932 Y244.42229229173293 F300
G1 X106.47431645724707 Y243.67860145840845 F300;svg > g > g > g#layer1 > polyline
M3 S90
G4 P0.2
G0 X109.44910624887842 Y247.025236666702
M3 S30
G4 P0.2
G1 X109.44910624887842 Y247.025236666702 F300
G1 X109.07726083221618 Y245.90967395838192 F300
G1 X109.07726083221618 Y245.5378285417197 F300
G1 X109.44910624887842 Y245.35190583338857 F300
G1 X109.63502895720953 Y245.35190583338857 F300
G1 X110.00687437387181 Y245.5378285417197 F300
G1 X110.37871979053402 Y245.90967395838192 F300
G1 X110.75056520719632 Y246.46744208337535 F300;svg > g > g > g#layer1 > polyline
M3 S90
G4 P0.2
G0 X109.63502895720953 Y247.025236666702
M3 S30
G4 P0.2
G1 X109.63502895720953 Y247.025236666702 F300
G1 X109.26318354054732 Y245.90967395838192 F300
G1 X109.26318354054732 Y245.5378285417197 F300
G1 X109.44910624887842 Y245.35190583338857 F300;svg > g > g > g#layer1 > polyline
M3 S90
G4 P0.2
G0 X110.93648791552745 Y247.025236666702
M3 S30
G4 P0.2
G1 X110.93648791552745 Y247.025236666702 F300
G1 X110.56464249886518 Y245.90967395838192 F300
G1 X110.56464249886518 Y245.5378285417197 F300
G1 X110.93648791552745 Y245.35190583338857 F300
G1 X111.30833333218966 Y245.5378285417197 F300
G1 X111.49425604052081 Y245.7237512500508 F300
G1 X111.86610145718305 Y246.28151937504418 F300;svg > g > g > g#layer1 > polyline
M3 S90
G4 P0.2
G0 X111.12241062385856 Y247.025236666702
M3 S30
G4 P0.2
G1 X111.12241062385856 Y247.025236666702 F300
G1 X110.75056520719632 Y245.90967395838192 F300
G1 X110.75056520719632 Y245.5378285417197 F300
G1 X110.93648791552745 Y245.35190583338857 F300;svg > g > g > g#layer1 > polyline
M3 S90
G4 P0.2
G0 X111.86610145718305 Y246.28151937504418
M3 S30
G4 P0.2
G1 X111.86610145718305 Y246.28151937504418 F300
G1 X112.23794687384529 Y246.83931395837087 F300
G1 X112.60979229050757 Y247.025236666702 F300
G1 X112.9816377071698 Y246.83931395837087 F300
G1 X112.9816377071698 Y246.46744208337535 F300
G1 X112.60979229050757 Y245.35190583338857 F300;svg > g > g > g#layer1 > polyline
M3 S90
G4 P0.2
G0 X112.60979229050757 Y247.025236666702
M3 S30
G4 P0.2
G1 X112.60979229050757 Y247.025236666702 F300
G1 X112.79571499883869 Y246.83931395837087 F300
G1 X112.79571499883869 Y246.46744208337535 F300
G1 X112.42386958217644 Y245.35190583338857 F300;svg > g > g > g#layer1 > polyline
M3 S90
G4 P0.2
G0 X112.9816377071698 Y246.46744208337535
M3 S30
G4 P0.2
G1 X112.9816377071698 Y246.46744208337535 F300
G1 X113.35348312383205 Y246.83931395837087 F300
G1 X113.72532854049432 Y247.025236666702 F300
G1 X113.91125124882542 Y247.025236666702 F300
G1 X114.28309666548768 Y246.83931395837087 F300
G1 X114.28309666548768 Y246.46744208337535 F300
G1 X114.09717395715657 Y245.90967395838192 F300
G1 X114.09717395715657 Y245.5378285417197 F300
G1 X114.28309666548768 Y245.35190583338857 F300;svg > g > g > g#layer1 > polyline
M3 S90
G4 P0.2
G0 X113.91125124882542 Y247.025236666702
M3 S30
G4 P0.2
G1 X113.91125124882542 Y247.025236666702 F300
G1 X114.09717395715657 Y246.83931395837087 F300
G1 X114.09717395715657 Y246.46744208337535 F300
G1 X113.91125124882542 Y245.90967395838192 F300
G1 X113.91125124882542 Y245.5378285417197 F300
G1 X114.28309666548768 Y245.35190583338857 F300
G1 X114.65494208214992 Y245.5378285417197 F300
G1 X114.8408912488144 Y245.7237512500508 F300
G1 X115.21273666547664 Y246.28151937504418 F300;svg > g > g > g#layer1 > polyline
M3 S90
G4 P0.2
G0 X116.70011833212564 Y246.83931395837087
M3 S30
G4 P0.2
G1 X116.70011833212564 Y246.83931395837087 F300
G1 X116.51419562379454 Y246.6533912500398 F300
G1 X116.70011833212564 Y246.6533912500398 F300
G1 X116.70011833212564 Y246.83931395837087 F300
G1 X116.51419562379454 Y247.025236666702 F300
G1 X116.14235020713228 Y247.025236666702 F300
G1 X115.77050479047 Y246.83931395837087 F300
G1 X115.5845820821389 Y246.6533912500398 F300
G1 X115.39865937380777 Y246.28151937504418 F300
G1 X115.39865937380777 Y245.90967395838192 F300
G1 X115.5845820821389 Y245.5378285417197 F300
G1 X115.95642749880113 Y245.35190583338857 F300
G1 X116.51419562379454 Y245.35190583338857 F300
G1 X117.0719637487879 Y245.7237512500508 F300
G1 X117.44380916545016 Y246.28151937504418 F300;svg > g > g > g#layer1 > polyline
M3 S90
G4 P0.2
G0 X116.14235020713228 Y247.025236666702
M3 S30
G4 P0.2
G1 X116.14235020713228 Y247.025236666702 F300
G1 X115.77050479047 Y246.6533912500398 F300
G1 X115.5845820821389 Y246.28151937504418 F300
G1 X115.5845820821389 Y245.7237512500508 F300
G1 X115.95642749880113 Y245.35190583338857 F300;svg > g > g > g#layer1 > polyline
M3 S90
G4 P0.2
G0 X117.44380916545016 Y246.28151937504418
M3 S30
G4 P0.2
G1 X117.44380916545016 Y246.28151937504418 F300
G1 X117.8156545821124 Y246.83931395837087 F300
G1 X118.18749999877465 Y247.58300479169543 F300;svg > g > g > g#layer1 > polyline
M3 S90
G4 P0.2
G0 X118.74526812376803 Y249.2563091666755
M3 S30
G4 P0.2
G1 X118.74526812376803 Y249.2563091666755 F300
G1 X117.62973187378127 Y245.90967395838192 F300
G1 X117.62973187378127 Y245.5378285417197 F300
G1 X118.00157729044352 Y245.35190583338857 F300
G1 X118.37342270710577 Y245.5378285417197 F300
G1 X118.55934541543691 Y245.7237512500508 F300
G1 X118.93119083209913 Y246.28151937504418 F300;svg > g > g > g#layer1 > polyline
M3 S90
G4 P0.2
G0 X118.93119083209913 Y249.2563091666755
M3 S30
G4 P0.2
G1 X118.93119083209913 Y249.2563091666755 F300
G1 X117.8156545821124 Y245.90967395838192 F300
G1 X117.8156545821124 Y245.5378285417197 F300
G1 X118.00157729044352 Y245.35190583338857 F300;svg > g > g > g#layer1 > line
M3 S90
G4 P0.2
G0 X117.8156545821124 Y247.76892750002648
M3 S30
G4 P0.2
G1 X118.93119083209913 Y247.76892750002648 F300;svg > g > g > g#layer1 > polygon
M3 S90
G4 P0.2
G0 X119.86080437375476 Y248.14077291668877
M3 S30
G4 P0.2
G1 X119.86080437375476 Y248.14077291668877 F300
G1 X119.67488166542365 Y247.95485020835764 F300
G1 X119.86080437375476 Y247.76892750002648 F300
G1 X120.0467270820859 Y247.95485020835764 F300
G1 X119.86080437375476 Y248.14077291668877 F300;svg > g > g > g#layer1 > polyline
M3 S90
G4 P0.2
G0 X119.48895895709254 Y247.025236666702
M3 S30
G4 P0.2
G1 X119.48895895709254 Y247.025236666702 F300
G1 X119.1171135404303 Y245.90967395838192 F300
G1 X119.1171135404303 Y245.5378285417197 F300
G1 X119.48895895709254 Y245.35190583338857 F300
G1 X119.86080437375476 Y245.5378285417197 F300
G1 X120.0467270820859 Y245.7237512500508 F300
G1 X120.41857249874816 Y246.28151937504418 F300;svg > g > g > g#layer1 > polyline
M3 S90
G4 P0.2
G0 X119.67488166542365 Y247.025236666702
M3 S30
G4 P0.2
G1 X119.67488166542365 Y247.025236666702 F300
G1 X119.3030362487614 Y245.90967395838192 F300
G1 X119.3030362487614 Y245.5378285417197 F300
G1 X119.48895895709254 Y245.35190583338857 F300;svg > g > g > g#layer1 > polyline
M3 S90
G4 P0.2
G0 X121.72005791539938 Y247.025236666702
M3 S30
G4 P0.2
G1 X121.72005791539938 Y247.025236666702 F300
G1 X121.34818604040379 Y247.025236666702 F300
G1 X120.97634062374154 Y246.83931395837087 F300
G1 X120.7904179154104 Y246.6533912500398 F300
G1 X120.6044952070793 Y246.28151937504418 F300
G1 X120.6044952070793 Y245.90967395838192 F300
G1 X120.7904179154104 Y245.5378285417197 F300
G1 X121.16226333207267 Y245.35190583338857 F300
G1 X121.5341087487349 Y245.35190583338857 F300
G1 X121.90598062373051 Y245.5378285417197 F300
G1 X122.09190333206162 Y245.7237512500508 F300
G1 X122.27782604039275 Y246.09559666671308 F300
G1 X122.27782604039275 Y246.46744208337535 F300
G1 X122.09190333206162 Y246.83931395837087 F300
G1 X121.72005791539938 Y247.025236666702 F300
G1 X121.5341087487349 Y246.83931395837087 F300
G1 X121.5341087487349 Y246.46744208337535 F300
G1 X121.72005791539938 Y246.09559666671308 F300
G1 X122.09190333206162 Y245.90967395838192 F300
G1 X122.46374874872387 Y245.90967395838192 F300
G1 X122.83559416538614 Y246.09559666671308 F300
G1 X123.02151687371725 Y246.28151937504418 F300;svg > g > g > g#layer1 > polyline
M3 S90
G4 P0.2
G0 X121.34818604040379 Y247.025236666702
M3 S30
G4 P0.2
G1 X121.34818604040379 Y247.025236666702 F300
G1 X120.97634062374154 Y246.6533912500398 F300
G1 X120.7904179154104 Y246.28151937504418 F300
G1 X120.7904179154104 Y245.7237512500508 F300
G1 X121.16226333207267 Y245.35190583338857 F300;svg > g > g > g#layer1 > polyline
M3 S90
G4 P0.2
G0 X123.02151687371725 Y246.28151937504418
M3 S30
G4 P0.2
G1 X123.02151687371725 Y246.28151937504418 F300
G1 X123.3933622903795 Y246.83931395837087 F300
G1 X123.76520770704175 Y247.025236666702 F300
G1 X124.137053123704 Y246.83931395837087 F300
G1 X124.137053123704 Y246.46744208337535 F300
G1 X123.76520770704175 Y245.35190583338857 F300;svg > g > g > g#layer1 > polyline
M3 S90
G4 P0.2
G0 X123.76520770704175 Y247.025236666702
M3 S30
G4 P0.2
G1 X123.76520770704175 Y247.025236666702 F300
G1 X123.95113041537289 Y246.83931395837087 F300
G1 X123.95113041537289 Y246.46744208337535 F300
G1 X123.5792849987106 Y245.35190583338857 F300;svg > g > g > g#layer1 > polyline
M3 S90
G4 P0.2
G0 X124.137053123704 Y246.46744208337535
M3 S30
G4 P0.2
G1 X124.137053123704 Y246.46744208337535 F300
G1 X124.50889854036625 Y246.83931395837087 F300
G1 X124.88074395702851 Y247.025236666702 F300
G1 X125.06666666535962 Y247.025236666702 F300
G1 X125.43851208202189 Y246.83931395837087 F300
G1 X125.43851208202189 Y246.46744208337535 F300
G1 X125.25258937369074 Y245.90967395838192 F300
G1 X125.25258937369074 Y245.5378285417197 F300
G1 X125.43851208202189 Y245.35190583338857 F300;svg > g > g > g#layer1 > polyline
M3 S90
G4 P0.2
G0 X125.06666666535962 Y247.025236666702
M3 S30
G4 P0.2
G1 X125.06666666535962 Y247.025236666702 F300
G1 X125.25258937369074 Y246.83931395837087 F300
G1 X125.25258937369074 Y246.46744208337535 F300
G1 X125.06666666535962 Y245.90967395838192 F300
G1 X125.06666666535962 Y245.5378285417197 F300
G1 X125.43851208202189 Y245.35190583338857 F300
G1 X125.81035749868413 Y245.5378285417197 F300
G1 X125.99628020701526 Y245.7237512500508 F300
G1 X126.36812562367753 Y246.28151937504418 F300;svg > g > g > g#layer1 > polyline
M3 S90
G4 P0.2
G0 X132.87544687360023 Y247.025236666702
M3 S30
G4 P0.2
G1 X132.87544687360023 Y247.025236666702 F300
G1 X132.503601456938 Y245.90967395838192 F300
G1 X132.503601456938 Y245.5378285417197 F300
G1 X132.87544687360023 Y245.35190583338857 F300
G1 X133.0613695819314 Y245.35190583338857 F300
G1 X133.43321499859363 Y245.5378285417197 F300
G1 X133.80506041525584 Y245.90967395838192 F300
G1 X134.1769058319181 Y246.46744208337535 F300;svg > g > g > g#layer1 > polyline
M3 S90
G4 P0.2
G0 X133.0613695819314 Y247.025236666702
M3 S30
G4 P0.2
G1 X133.0613695819314 Y247.025236666702 F300
G1 X132.68952416526912 Y245.90967395838192 F300
G1 X132.68952416526912 Y245.5378285417197 F300
G1 X132.87544687360023 Y245.35190583338857 F300;svg > g > g > g#layer1 > line
M3 S90
G4 P0.2
G0 X134.36282854024924 Y247.025236666702
M3 S30
G4 P0.2
G1 X133.24729229026246 Y243.67860145840845 F300;svg > g > g > g#layer1 > polyline
M3 S90
G4 P0.2
G0 X134.54875124858037 Y247.025236666702
M3 S30
G4 P0.2
G1 X134.54875124858037 Y247.025236666702 F300
G1 X133.99098312358697 Y245.35190583338857 F300
G1 X133.61913770692473 Y244.42229229173293 F300
G1 X133.24729229026246 Y243.67860145840845 F300
G1 X133.0613695819314 Y243.30675604174618 F300
G1 X132.68952416526912 Y243.12083333341508 F300
G1 X132.503601456938 Y243.30675604174618 F300
G1 X132.503601456938 Y243.67860145840845 F300
G1 X132.68952416526912 Y244.2363695834018 F300
G1 X133.0613695819314 Y244.60821500006406 F300
G1 X133.61913770692473 Y244.9800604167263 F300
G1 X134.36282854024924 Y245.35190583338857 F300
G1 X134.9205966652426 Y245.7237512500508 F300
G1 X135.29244208190485 Y246.28151937504418 F300;svg > g > g > g#layer1 > line
M3 S90
G4 P0.2
G0 X139.0109227068607 Y247.58300479169543
M3 S30
G4 P0.2
G1 X142.3575579151543 Y247.58300479169543 F300;svg > g > g > g#layer1 > line
M3 S90
G4 P0.2
G0 X139.0109227068607 Y246.46744208337535
M3 S30
G4 P0.2
G1 X142.3575579151543 Y246.46744208337535 F300;svg > g > g > g#layer1 > polyline
M3 S90
G4 P0.2
G0 X146.63378020677018 Y247.025236666702
M3 S30
G4 P0.2
G1 X146.63378020677018 Y247.025236666702 F300
G1 X147.19154833176356 Y247.58300479169543 F300
G1 X147.5633937484258 Y248.14077291668877 F300
G1 X147.74931645675693 Y248.69854104168212 F300
G1 X147.74931645675693 Y249.07038645834442 F300
G1 X147.5633937484258 Y249.2563091666755 F300
G1 X147.19154833176356 Y249.07038645834442 F300
G1 X147.00562562343245 Y248.69854104168212 F300
G1 X145.3323212484523 Y243.67860145840845 F300
G1 X145.3323212484523 Y243.30675604174618 F300
G1 X145.5182439567834 Y243.12083333341508 F300
G1 X145.8900893734457 Y243.30675604174618 F300
G1 X146.0760120817768 Y243.86452416673953 F300
G1 X146.26193479010794 Y245.5378285417197 F300
G1 X146.44785749843905 Y245.35190583338857 F300
G1 X146.81970291510132 Y245.35190583338857 F300
G1 X147.19154833176356 Y245.5378285417197 F300
G1 X147.3774710400947 Y245.7237512500508 F300
G1 X147.74931645675693 Y246.28151937504418 F300;svg > g > g > g#layer1 > polyline
M3 S90
G4 P0.2
G0 X147.00562562343245 Y248.69854104168212
M3 S30
G4 P0.2
G1 X147.00562562343245 Y248.69854104168212 F300
G1 X146.81970291510132 Y247.76892750002648 F300
G1 X146.63378020677018 Y247.025236666702 F300
G1 X146.0760120817768 Y245.35190583338857 F300
G1 X145.70416666511454 Y244.42229229173293 F300
G1 X145.3323212484523 Y243.67860145840845 F300;svg > g > g > g#layer1 > polyline
M3 S90
G4 P0.2
G0 X150.53818354005716 Y250.00000000000006
M3 S30
G4 P0.2
G1 X150.53818354005716 Y250.00000000000006 F300
G1 X149.79449270673265 Y249.44223187500668 F300
G1 X149.23672458173928 Y248.88446375001328 F300
G1 X148.86485270674368 Y248.3266956250199 F300
G1 X148.49300729008144 Y247.58300479169543 F300
G1 X148.30708458175033 Y246.6533912500398 F300
G1 X148.30708458175033 Y245.90967395838192 F300
G1 X148.49300729008144 Y244.9800604167263 F300
G1 X148.67892999841257 Y244.42229229173293 F300
G1 X148.86485270674368 Y244.05044687507072 F300;svg > g > g > g#layer1 > polyline
M3 S90
G4 P0.2
G0 X149.79449270673265 Y249.44223187500668
M3 S30
G4 P0.2
G1 X149.79449270673265 Y249.44223187500668 F300
G1 X149.23672458173928 Y248.69854104168212 F300
G1 X148.86485270674368 Y247.95485020835764 F300
G1 X148.67892999841257 Y247.39708208336427 F300
G1 X148.49300729008144 Y246.46744208337535 F300
G1 X148.49300729008144 Y245.5378285417197 F300
G1 X148.67892999841257 Y244.60821500006406 F300
G1 X148.86485270674368 Y244.05044687507072 F300;svg > g > g > g#layer1 > polyline
M3 S90
G4 P0.2
G0 X150.53818354005716 Y246.28151937504418
M3 S30
G4 P0.2
G1 X150.53818354005716 Y246.28151937504418 F300
G1 X150.9100289567194 Y246.83931395837087 F300
G1 X151.2818743733816 Y247.58300479169543 F300;svg > g > g > g#layer1 > polyline
M3 S90
G4 P0.2
G0 X151.83964249837504 Y249.2563091666755
M3 S30
G4 P0.2
G1 X151.83964249837504 Y249.2563091666755 F300
G1 X150.72410624838824 Y245.90967395838192 F300
G1 X150.72410624838824 Y245.5378285417197 F300
G1 X151.09595166505053 Y245.35190583338857 F300
G1 X151.4677970817128 Y245.5378285417197 F300
G1 X151.65371979004388 Y245.7237512500508 F300
G1 X152.02556520670615 Y246.28151937504418 F300;svg > g > g > g#layer1 > polyline
M3 S90
G4 P0.2
G0 X152.02556520670615 Y249.2563091666755
M3 S30
G4 P0.2
G1 X152.02556520670615 Y249.2563091666755 F300
G1 X150.9100289567194 Y245.90967395838192 F300
G1 X150.9100289567194 Y245.5378285417197 F300
G1 X151.09595166505053 Y245.35190583338857 F300;svg > g > g > g#layer1 > line
M3 S90
G4 P0.2
G0 X150.9100289567194 Y247.76892750002648
M3 S30
G4 P0.2
G1 X152.02556520670615 Y247.76892750002648 F300;svg > g > g > g#layer1 > polyline
M3 S90
G4 P0.2
G0 X153.69886958168624 Y250.00000000000006
M3 S30
G4 P0.2
G1 X153.69886958168624 Y250.00000000000006 F300
G1 X153.88479229001743 Y249.62815458333776 F300
G1 X154.0707149983485 Y249.07038645834442 F300
G1 X154.25663770667967 Y248.14077291668877 F300
G1 X154.25663770667967 Y247.39708208336427 F300
G1 X154.0707149983485 Y246.46744208337535 F300
G1 X153.69886958168624 Y245.7237512500508 F300
G1 X153.32702416502403 Y245.16598312505744 F300
G1 X152.76925604003065 Y244.60821500006406 F300
G1 X152.02556520670615 Y244.05044687507072 F300;svg > g > g > g#layer1 > polyline
M3 S90
G4 P0.2
G0 X153.69886958168624 Y250.00000000000006
M3 S30
G4 P0.2
G1 X153.69886958168624 Y250.00000000000006 F300
G1 X153.88479229001743 Y249.44223187500668 F300
G1 X154.0707149983485 Y248.51261833335107 F300
G1 X154.0707149983485 Y247.58300479169543 F300
G1 X153.88479229001743 Y246.6533912500398 F300
G1 X153.69886958168624 Y246.09559666671308 F300
G1 X153.32702416502403 Y245.35190583338857 F300
G1 X152.76925604003065 Y244.60821500006406 F300;svg > g > g > g#layer1 > line
M3 S90
G4 P0.2
G0 X155.55809666499755 Y247.58300479169543
M3 S30
G4 P0.2
G1 X158.90473187329113 Y247.58300479169543 F300;svg > g > g > g#layer1 > line
M3 S90
G4 P0.2
G0 X155.55809666499755 Y246.46744208337535
M3 S30
G4 P0.2
G1 X158.90473187329113 Y246.46744208337535 F300;svg > g > g > g#layer1 > polyline
M3 S90
G4 P0.2
G0 X162.62318603991366 Y246.28151937504418
M3 S30
G4 P0.2
G1 X162.62318603991366 Y246.28151937504418 F300
G1 X162.9950579149092 Y246.83931395837087 F300
G1 X163.36690333157148 Y247.58300479169543 F300;svg > g > g > g#layer1 > polyline
M3 S90
G4 P0.2
G0 X163.92467145656482 Y249.2563091666755
M3 S30
G4 P0.2
G1 X163.92467145656482 Y249.2563091666755 F300
G1 X162.80910874824474 Y245.90967395838192 F300
G1 X162.80910874824474 Y245.5378285417197 F300
G1 X163.18098062324034 Y245.35190583338857 F300
G1 X163.5528260399026 Y245.5378285417197 F300
G1 X163.73874874823372 Y245.7237512500508 F300
G1 X164.11059416489599 Y246.28151937504418 F300;svg > g > g > g#layer1 > polyline
M3 S90
G4 P0.2
G0 X164.11059416489599 Y249.2563091666755
M3 S30
G4 P0.2
G1 X164.11059416489599 Y249.2563091666755 F300
G1 X162.9950579149092 Y245.90967395838192 F300
G1 X162.9950579149092 Y245.5378285417197 F300
G1 X163.18098062324034 Y245.35190583338857 F300;svg > g > g > g#layer1 > line
M3 S90
G4 P0.2
G0 X162.9950579149092 Y247.76892750002648
M3 S30
G4 P0.2
G1 X164.11059416489599 Y247.76892750002648 F300;svg > g > g > g#layer1 > polyline
M3 S90
G4 P0.2
G0 X165.22613041488273 Y248.14077291668877
M3 S30
G4 P0.2
G1 X165.22613041488273 Y248.14077291668877 F300
G1 X165.59797583154497 Y248.69854104168212 F300
G1 X165.96982124820724 Y248.14077291668877 F300;svg > g > g > g#layer1 > polyline
M3 S90
G4 P0.2
G0 X164.66836228988936 Y247.58300479169543
M3 S30
G4 P0.2
G1 X164.66836228988936 Y247.58300479169543 F300
G1 X165.59797583154497 Y248.51261833335107 F300
G1 X166.5275893732006 Y247.58300479169543 F300;svg > g > g > g#layer1 > line
M3 S90
G4 P0.2
G0 X165.59797583154497 Y248.51261833335107
M3 S30
G4 P0.2
G1 X165.59797583154497 Y245.35190583338857 F300;svg > g > g > g#layer1 > polyline
M3 S90
G4 P0.2
G0 X168.3868164565118 Y248.51261833335107
M3 S30
G4 P0.2
G1 X168.3868164565118 Y248.51261833335107 F300
G1 X168.572739164843 Y248.3266956250199 F300
G1 X168.3868164565118 Y248.14077291668877 F300
G1 X168.20089374818073 Y248.3266956250199 F300
G1 X168.20089374818073 Y248.51261833335107 F300
G1 X168.3868164565118 Y248.88446375001328 F300
G1 X168.572739164843 Y249.07038645834442 F300
G1 X169.13050728983637 Y249.2563091666755 F300
G1 X169.68827541482972 Y249.2563091666755 F300
G1 X170.24606999815643 Y249.07038645834442 F300
G1 X170.4319927064876 Y248.69854104168212 F300
G1 X170.4319927064876 Y248.3266956250199 F300
G1 X170.24606999815643 Y247.95485020835764 F300
G1 X169.68827541482972 Y247.58300479169543 F300
G1 X169.13050728983637 Y247.39708208336427 F300;svg > g > g > g#layer1 > polyline
M3 S90
G4 P0.2
G0 X169.68827541482972 Y249.2563091666755
M3 S30
G4 P0.2
G1 X169.68827541482972 Y249.2563091666755 F300
G1 X170.06014728982532 Y249.07038645834442 F300
G1 X170.24606999815643 Y248.69854104168212 F300
G1 X170.24606999815643 Y248.3266956250199 F300
G1 X170.06014728982532 Y247.95485020835764 F300
G1 X169.68827541482972 Y247.58300479169543 F300;svg > g > g > g#layer1 > polyline
M3 S90
G4 P0.2
G0 X168.7586618731741 Y247.39708208336427
M3 S30
G4 P0.2
G1 X168.7586618731741 Y247.39708208336427 F300
G1 X169.13050728983637 Y247.39708208336427 F300
G1 X169.68827541482972 Y247.21115937503313 F300
G1 X169.8742245814942 Y247.025236666702 F300
G1 X170.06014728982532 Y246.6533912500398 F300
G1 X170.06014728982532 Y246.09559666671308 F300
G1 X169.8742245814942 Y245.7237512500508 F300
G1 X169.68827541482972 Y245.5378285417197 F300
G1 X169.13050728983637 Y245.35190583338857 F300
G1 X168.3868164565118 Y245.35190583338857 F300
G1 X167.82904833151846 Y245.5378285417197 F300
G1 X167.64312562318736 Y245.7237512500508 F300
G1 X167.4572029148562 Y246.09559666671308 F300
G1 X167.4572029148562 Y246.28151937504418 F300
G1 X167.64312562318736 Y246.46744208337535 F300
G1 X167.82904833151846 Y246.28151937504418 F300
G1 X167.64312562318736 Y246.09559666671308 F300;svg > g > g > g#layer1 > polyline
M3 S90
G4 P0.2
G0 X169.13050728983637 Y247.39708208336427
M3 S30
G4 P0.2
G1 X169.13050728983637 Y247.39708208336427 F300
G1 X169.50235270649864 Y247.21115937503313 F300
G1 X169.68827541482972 Y247.025236666702 F300
G1 X169.8742245814942 Y246.6533912500398 F300
G1 X169.8742245814942 Y246.09559666671308 F300
G1 X169.68827541482972 Y245.7237512500508 F300
G1 X169.50235270649864 Y245.5378285417197 F300
G1 X169.13050728983637 Y245.35190583338857 F300;svg > g > g > g#layer1 > polyline
M3 S90
G4 P0.2
G0 X177.49708208140368 Y247.025236666702
M3 S30
G4 P0.2
G1 X177.49708208140368 Y247.025236666702 F300
G1 X177.1252366647414 Y245.90967395838192 F300
G1 X177.1252366647414 Y245.5378285417197 F300
G1 X177.49708208140368 Y245.35190583338857 F300
G1 X177.68300478973478 Y245.35190583338857 F300
G1 X178.05485020639705 Y245.5378285417197 F300
G1 X178.4266956230593 Y245.90967395838192 F300
G1 X178.79854103972156 Y246.46744208337535 F300;svg > g > g > g#layer1 > polyline
M3 S90
G4 P0.2
G0 X177.68300478973478 Y247.025236666702
M3 S30
G4 P0.2
G1 X177.68300478973478 Y247.025236666702 F300
G1 X177.31115937307257 Y245.90967395838192 F300
G1 X177.31115937307257 Y245.5378285417197 F300
G1 X177.49708208140368 Y245.35190583338857 F300;svg > g > g > g#layer1 > polyline
M3 S90
G4 P0.2
G0 X178.9844637480527 Y247.025236666702
M3 S30
G4 P0.2
G1 X178.9844637480527 Y247.025236666702 F300
G1 X178.61261833139042 Y245.90967395838192 F300
G1 X178.61261833139042 Y245.5378285417197 F300
G1 X178.9844637480527 Y245.35190583338857 F300
G1 X179.35630916471493 Y245.5378285417197 F300
G1 X179.54223187304603 Y245.7237512500508 F300
G1 X179.9140772897083 Y246.28151937504418 F300;svg > g > g > g#layer1 > polyline
M3 S90
G4 P0.2
G0 X179.17038645638377 Y247.025236666702
M3 S30
G4 P0.2
G1 X179.17038645638377 Y247.025236666702 F300
G1 X178.79854103972156 Y245.90967395838192 F300
G1 X178.79854103972156 Y245.5378285417197 F300
G1 X178.9844637480527 Y245.35190583338857 F300;svg > g > g > g#layer1 > polyline
M3 S90
G4 P0.2
G0 X179.9140772897083 Y246.28151937504418
M3 S30
G4 P0.2
G1 X179.9140772897083 Y246.28151937504418 F300
G1 X180.28592270637057 Y246.83931395837087 F300
G1 X180.47184541470165 Y247.21115937503313 F300
G1 X180.47184541470165 Y246.83931395837087 F300
G1 X181.02961353969505 Y246.46744208337535 F300
G1 X181.21553624802618 Y246.09559666671308 F300
G1 X181.21553624802618 Y245.7237512500508 F300
G1 X181.02961353969505 Y245.5378285417197 F300
G1 X180.65776812303284 Y245.35190583338857 F300;svg > g > g > g#layer1 > polyline
M3 S90
G4 P0.2
G0 X180.47184541470165 Y246.83931395837087
M3 S30
G4 P0.2
G1 X180.47184541470165 Y246.83931395837087 F300
G1 X180.84369083136392 Y246.46744208337535 F300
G1 X181.02961353969505 Y246.09559666671308 F300
G1 X181.02961353969505 Y245.7237512500508 F300
G1 X180.65776812303284 Y245.35190583338857 F300;svg > g > g > g#layer1 > polyline
M3 S90
G4 P0.2
G0 X179.9140772897083 Y245.5378285417197
M3 S30
G4 P0.2
G1 X179.9140772897083 Y245.5378285417197 F300
G1 X180.28592270637057 Y245.35190583338857 F300
G1 X181.21553624802618 Y245.35190583338857 F300
G1 X181.77330437301956 Y245.7237512500508 F300
G1 X182.14514978968182 Y246.28151937504418 F300;svg > g > g > g#layer1 > polygon
M3 S90
G4 P0.2
G0 X183.07476333133746 Y248.14077291668877
M3 S30
G4 P0.2
G1 X183.07476333133746 Y248.14077291668877 F300
G1 X182.88884062300627 Y247.95485020835764 F300
G1 X183.07476333133746 Y247.76892750002648 F300
G1 X183.26068603966854 Y247.95485020835764 F300
G1 X183.07476333133746 Y248.14077291668877 F300;svg > g > g > g#layer1 > polyline
M3 S90
G4 P0.2
G0 X182.7029179146752 Y247.025236666702
M3 S30
G4 P0.2
G1 X182.7029179146752 Y247.025236666702 F300
G1 X182.33107249801293 Y245.90967395838192 F300
G1 X182.33107249801293 Y245.5378285417197 F300
G1 X182.7029179146752 Y245.35190583338857 F300
G1 X183.07476333133746 Y245.5378285417197 F300
G1 X183.26068603966854 Y245.7237512500508 F300
G1 X183.63255791466418 Y246.28151937504418 F300;svg > g > g > g#layer1 > polyline
M3 S90
G4 P0.2
G0 X182.88884062300627 Y247.025236666702
M3 S30
G4 P0.2
G1 X182.88884062300627 Y247.025236666702 F300
G1 X182.51699520634403 Y245.90967395838192 F300
G1 X182.51699520634403 Y245.5378285417197 F300
G1 X182.7029179146752 Y245.35190583338857 F300;svg > g > g > g#layer1 > polyline
M3 S90
G4 P0.2
G0 X183.63255791466418 Y246.28151937504418
M3 S30
G4 P0.2
G1 X183.63255791466418 Y246.28151937504418 F300
G1 X184.0044033313264 Y246.83931395837087 F300
G1 X184.37624874798863 Y247.025236666702 F300
G1 X184.74809416465087 Y246.83931395837087 F300
G1 X184.74809416465087 Y246.46744208337535 F300
G1 X184.37624874798863 Y245.35190583338857 F300;svg > g > g > g#layer1 > polyline
M3 S90
G4 P0.2
G0 X184.37624874798863 Y247.025236666702
M3 S30
G4 P0.2
G1 X184.37624874798863 Y247.025236666702 F300
G1 X184.56217145631982 Y246.83931395837087 F300
G1 X184.56217145631982 Y246.46744208337535 F300
G1 X184.19032603965752 Y245.35190583338857 F300;svg > g > g > g#layer1 > polyline
M3 S90
G4 P0.2
G0 X184.74809416465087 Y246.46744208337535
M3 S30
G4 P0.2
G1 X184.74809416465087 Y246.46744208337535 F300
G1 X185.11993958131313 Y246.83931395837087 F300
G1 X185.49178499797546 Y247.025236666702 F300
G1 X185.6777077063065 Y247.025236666702 F300
G1 X186.04955312296875 Y246.83931395837087 F300
G1 X186.04955312296875 Y246.46744208337535 F300
G1 X185.86363041463767 Y245.90967395838192 F300
G1 X185.86363041463767 Y245.5378285417197 F300
G1 X186.04955312296875 Y245.35190583338857 F300;svg > g > g > g#layer1 > polyline
M3 S90
G4 P0.2
G0 X185.6777077063065 Y247.025236666702
M3 S30
G4 P0.2
G1 X185.6777077063065 Y247.025236666702 F300
G1 X185.86363041463767 Y246.83931395837087 F300
G1 X185.86363041463767 Y246.46744208337535 F300
G1 X185.6777077063065 Y245.90967395838192 F300
G1 X185.6777077063065 Y245.5378285417197 F300
G1 X186.04955312296875 Y245.35190583338857 F300
G1 X186.421398539631 Y245.5378285417197 F300
G1 X186.60732124796215 Y245.7237512500508 F300
G1 X186.9791666646244 Y246.28151937504418 F300;svg > g > g > g#layer1 > polyline
M3 S90
G4 P0.2
G0 X188.83839374793564 Y246.46744208337535
M3 S30
G4 P0.2
G1 X188.83839374793564 Y246.46744208337535 F300
G1 X188.65247103960454 Y246.83931395837087 F300
G1 X188.2806256229423 Y247.025236666702 F300
G1 X187.90878020628003 Y247.025236666702 F300
G1 X187.5369347896178 Y246.83931395837087 F300
G1 X187.35101208128665 Y246.6533912500398 F300
G1 X187.16508937295552 Y246.28151937504418 F300
G1 X187.16508937295552 Y245.90967395838192 F300
G1 X187.35101208128665 Y245.5378285417197 F300
G1 X187.7228574979489 Y245.35190583338857 F300
G1 X188.09470291461113 Y245.35190583338857 F300
G1 X188.46654833127337 Y245.5378285417197 F300
G1 X188.65247103960454 Y245.90967395838192 F300;svg > g > g > g#layer1 > polyline
M3 S90
G4 P0.2
G0 X187.90878020628003 Y247.025236666702
M3 S30
G4 P0.2
G1 X187.90878020628003 Y247.025236666702 F300
G1 X187.5369347896178 Y246.6533912500398 F300
G1 X187.35101208128665 Y246.28151937504418 F300
G1 X187.35101208128665 Y245.7237512500508 F300
G1 X187.7228574979489 Y245.35190583338857 F300;svg > g > g > g#layer1 > line
M3 S90
G4 P0.2
G0 X189.02431645626677 Y247.025236666702
M3 S30
G4 P0.2
G1 X187.90878020628003 Y243.67860145840845 F300;svg > g > g > g#layer1 > polyline
M3 S90
G4 P0.2
G0 X189.2102391645979 Y247.025236666702
M3 S30
G4 P0.2
G1 X189.2102391645979 Y247.025236666702 F300
G1 X188.65247103960454 Y245.35190583338857 F300
G1 X188.2806256229423 Y244.42229229173293 F300
G1 X187.90878020628003 Y243.67860145840845 F300
G1 X187.7228574979489 Y243.30675604174618 F300
G1 X187.35101208128665 Y243.12083333341508 F300
G1 X187.16508937295552 Y243.30675604174618 F300
G1 X187.16508937295552 Y243.67860145840845 F300
G1 X187.35101208128665 Y244.2363695834018 F300
G1 X187.7228574979489 Y244.60821500006406 F300
G1 X188.2806256229423 Y244.9800604167263 F300
G1 X189.02431645626677 Y245.35190583338857 F300
G1 X189.58208458126018 Y245.7237512500508 F300
G1 X189.95392999792242 Y246.28151937504418 F300;svg > g > g > g#layer1 > polyline
M3 S90
G4 P0.2
G0 X192.92871978955375 Y246.28151937504418
M3 S30
G4 P0.2
G1 X192.92871978955375 Y246.28151937504418 F300
G1 X193.300565206216 Y246.83931395837087 F300
G1 X193.67241062287823 Y247.58300479169543 F300;svg > g > g > g#layer1 > polyline
M3 S90
G4 P0.2
G0 X194.23017874787163 Y249.2563091666755
M3 S30
G4 P0.2
G1 X194.23017874787163 Y249.2563091666755 F300
G1 X193.1146424978849 Y245.90967395838192 F300
G1 X193.1146424978849 Y245.5378285417197 F300
G1 X193.48648791454713 Y245.35190583338857 F300
G1 X193.8583333312094 Y245.5378285417197 F300
G1 X194.0442560395405 Y245.7237512500508 F300
G1 X194.41610145620274 Y246.28151937504418 F300;svg > g > g > g#layer1 > polyline
M3 S90
G4 P0.2
G0 X194.41610145620274 Y249.2563091666755
M3 S30
G4 P0.2
G1 X194.41610145620274 Y249.2563091666755 F300
G1 X193.300565206216 Y245.90967395838192 F300
G1 X193.300565206216 Y245.5378285417197 F300
G1 X193.48648791454713 Y245.35190583338857 F300;svg > g > g > g#layer1 > line
M3 S90
G4 P0.2
G0 X193.300565206216 Y247.76892750002648
M3 S30
G4 P0.2
G1 X194.41610145620274 Y247.76892750002648 F300;svg > g > g > g#layer1 > polyline
M3 S90
G4 P0.2
G0 X194.41610145620274 Y246.28151937504418
M3 S30
G4 P0.2
G1 X194.41610145620274 Y246.28151937504418 F300
G1 X194.787946872865 Y246.83931395837087 F300
G1 X195.15979228952727 Y247.58300479169543 F300;svg > g > g > g#layer1 > line
M3 S90
G4 P0.2
G0 X195.71756041452065 Y249.2563091666755
M3 S30
G4 P0.2
G1 X194.41610145620274 Y245.35190583338857 F300;svg > g > g > g#layer1 > line
M3 S90
G4 P0.2
G0 X195.90348312285175 Y249.2563091666755
M3 S30
G4 P0.2
G1 X194.60202416453387 Y245.35190583338857 F300;svg > g > g > g#layer1 > polyline
M3 S90
G4 P0.2
G0 X194.9738695811961 Y246.46744208337535
M3 S30
G4 P0.2
G1 X194.9738695811961 Y246.46744208337535 F300
G1 X195.34571499785835 Y246.83931395837087 F300
G1 X195.71756041452065 Y247.025236666702 F300
G1 X195.90348312285175 Y247.025236666702 F300
G1 X196.275328539514 Y246.83931395837087 F300
G1 X196.275328539514 Y246.46744208337535 F300
G1 X196.0894058311829 Y245.90967395838192 F300
G1 X196.0894058311829 Y245.5378285417197 F300
G1 X196.275328539514 Y245.35190583338857 F300;svg > g > g > g#layer1 > polyline
M3 S90
G4 P0.2
G0 X195.90348312285175 Y247.025236666702
M3 S30
G4 P0.2
G1 X195.90348312285175 Y247.025236666702 F300
G1 X196.0894058311829 Y246.83931395837087 F300
G1 X196.0894058311829 Y246.46744208337535 F300
G1 X195.90348312285175 Y245.90967395838192 F300
G1 X195.90348312285175 Y245.5378285417197 F300
G1 X196.275328539514 Y245.35190583338857 F300
G1 X196.64717395617626 Y245.5378285417197 F300
G1 X196.83309666450737 Y245.7237512500508 F300
G1 X197.20494208116966 Y246.28151937504418 F300;svg > g > g > g#layer1 > polyline
M3 S90
G4 P0.2
G0 X197.76273666449634 Y245.7237512500508
M3 S30
G4 P0.2
G1 X197.76273666449634 Y245.7237512500508 F300
G1 X198.13458208115858 Y245.90967395838192 F300
G1 X198.32050478948975 Y246.09559666671308 F300
G1 X198.50642749782085 Y246.46744208337535 F300
G1 X198.50642749782085 Y246.83931395837087 F300
G1 X198.32050478948975 Y247.025236666702 F300
G1 X198.13458208115858 Y247.025236666702 F300
G1 X197.76273666449634 Y246.83931395837087 F300
G1 X197.5768139561652 Y246.6533912500398 F300
G1 X197.3908912478341 Y246.28151937504418 F300
G1 X197.3908912478341 Y245.90967395838192 F300
G1 X197.5768139561652 Y245.5378285417197 F300
G1 X197.94865937282748 Y245.35190583338857 F300
G1 X198.50642749782085 Y245.35190583338857 F300
G1 X199.06419562281422 Y245.7237512500508 F300
G1 X199.4360410394765 Y246.28151937504418 F300;svg > g > g > g#layer1 > polyline
M3 S90
G4 P0.2
G0 X198.13458208115858 Y247.025236666702
M3 S30
G4 P0.2
G1 X198.13458208115858 Y247.025236666702 F300
G1 X197.76273666449634 Y246.6533912500398 F300
G1 X197.5768139561652 Y246.28151937504418 F300
G1 X197.5768139561652 Y245.7237512500508 F300
G1 X197.94865937282748 Y245.35190583338857 F300;svg > g > g > g#layer1 > polyline
M3 S90
G4 P0.2
G0 X204.27005791441906 Y246.46744208337535
M3 S30
G4 P0.2
G1 X204.27005791441906 Y246.46744208337535 F300
G1 X204.08410874775458 Y246.83931395837087 F300
G1 X203.71226333109237 Y247.025236666702 F300
G1 X203.3404179144301 Y247.025236666702 F300
G1 X202.96857249776787 Y246.83931395837087 F300
G1 X202.78264978943676 Y246.6533912500398 F300
G1 X202.59672708110563 Y246.28151937504418 F300
G1 X202.59672708110563 Y245.90967395838192 F300
G1 X202.78264978943676 Y245.5378285417197 F300
G1 X203.154495206099 Y245.35190583338857 F300
G1 X203.52634062276124 Y245.35190583338857 F300
G1 X203.89818603942354 Y245.5378285417197 F300
G1 X204.08410874775458 Y245.90967395838192 F300;svg > g > g > g#layer1 > polyline
M3 S90
G4 P0.2
G0 X203.3404179144301 Y247.025236666702
M3 S30
G4 P0.2
G1 X203.3404179144301 Y247.025236666702 F300
G1 X202.96857249776787 Y246.6533912500398 F300
G1 X202.78264978943676 Y246.28151937504418 F300
G1 X202.78264978943676 Y245.7237512500508 F300
G1 X203.154495206099 Y245.35190583338857 F300;svg > g > g > g#layer1 > polyline
M3 S90
G4 P0.2
G0 X205.19967145607467 Y249.2563091666755
M3 S30
G4 P0.2
G1 X205.19967145607467 Y249.2563091666755 F300
G1 X204.08410874775458 Y245.90967395838192 F300
G1 X204.08410874775458 Y245.5378285417197 F300
G1 X204.4559806227502 Y245.35190583338857 F300
G1 X204.82782603941246 Y245.5378285417197 F300
G1 X205.0137487477436 Y245.7237512500508 F300
G1 X205.38559416440583 Y246.28151937504418 F300;svg > g > g > g#layer1 > polyline
M3 S90
G4 P0.2
G0 X205.38559416440583 Y249.2563091666755
M3 S30
G4 P0.2
G1 X205.38559416440583 Y249.2563091666755 F300
G1 X204.27005791441906 Y245.90967395838192 F300
G1 X204.27005791441906 Y245.5378285417197 F300
G1 X204.4559806227502 Y245.35190583338857 F300;svg > g > g > g#layer1 > polyline
M3 S90
G4 P0.2
G0 X205.9433622893992 Y245.7237512500508
M3 S30
G4 P0.2
G1 X205.9433622893992 Y245.7237512500508 F300
G1 X206.31520770606147 Y245.90967395838192 F300
G1 X206.50113041439258 Y246.09559666671308 F300
G1 X206.68705312272368 Y246.46744208337535 F300
G1 X206.68705312272368 Y246.83931395837087 F300
G1 X206.50113041439258 Y247.025236666702 F300
G1 X206.31520770606147 Y247.025236666702 F300
G1 X205.9433622893992 Y246.83931395837087 F300
G1 X205.75743958106804 Y246.6533912500398 F300
G1 X205.57151687273694 Y246.28151937504418 F300
G1 X205.57151687273694 Y245.90967395838192 F300
G1 X205.75743958106804 Y245.5378285417197 F300
G1 X206.1292849977303 Y245.35190583338857 F300
G1 X206.68705312272368 Y245.35190583338857 F300
G1 X207.24482124771708 Y245.7237512500508 F300
G1 X207.6166666643793 Y246.28151937504418 F300;svg > g > g > g#layer1 > polyline
M3 S90
G4 P0.2
G0 X206.31520770606147 Y247.025236666702
M3 S30
G4 P0.2
G1 X206.31520770606147 Y247.025236666702 F300
G1 X205.9433622893992 Y246.6533912500398 F300
G1 X205.75743958106804 Y246.28151937504418 F300
G1 X205.75743958106804 Y245.7237512500508 F300
G1 X206.1292849977303 Y245.35190583338857 F300;svg > g > g > g#layer1 > polyline
M3 S90
G4 P0.2
G0 X208.17443478937273 Y247.025236666702
M3 S30
G4 P0.2
G1 X208.17443478937273 Y247.025236666702 F300
G1 X208.7322029143661 Y247.58300479169543 F300
G1 X209.1040483310283 Y248.14077291668877 F300
G1 X209.28997103935947 Y248.69854104168212 F300
G1 X209.28997103935947 Y249.07038645834442 F300
G1 X209.1040483310283 Y249.2563091666755 F300
G1 X208.7322029143661 Y249.07038645834442 F300
G1 X208.54628020603494 Y248.69854104168212 F300
G1 X206.87297583105484 Y243.67860145840845 F300
G1 X206.87297583105484 Y243.30675604174618 F300
G1 X207.05889853938595 Y243.12083333341508 F300
G1 X207.43074395604822 Y243.30675604174618 F300
G1 X207.6166666643793 Y243.86452416673953 F300
G1 X207.8025893727105 Y245.5378285417197 F300
G1 X207.98851208104156 Y245.35190583338857 F300
G1 X208.36035749770386 Y245.35190583338857 F300
G1 X208.7322029143661 Y245.5378285417197 F300
G1 X208.9181256226972 Y245.7237512500508 F300
G1 X209.28997103935947 Y246.28151937504418 F300;svg > g > g > g#layer1 > polyline
M3 S90
G4 P0.2
G0 X208.54628020603494 Y248.69854104168212
M3 S30
G4 P0.2
G1 X208.54628020603494 Y248.69854104168212 F300
G1 X208.36035749770386 Y247.76892750002648 F300
G1 X208.17443478937273 Y247.025236666702 F300
G1 X207.6166666643793 Y245.35190583338857 F300
G1 X207.24482124771708 Y244.42229229173293 F300
G1 X206.87297583105484 Y243.67860145840845 F300;svg > g > g > g#layer1 > polygon
M3 S90
G4 P0.2
G0 X210.2195845810151 Y248.14077291668877
M3 S30
G4 P0.2
G1 X210.2195845810151 Y248.14077291668877 F300
G1 X210.03366187268392 Y247.95485020835764 F300
G1 X210.2195845810151 Y247.76892750002648 F300
G1 X210.40550728934622 Y247.95485020835764 F300
G1 X210.2195845810151 Y248.14077291668877 F300;svg > g > g > g#layer1 > polyline
M3 S90
G4 P0.2
G0 X209.84773916435284 Y247.025236666702
M3 S30
G4 P0.2
G1 X209.84773916435284 Y247.025236666702 F300
G1 X209.47589374769058 Y245.90967395838192 F300
G1 X209.47589374769058 Y245.5378285417197 F300
G1 X209.84773916435284 Y245.35190583338857 F300
G1 X210.2195845810151 Y245.5378285417197 F300
G1 X210.40550728934622 Y245.7237512500508 F300
G1 X210.7773527060085 Y246.28151937504418 F300;svg > g > g > g#layer1 > polyline
M3 S90
G4 P0.2
G0 X210.03366187268392 Y247.025236666702
M3 S30
G4 P0.2
G1 X210.03366187268392 Y247.025236666702 F300
G1 X209.6618164560217 Y245.90967395838192 F300
G1 X209.6618164560217 Y245.5378285417197 F300
G1 X209.84773916435284 Y245.35190583338857 F300;svg > g > g > g#layer1 > polyline
M3 S90
G4 P0.2
G0 X210.7773527060085 Y246.28151937504418
M3 S30
G4 P0.2
G1 X210.7773527060085 Y246.28151937504418 F300
G1 X211.14922458100406 Y246.83931395837087 F300
G1 X211.5210699976663 Y247.025236666702 F300
G1 X211.89291541432857 Y246.83931395837087 F300
G1 X211.89291541432857 Y246.46744208337535 F300
G1 X211.5210699976663 Y245.35190583338857 F300;svg > g > g > g#layer1 > polyline
M3 S90
G4 P0.2
G0 X211.5210699976663 Y247.025236666702
M3 S30
G4 P0.2
G1 X211.5210699976663 Y247.025236666702 F300
G1 X211.70699270599744 Y246.83931395837087 F300
G1 X211.70699270599744 Y246.46744208337535 F300
G1 X211.33514728933517 Y245.35190583338857 F300;svg > g > g > g#layer1 > polyline
M3 S90
G4 P0.2
G0 X211.89291541432857 Y246.46744208337535
M3 S30
G4 P0.2
G1 X211.89291541432857 Y246.46744208337535 F300
G1 X212.2647608309908 Y246.83931395837087 F300
G1 X212.63660624765302 Y247.025236666702 F300
G1 X212.82252895598418 Y247.025236666702 F300
G1 X213.19437437264642 Y246.83931395837087 F300
G1 X213.19437437264642 Y246.46744208337535 F300
G1 X213.00845166431534 Y245.90967395838192 F300
G1 X213.00845166431534 Y245.5378285417197 F300
G1 X213.19437437264642 Y245.35190583338857 F300;svg > g > g > g#layer1 > polyline
M3 S90
G4 P0.2
G0 X212.82252895598418 Y247.025236666702
M3 S30
G4 P0.2
G1 X212.82252895598418 Y247.025236666702 F300
G1 X213.00845166431534 Y246.83931395837087 F300
G1 X213.00845166431534 Y246.46744208337535 F300
G1 X212.82252895598418 Y245.90967395838192 F300
G1 X212.82252895598418 Y245.5378285417197 F300
G1 X213.19437437264642 Y245.35190583338857 F300
G1 X213.56621978930866 Y245.5378285417197 F300
G1 X213.75214249763982 Y245.7237512500508 F300
G1 X214.12398791430206 Y246.28151937504418 F300;svg > g > g > g#layer1 > polygon
M3 S90
G4 P0.2
G0 X215.0536014559577 Y248.14077291668877
M3 S30
G4 P0.2
G1 X215.0536014559577 Y248.14077291668877 F300
G1 X214.86767874762654 Y247.95485020835764 F300
G1 X215.0536014559577 Y247.76892750002648 F300
G1 X215.2395241642888 Y247.95485020835764 F300
G1 X215.0536014559577 Y248.14077291668877 F300;svg > g > g > g#layer1 > polyline
M3 S90
G4 P0.2
G0 X214.68175603929546 Y247.025236666702
M3 S30
G4 P0.2
G1 X214.68175603929546 Y247.025236666702 F300
G1 X214.3099106226332 Y245.90967395838192 F300
G1 X214.3099106226332 Y245.5378285417197 F300
G1 X214.68175603929546 Y245.35190583338857 F300
G1 X215.0536014559577 Y245.5378285417197 F300
G1 X215.2395241642888 Y245.7237512500508 F300
G1 X215.61136958095105 Y246.28151937504418 F300;svg > g > g > g#layer1 > polyline
M3 S90
G4 P0.2
G0 X214.86767874762654 Y247.025236666702
M3 S30
G4 P0.2
G1 X214.86767874762654 Y247.025236666702 F300
G1 X214.49583333096427 Y245.90967395838192 F300
G1 X214.49583333096427 Y245.5378285417197 F300
G1 X214.68175603929546 Y245.35190583338857 F300;svg > g > g > g#layer1 > polyline
M3 S90
G4 P0.2
G0 X215.61136958095105 Y246.28151937504418
M3 S30
G4 P0.2
G1 X215.61136958095105 Y246.28151937504418 F300
G1 X215.9832149976133 Y246.83931395837087 F300
G1 X216.35506041427556 Y247.58300479169543 F300;svg > g > g > g#layer1 > polyline
M3 S90
G4 P0.2
G0 X216.9128285392689 Y249.2563091666755
M3 S30
G4 P0.2
G1 X216.9128285392689 Y249.2563091666755 F300
G1 X215.79729228928218 Y245.90967395838192 F300
G1 X215.79729228928218 Y245.5378285417197 F300
G1 X216.16913770594445 Y245.35190583338857 F300
G1 X216.5409831226067 Y245.5378285417197 F300
G1 X216.72690583093782 Y245.7237512500508 F300
G1 X217.0987512476001 Y246.28151937504418 F300;svg > g > g > g#layer1 > polyline
M3 S90
G4 P0.2
G0 X217.0987512476001 Y249.2563091666755
M3 S30
G4 P0.2
G1 X217.0987512476001 Y249.2563091666755 F300
G1 X215.9832149976133 Y245.90967395838192 F300
G1 X215.9832149976133 Y245.5378285417197 F300
G1 X216.16913770594445 Y245.35190583338857 F300;svg > g > g > g#layer1 > line
M3 S90
G4 P0.2
G0 X215.9832149976133 Y247.76892750002648
M3 S30
G4 P0.2
G1 X217.0987512476001 Y247.76892750002648 F300;svg > g > g > g#layer1 > polygon
M3 S90
G4 P0.2
G0 X218.02839124758904 Y248.14077291668877
M3 S30
G4 P0.2
G1 X218.02839124758904 Y248.14077291668877 F300
G1 X217.84244208092454 Y247.95485020835764 F300
G1 X218.02839124758904 Y247.76892750002648 F300
G1 X218.21431395592015 Y247.95485020835764 F300
G1 X218.02839124758904 Y248.14077291668877 F300;svg > g > g > g#layer1 > polyline
M3 S90
G4 P0.2
G0 X217.65651937259344 Y247.025236666702
M3 S30
G4 P0.2
G1 X217.65651937259344 Y247.025236666702 F300
G1 X217.28467395593117 Y245.90967395838192 F300
G1 X217.28467395593117 Y245.5378285417197 F300
G1 X217.65651937259344 Y245.35190583338857 F300
G1 X218.02839124758904 Y245.5378285417197 F300
G1 X218.21431395592015 Y245.7237512500508 F300
G1 X218.58615937258244 Y246.28151937504418 F300;svg > g > g > g#layer1 > polyline
M3 S90
G4 P0.2
G0 X217.84244208092454 Y247.025236666702
M3 S30
G4 P0.2
G1 X217.84244208092454 Y247.025236666702 F300
G1 X217.47059666426233 Y245.90967395838192 F300
G1 X217.47059666426233 Y245.5378285417197 F300
G1 X217.65651937259344 Y245.35190583338857 F300;svg > g > g > g#layer1 > polyline
M3 S90
G4 P0.2
G0 X219.88761833090032 Y247.025236666702
M3 S30
G4 P0.2
G1 X219.88761833090032 Y247.025236666702 F300
G1 X219.51577291423806 Y247.025236666702 F300
G1 X219.1439274975758 Y246.83931395837087 F300
G1 X218.95800478924468 Y246.6533912500398 F300
G1 X218.77208208091352 Y246.28151937504418 F300
G1 X218.77208208091352 Y245.90967395838192 F300
G1 X218.95800478924468 Y245.5378285417197 F300
G1 X219.3298502059069 Y245.35190583338857 F300
G1 X219.70169562256916 Y245.35190583338857 F300
G1 X220.0735410392314 Y245.5378285417197 F300
G1 X220.25946374756253 Y245.7237512500508 F300
G1 X220.44538645589367 Y246.09559666671308 F300
G1 X220.44538645589367 Y246.46744208337535 F300
G1 X220.25946374756253 Y246.83931395837087 F300
G1 X219.88761833090032 Y247.025236666702 F300
G1 X219.70169562256916 Y246.83931395837087 F300
G1 X219.70169562256916 Y246.46744208337535 F300
G1 X219.88761833090032 Y246.09559666671308 F300
G1 X220.25946374756253 Y245.90967395838192 F300
G1 X220.6313091642248 Y245.90967395838192 F300
G1 X221.00315458088704 Y246.09559666671308 F300
G1 X221.18907728921815 Y246.28151937504418 F300;svg > g > g > g#layer1 > polyline
M3 S90
G4 P0.2
G0 X219.51577291423806 Y247.025236666702
M3 S30
G4 P0.2
G1 X219.51577291423806 Y247.025236666702 F300
G1 X219.1439274975758 Y246.6533912500398 F300
G1 X218.95800478924468 Y246.28151937504418 F300
G1 X218.95800478924468 Y245.7237512500508 F300
G1 X219.3298502059069 Y245.35190583338857 F300;svg > g > g > g#layer1 > polyline
M3 S90
G4 P0.2
G0 X221.18907728921815 Y246.28151937504418
M3 S30
G4 P0.2
G1 X221.18907728921815 Y246.28151937504418 F300
G1 X221.56092270588044 Y246.83931395837087 F300
G1 X221.93276812254268 Y247.025236666702 F300
G1 X222.30461353920495 Y246.83931395837087 F300
G1 X222.30461353920495 Y246.46744208337535 F300
G1 X221.93276812254268 Y245.35190583338857 F300;svg > g > g > g#layer1 > polyline
M3 S90
G4 P0.2
G0 X221.93276812254268 Y247.025236666702
M3 S30
G4 P0.2
G1 X221.93276812254268 Y247.025236666702 F300
G1 X222.1186908308738 Y246.83931395837087 F300
G1 X222.1186908308738 Y246.46744208337535 F300
G1 X221.74684541421152 Y245.35190583338857 F300;svg > g > g > g#layer1 > polyline
M3 S90
G4 P0.2
G0 X222.30461353920495 Y246.46744208337535
M3 S30
G4 P0.2
G1 X222.30461353920495 Y246.46744208337535 F300
G1 X222.67645895586716 Y246.83931395837087 F300
G1 X223.04830437252943 Y247.025236666702 F300
G1 X223.23422708086056 Y247.025236666702 F300
G1 X223.6060724975228 Y246.83931395837087 F300
G1 X223.6060724975228 Y246.46744208337535 F300
G1 X223.42014978919167 Y245.90967395838192 F300
G1 X223.42014978919167 Y245.5378285417197 F300
G1 X223.6060724975228 Y245.35190583338857 F300;svg > g > g > g#layer1 > polyline
M3 S90
G4 P0.2
G0 X223.23422708086056 Y247.025236666702
M3 S30
G4 P0.2
G1 X223.23422708086056 Y247.025236666702 F300
G1 X223.42014978919167 Y246.83931395837087 F300
G1 X223.42014978919167 Y246.46744208337535 F300
G1 X223.23422708086056 Y245.90967395838192 F300
G1 X223.23422708086056 Y245.5378285417197 F300
G1 X223.6060724975228 Y245.35190583338857 F300
G1 X223.97791791418507 Y245.5378285417197 F300
G1 X224.16384062251615 Y245.7237512500508 F300
G1 X224.53568603917842 Y246.28151937504418 F300;svg > g > g > g#layer1 > polygon
M3 S90
G4 P0.2
G0 X225.09348062250515 Y245.7237512500508
M3 S30
G4 P0.2
G1 X225.09348062250515 Y245.7237512500508 F300
G1 X224.90755791417402 Y245.5378285417197 F300
G1 X225.09348062250515 Y245.35190583338857 F300
G1 X225.27940333083623 Y245.5378285417197 F300
G1 X225.09348062250515 Y245.7237512500508 F300;svg > g > g > g#layer1 > polyline
M3 S90
G4 P0.2
G0 X227.69639853914086 Y248.69854104168212
M3 S30
G4 P0.2
G1 X227.69639853914086 Y248.69854104168212 F300
G1 X227.51047583080978 Y248.3266956250199 F300
G1 X227.51047583080978 Y247.95485020835764 F300
G1 X227.69639853914086 Y247.58300479169543 F300
G1 X228.06824395580313 Y247.39708208336427 F300
G1 X228.6260120807965 Y247.39708208336427 F300
G1 X229.18378020578993 Y247.58300479169543 F300
G1 X229.55562562245214 Y247.76892750002648 F300
G1 X230.11339374744554 Y248.3266956250199 F300
G1 X230.29931645577662 Y248.88446375001328 F300
G1 X230.29931645577662 Y249.07038645834442 F300
G1 X230.11339374744554 Y249.2563091666755 F300
G1 X229.9274710391144 Y249.2563091666755 F300
G1 X229.55562562245214 Y249.07038645834442 F300
G1 X229.36970291412098 Y248.88446375001328 F300
G1 X229.18378020578993 Y248.51261833335107 F300
G1 X228.99785749745877 Y247.95485020835764 F300
G1 X228.6260120807965 Y246.6533912500398 F300
G1 X228.4400893724654 Y246.09559666671308 F300
G1 X228.06824395580313 Y245.5378285417197 F300
G1 X227.69639853914086 Y245.35190583338857 F300;svg > g > g > g#layer1 > polyline
M3 S90
G4 P0.2
G0 X229.18378020578993 Y248.51261833335107
M3 S30
G4 P0.2
G1 X229.18378020578993 Y248.51261833335107 F300
G1 X228.99785749745877 Y247.76892750002648 F300
G1 X228.81193478912766 Y246.46744208337535 F300
G1 X228.6260120807965 Y245.90967395838192 F300
G1 X228.2541666641343 Y245.5378285417197 F300
G1 X227.69639853914086 Y245.35190583338857 F300
G1 X227.1386304141475 Y245.35190583338857 F300
G1 X226.76678499748527 Y245.5378285417197 F300
G1 X226.58086228915414 Y245.90967395838192 F300
G1 X226.58086228915414 Y246.09559666671308 F300
G1 X226.76678499748527 Y246.28151937504418 F300
G1 X226.9527077058164 Y246.09559666671308 F300
G1 X226.76678499748527 Y245.90967395838192 F300;svg > g > g > g#layer1 > polyline
M3 S90
G4 P0.2
G0 X231.60077541409456 Y247.025236666702
M3 S30
G4 P0.2
G1 X231.60077541409456 Y247.025236666702 F300
G1 X231.22892999743226 Y247.025236666702 F300
G1 X230.85708458077002 Y246.83931395837087 F300
G1 X230.67116187243892 Y246.6533912500398 F300
G1 X230.48523916410775 Y246.28151937504418 F300
G1 X230.48523916410775 Y245.90967395838192 F300
G1 X230.67116187243892 Y245.5378285417197 F300
G1 X231.04300728910113 Y245.35190583338857 F300
G1 X231.4148527057634 Y245.35190583338857 F300
G1 X231.78672458075897 Y245.5378285417197 F300
G1 X231.9726472890901 Y245.7237512500508 F300
G1 X232.1585699974212 Y246.09559666671308 F300
G1 X232.1585699974212 Y246.46744208337535 F300
G1 X231.9726472890901 Y246.83931395837087 F300
G1 X231.60077541409456 Y247.025236666702 F300
G1 X231.4148527057634 Y246.83931395837087 F300
G1 X231.4148527057634 Y246.46744208337535 F300
G1 X231.60077541409456 Y246.09559666671308 F300
G1 X231.9726472890901 Y245.90967395838192 F300
G1 X232.34449270575237 Y245.90967395838192 F300
G1 X232.7163381224146 Y246.09559666671308 F300
G1 X232.90226083074575 Y246.28151937504418 F300;svg > g > g > g#layer1 > polyline
M3 S90
G4 P0.2
G0 X231.22892999743226 Y247.025236666702
M3 S30
G4 P0.2
G1 X231.22892999743226 Y247.025236666702 F300
G1 X230.85708458077002 Y246.6533912500398 F300
G1 X230.67116187243892 Y246.28151937504418 F300
G1 X230.67116187243892 Y245.7237512500508 F300
G1 X231.04300728910113 Y245.35190583338857 F300;svg > g > g > g#layer1 > polyline
M3 S90
G4 P0.2
G0 X232.90226083074575 Y246.28151937504418
M3 S30
G4 P0.2
G1 X232.90226083074575 Y246.28151937504418 F300
G1 X233.27410624740796 Y246.83931395837087 F300
G1 X233.64595166407022 Y247.58300479169543 F300;svg > g > g > g#layer1 > polyline
M3 S90
G4 P0.2
G0 X234.2037197890636 Y249.2563091666755
M3 S30
G4 P0.2
G1 X234.2037197890636 Y249.2563091666755 F300
G1 X233.08818353907685 Y245.90967395838192 F300
G1 X233.08818353907685 Y245.5378285417197 F300
G1 X233.46002895573912 Y245.35190583338857 F300
G1 X233.8318743724014 Y245.5378285417197 F300
G1 X234.01779708073246 Y245.7237512500508 F300
G1 X234.38964249739473 Y246.28151937504418 F300;svg > g > g > g#layer1 > polyline
M3 S90
G4 P0.2
G0 X234.38964249739473 Y249.2563091666755
M3 S30
G4 P0.2
G1 X234.38964249739473 Y249.2563091666755 F300
G1 X233.27410624740796 Y245.90967395838192 F300
G1 X233.27410624740796 Y245.5378285417197 F300
G1 X233.46002895573912 Y245.35190583338857 F300;svg > g > g > g#layer1 > polyline
M3 S90
G4 P0.2
G0 X234.9474106223881 Y247.025236666702
M3 S30
G4 P0.2
G1 X234.9474106223881 Y247.025236666702 F300
G1 X234.57556520572584 Y245.90967395838192 F300
G1 X234.57556520572584 Y245.5378285417197 F300
G1 X234.9474106223881 Y245.35190583338857 F300
G1 X235.13333333071924 Y245.35190583338857 F300
G1 X235.50517874738148 Y245.5378285417197 F300
G1 X235.87702416404375 Y245.90967395838192 F300
G1 X236.248869580706 Y246.46744208337535 F300;svg > g > g > g#layer1 > polyline
M3 S90
G4 P0.2
G0 X235.13333333071924 Y247.025236666702
M3 S30
G4 P0.2
G1 X235.13333333071924 Y247.025236666702 F300
G1 X234.76148791405703 Y245.90967395838192 F300
G1 X234.76148791405703 Y245.5378285417197 F300
G1 X234.9474106223881 Y245.35190583338857 F300;svg > g > g > g#layer1 > polyline
M3 S90
G4 P0.2
G0 X236.4347922890371 Y247.025236666702
M3 S30
G4 P0.2
G1 X236.4347922890371 Y247.025236666702 F300
G1 X236.06294687237485 Y245.90967395838192 F300
G1 X236.06294687237485 Y245.5378285417197 F300
G1 X236.4347922890371 Y245.35190583338857 F300
G1 X236.8066377056994 Y245.5378285417197 F300
G1 X236.9925604140305 Y245.7237512500508 F300
G1 X237.36440583069273 Y246.28151937504418 F300;svg > g > g > g#layer1 > polyline
M3 S90
G4 P0.2
G0 X236.62071499736822 Y247.025236666702
M3 S30
G4 P0.2
G1 X236.62071499736822 Y247.025236666702 F300
G1 X236.248869580706 Y245.90967395838192 F300
G1 X236.248869580706 Y245.5378285417197 F300
G1 X236.4347922890371 Y245.35190583338857 F300;svg > g > g > g#layer1 > polyline
M3 S90
G4 P0.2
G0 X237.36440583069273 Y246.28151937504418
M3 S30
G4 P0.2
G1 X237.36440583069273 Y246.28151937504418 F300
G1 X237.736251247355 Y246.83931395837087 F300
G1 X238.10809666401727 Y247.58300479169543 F300;svg > g > g > g#layer1 > polyline
M3 S90
G4 P0.2
G0 X238.66589124734395 Y249.2563091666755
M3 S30
G4 P0.2
G1 X238.66589124734395 Y249.2563091666755 F300
G1 X237.55032853902387 Y245.90967395838192 F300
G1 X237.55032853902387 Y245.5378285417197 F300
G1 X237.9221739556861 Y245.35190583338857 F300
G1 X238.29401937234837 Y245.5378285417197 F300
G1 X238.47994208067948 Y245.7237512500508 F300
G1 X238.85181395567508 Y246.28151937504418 F300;svg > g > g > g#layer1 > polyline
M3 S90
G4 P0.2
G0 X238.85181395567508 Y249.2563091666755
M3 S30
G4 P0.2
G1 X238.85181395567508 Y249.2563091666755 F300
G1 X237.736251247355 Y245.90967395838192 F300
G1 X237.736251247355 Y245.5378285417197 F300
G1 X237.9221739556861 Y245.35190583338857 F300;svg > g > g > g#layer1 > line
M3 S90
G4 P0.2
G0 X237.736251247355 Y247.76892750002648
M3 S30
G4 P0.2
G1 X238.85181395567508 Y247.76892750002648 F300;svg > g > g > g#layer1 > polygon
M3 S90
G4 P0.2
G0 X239.78142749733072 Y248.14077291668877
M3 S30
G4 P0.2
G1 X239.78142749733072 Y248.14077291668877 F300
G1 X239.59550478899956 Y247.95485020835764 F300
G1 X239.78142749733072 Y247.76892750002648 F300
G1 X239.96735020566183 Y247.95485020835764 F300
G1 X239.78142749733072 Y248.14077291668877 F300;svg > g > g > g#layer1 > polyline
M3 S90
G4 P0.2
G0 X239.40958208066846 Y247.025236666702
M3 S30
G4 P0.2
G1 X239.40958208066846 Y247.025236666702 F300
G1 X239.03773666400622 Y245.90967395838192 F300
G1 X239.03773666400622 Y245.5378285417197 F300
G1 X239.40958208066846 Y245.35190583338857 F300
G1 X239.78142749733072 Y245.5378285417197 F300
G1 X239.96735020566183 Y245.7237512500508 F300
G1 X240.3391956223241 Y246.28151937504418 F300;svg > g > g > g#layer1 > polyline
M3 S90
G4 P0.2
G0 X239.59550478899956 Y247.025236666702
M3 S30
G4 P0.2
G1 X239.59550478899956 Y247.025236666702 F300
G1 X239.22365937233735 Y245.90967395838192 F300
G1 X239.22365937233735 Y245.5378285417197 F300
G1 X239.40958208066846 Y245.35190583338857 F300;svg > g > g > g#layer1 > polyline
M3 S90
G4 P0.2
G0 X241.64065458064198 Y247.025236666702
M3 S30
G4 P0.2
G1 X241.64065458064198 Y247.025236666702 F300
G1 X241.2688091639797 Y247.025236666702 F300
G1 X240.89696374731747 Y246.83931395837087 F300
G1 X240.71104103898637 Y246.6533912500398 F300
G1 X240.5251183306552 Y246.28151937504418 F300
G1 X240.5251183306552 Y245.90967395838192 F300
G1 X240.71104103898637 Y245.5378285417197 F300
G1 X241.08288645564858 Y245.35190583338857 F300
G1 X241.45473187231082 Y245.35190583338857 F300
G1 X241.82657728897308 Y245.5378285417197 F300
G1 X242.0124999973042 Y245.7237512500508 F300
G1 X242.19842270563535 Y246.09559666671308 F300
G1 X242.19842270563535 Y246.46744208337535 F300
G1 X242.0124999973042 Y246.83931395837087 F300
G1 X241.64065458064198 Y247.025236666702 F300
G1 X241.45473187231082 Y246.83931395837087 F300
G1 X241.45473187231082 Y246.46744208337535 F300
G1 X241.64065458064198 Y246.09559666671308 F300
G1 X242.0124999973042 Y245.90967395838192 F300
G1 X242.38434541396646 Y245.90967395838192 F300
G1 X242.75619083062873 Y246.09559666671308 F300
G1 X242.94211353895983 Y246.28151937504418 F300;svg > g > g > g#layer1 > polyline
M3 S90
G4 P0.2
G0 X241.2688091639797 Y247.025236666702
M3 S30
G4 P0.2
G1 X241.2688091639797 Y247.025236666702 F300
G1 X240.89696374731747 Y246.6533912500398 F300
G1 X240.71104103898637 Y246.28151937504418 F300
G1 X240.71104103898637 Y245.7237512500508 F300
G1 X241.08288645564858 Y245.35190583338857 F300;svg > g > g > g#layer1 > polyline
M3 S90
G4 P0.2
G0 X242.94211353895983 Y246.28151937504418
M3 S30
G4 P0.2
G1 X242.94211353895983 Y246.28151937504418 F300
G1 X243.31395895562207 Y246.83931395837087 F300
G1 X243.68580437228434 Y247.025236666702 F300
G1 X244.0576497889466 Y246.83931395837087 F300
G1 X244.0576497889466 Y246.46744208337535 F300
G1 X243.68580437228434 Y245.35190583338857 F300;svg > g > g > g#layer1 > polyline
M3 S90
G4 P0.2
G0 X243.68580437228434 Y247.025236666702
M3 S30
G4 P0.2
G1 X243.68580437228434 Y247.025236666702 F300
G1 X243.87172708061547 Y246.83931395837087 F300
G1 X243.87172708061547 Y246.46744208337535 F300
G1 X243.4998816639532 Y245.35190583338857 F300;svg > g > g > g#layer1 > polyline
M3 S90
G4 P0.2
G0 X244.0576497889466 Y246.46744208337535
M3 S30
G4 P0.2
G1 X244.0576497889466 Y246.46744208337535 F300
G1 X244.42949520560884 Y246.83931395837087 F300
G1 X244.80134062227108 Y247.025236666702 F300
G1 X244.98726333060225 Y247.025236666702 F300
G1 X245.35910874726446 Y246.83931395837087 F300
G1 X245.35910874726446 Y246.46744208337535 F300
G1 X245.17318603893335 Y245.90967395838192 F300
G1 X245.17318603893335 Y245.5378285417197 F300
G1 X245.35910874726446 Y245.35190583338857 F300;svg > g > g > g#layer1 > polyline
M3 S90
G4 P0.2
G0 X244.98726333060225 Y247.025236666702
M3 S30
G4 P0.2
G1 X244.98726333060225 Y247.025236666702 F300
G1 X245.17318603893335 Y246.83931395837087 F300
G1 X245.17318603893335 Y246.46744208337535 F300
G1 X244.98726333060225 Y245.90967395838192 F300
G1 X244.98726333060225 Y245.5378285417197 F300
G1 X245.35910874726446 Y245.35190583338857 F300
G1 X245.73098062226006 Y245.5378285417197 F300
G1 X245.9169033305912 Y245.7237512500508 F300
G1 X246.28874874725344 Y246.28151937504418 F300;svg > g > g > g#layer1 > polygon
M3 S90
G4 P0.2
G0 X247.40428499724024 Y247.95485020835764
M3 S30
G4 P0.2
G1 X247.40428499724024 Y247.95485020835764 F300
G1 X247.21836228890905 Y247.76892750002648 F300
G1 X247.40428499724024 Y247.58300479169543 F300
G1 X247.59020770557132 Y247.76892750002648 F300
G1 X247.40428499724024 Y247.95485020835764 F300;svg > g > g > g#layer1 > polyline
M3 S90
G4 P0.2
G0 X246.8465168722468 Y245.7237512500508
M3 S30
G4 P0.2
G1 X246.8465168722468 Y245.7237512500508 F300
G1 X246.6605941639157 Y245.5378285417197 F300
G1 X246.8465168722468 Y245.35190583338857 F300
G1 X247.03243958057791 Y245.5378285417197 F300;svg > g > g > g#figure_1 > g#text_1 > g > use > path#Cmmi10-64
M3 S90
G4 P0.2
G0 X30.70859550780408 Y237.8363371120807
M3 S30
G4 P0.2
G1 X30.30304713541307 Y238.03051647405758 F300
G1 X30.155343489581487 Y238.4889070990521 F300
G1 X30.29031406249655 Y239.030062698004 F300
G1 X30.65575325520054 Y239.4967298203943 F300
G1 X31.149796484361342 Y239.68263268497543 F300
G1 X31.365622070296286 Y239.61578405216372 F300
G1 X31.51587233071117 Y239.43815768497834 F300
G1 X31.74506764320844 Y240.34729909121754 F300
G1 X31.764803906229044 Y240.4568035182996 F300
G1 X31.499955989565517 Y240.5223788438196 F300
G1 X31.458573502586844 Y240.57585775006896 F300
G1 X31.467486653628406 Y240.61151035423524 F300
G1 X31.485312955711525 Y240.65161953392223 F300
G1 X31.51587233071117 Y240.66562591413043 F300
G1 X32.0653044270588 Y240.70955501569242 F300
G1 X32.114963411433216 Y240.65734941673466 F300
G1 X31.52796874998186 Y238.31382734645004 F300
G1 X31.499955989565517 Y238.1190113308273 F300
G1 X31.617736914043284 Y237.94393157822523 F300
G1 X31.811279622374325 Y238.10564160426497 F300
G1 X31.923967317685488 Y238.4812672553022 F300
G1 X31.95579999997677 Y238.50482344019775 F300
G1 X32.005458984351186 Y238.50482344019775 F300
G1 X32.03092513018422 Y238.49081705998958 F300
G1 X32.041111588517424 Y238.46535091415657 F300
G1 X31.885131445290114 Y238.00823359645366 F300
G1 X31.609460416647547 Y237.8363371120807 F300
G1 X31.36689537758793 Y237.91655547145473 F300
G1 X31.23574472654782 Y238.131107750098 F300
G1 X30.70859550780408 Y237.8363371120807 F300
M3 S90
G4 P0.2
G0 X30.712415429679034 Y237.94393157822523
M3 S30
G4 P0.2
G1 X30.997636263008985 Y238.05407265895312 F300
G1 X31.23574472654782 Y238.31382734645004 F300
G1 X31.239564648422775 Y238.32974368759568 F300
G1 X31.462393424461798 Y239.22742532821002 F300
G1 X31.356708919254718 Y239.47381028914458 F300
G1 X31.140246679673957 Y239.5775848334142 F300
G1 X30.884311914051995 Y239.46489713810303 F300
G1 X30.684402669262703 Y239.19941256779367 F300
G1 X30.532242447910345 Y238.75184505477813 F300
G1 X30.459663932286205 Y238.31000742457505 F300
G1 X30.52014602863965 Y238.05598261989059 F300
G1 X30.712415429679034 Y237.94393157822523 F300;svg > g > g > g#figure_1 > g#text_1 > g > use > path#Cmmi10-79
M3 S90
G4 P0.2
G0 X32.4613825655541 Y237.29900143500373
M3 S30
G4 P0.2
G1 X32.75933647180056 Y237.15193444281797 F300
G1 X33.09357963585909 Y237.28754166937887 F300
G1 X33.32150164106472 Y237.61478164333332 F300
G1 X33.45583556033396 Y238.00759694280782 F300
G1 X33.06365691450528 Y237.8363371120807 F300
G1 X32.78925919315437 Y237.89172597926756 F300
G1 X32.61290613326064 Y238.05789258082808 F300
G1 X32.55051407596971 Y238.32592376572072 F300
G1 X32.586166680135946 Y238.59904817977997 F300
G1 X32.68675795617643 Y238.9116451198804 F300
G1 X32.79944565148758 Y239.21150898706438 F300
G1 X32.852924557736955 Y239.45598398706147 F300
G1 X32.76379304732134 Y239.5775848334142 F300
G1 X32.49767182336617 Y239.41141823185367 F300
G1 X32.34360164107633 Y239.0402491563372 F300
G1 X32.30985899784756 Y239.01414635685836 F300
G1 X32.262109974410635 Y239.01414635685836 F300
G1 X32.228367331181865 Y239.05234557560792 F300
G1 X32.228367331181865 Y239.06380534123278 F300
G1 X32.42891322961699 Y239.4948198594568 F300
G1 X32.77143289107126 Y239.68263268497543 F300
G1 X33.01718119836 Y239.58713463810156 F300
G1 X33.117772474400475 Y239.34456959904193 F300
G1 X33.08402983117171 Y239.18540618758553 F300
G1 X33.002538164506014 Y238.9683072943589 F300
G1 X32.90449350304885 Y238.6919996120705 F300
G1 X32.849104635862 Y238.47681067978144 F300
G1 X32.82745841190392 Y238.26607832301312 F300
G1 X32.88475724002824 Y238.03751966416164 F300
G1 X33.06811349002606 Y237.94393157822523 F300
G1 X33.52141088585401 Y238.25207194280492 F300
G1 X33.83018790407951 Y239.50755293237336 F300
G1 X33.89321661501626 Y239.59986771101808 F300
G1 X34.00081108116082 Y239.63870358341347 F300
G1 X34.08739597699312 Y239.60687090112216 F300
G1 X34.12432188845102 Y239.523469273519 F300
G1 X34.120501966576064 Y239.49163659122772 F300
G1 X33.7162269014767 Y237.87007975530946 F300
G1 X33.519500924916535 Y237.47026126573084 F300
G1 X33.174434648878965 Y237.16275755479703 F300
G1 X32.753606588988134 Y237.04624993761092 F300
G1 X32.54414753951144 Y237.08763242458957 F300
G1 X32.377344284305096 Y237.20986992458813 F300
G1 X32.31367891972252 Y237.40086601833585 F300
G1 X32.37925424524257 Y237.59377207302103 F300
G1 X32.554333997844665 Y237.67526373968678 F300
G1 X32.66511173221834 Y237.63451790635392 F300
G1 X32.709677487426156 Y237.52819674750103 F300
G1 X32.63964558638532 Y237.36521341416957 F300
G1 X32.477298906699744 Y237.2951815131288 F300
G1 X32.46902240930401 Y237.29836478135792 F300
G1 X32.4613825655541 Y237.29900143500373 F300;svg > g > g > g#figure_1 > g#text_1 > g > use > path#Cmmi10-64
M3 S90
G4 P0.2
G0 X30.999637174467292 Y232.3540216173541
M3 S30
G4 P0.2
G1 X30.59408880207628 Y232.54820097933097 F300
G1 X30.4463851562447 Y233.00659160432554 F300
G1 X30.581355729159757 Y233.54774720327745 F300
G1 X30.946794921863752 Y234.01441432566773 F300
G1 X31.440838151024554 Y234.20031719024885 F300
G1 X31.656663736959494 Y234.13346855743714 F300
G1 X31.806913997374377 Y233.95584219025176 F300
G1 X32.03610930987165 Y234.864983596491 F300
G1 X32.05584557289225 Y234.97448802357297 F300
G1 X31.790997656228726 Y235.04006334909306 F300
G1 X31.749615169250053 Y235.09354225534244 F300
G1 X31.758528320291614 Y235.12919485950866 F300
G1 X31.776354622374736 Y235.16930403919568 F300
G1 X31.806913997374377 Y235.18331041940382 F300
G1 X32.35634609372201 Y235.2272395209658 F300
G1 X32.40600507809643 Y235.1750339220081 F300
G1 X31.819010416645067 Y232.83151185172343 F300
G1 X31.790997656228726 Y232.63669583610076 F300
G1 X31.908778580706496 Y232.46161608349865 F300
G1 X32.10232128903753 Y232.6233261095384 F300
G1 X32.2150089843487 Y232.9989517605756 F300
G1 X32.24684166663998 Y233.0225079454712 F300
G1 X32.29650065101439 Y233.0225079454712 F300
G1 X32.32196679684742 Y233.00850156526297 F300
G1 X32.332153255180636 Y232.98303541942997 F300
G1 X32.176173111953325 Y232.52591810172703 F300
G1 X31.90050208331076 Y232.3540216173541 F300
G1 X31.657937044251142 Y232.43423997672815 F300
G1 X31.526786393211026 Y232.64879225537146 F300
G1 X30.999637174467292 Y232.3540216173541 F300
M3 S90
G4 P0.2
G0 X31.003457096342245 Y232.46161608349865
M3 S30
G4 P0.2
G1 X31.288677929672193 Y232.57175716422654 F300
G1 X31.526786393211026 Y232.83151185172343 F300
G1 X31.530606315085986 Y232.84742819286907 F300
G1 X31.753435091125006 Y233.74510983348344 F300
G1 X31.647750585917926 Y233.99149479441803 F300
G1 X31.43128834633717 Y234.09526933868761 F300
G1 X31.175353580715203 Y233.98258164337642 F300
G1 X30.975444335925914 Y233.71709707306707 F300
G1 X30.823284114573553 Y233.26952956005155 F300
G1 X30.750705598949413 Y232.82769192984844 F300
G1 X30.811187695302863 Y232.57366712516398 F300
G1 X31.003457096342245 Y232.46161608349865 F300;svg > g > g > g#figure_1 > g#text_1 > g > use > path#Cmmi10-74
M3 S90
G4 P0.2
G0 X32.66265606815588 Y232.73028392203716
M3 S30
G4 P0.2
G1 X32.67475248742657 Y232.84360827099408 F300
G1 X32.96888647179807 Y234.01314101837607 F300
G1 X32.541055221803155 Y234.01314101837607 F300
G1 X32.499672734824486 Y234.0672565782713 F300
G1 X32.553151641073846 Y234.1563880886869 F300
G1 X33.004539075964324 Y234.1563880886869 F300
G1 X33.16815906294154 Y234.82105449492903 F300
G1 X33.23182442752412 Y234.91273261992788 F300
G1 X33.33878224002285 Y234.95029518503162 F300
G1 X33.42536713585516 Y234.91909915638615 F300
G1 X33.46038308637558 Y234.83697083607467 F300
G1 X33.459109779083924 Y234.81787122669985 F300
G1 X33.45656316450062 Y234.80322819284584 F300
G1 X33.29357983116922 Y234.1563880886869 F300
G1 X33.71313458376841 Y234.1563880886869 F300
G1 X33.755153724392905 Y234.10290918243751 F300
G1 X33.74687722699717 Y234.0685298855629 F300
G1 X33.73096088585153 Y234.02905735952174 F300
G1 X33.70103816449772 Y234.01314101837607 F300
G1 X33.25729057335715 Y234.01314101837607 F300
G1 X32.96506654992312 Y232.8353317735984 F300
G1 X32.93514382856931 Y232.63669583610076 F300
G1 X33.054834713984555 Y232.46161608349865 F300
G1 X33.37188822960579 Y232.62969264599667 F300
G1 X33.583893893665774 Y232.9989517605756 F300
G1 X33.61572657595706 Y233.0225079454712 F300
G1 X33.66538556033147 Y233.0225079454712 F300
G1 X33.6908517061645 Y233.01168483349215 F300
G1 X33.70103816449772 Y232.98685534130493 F300
G1 X33.69721824262276 Y232.97475892203425 F300
G1 X33.4361902478342 Y232.5411977892269 F300
G1 X33.044648255651346 Y232.3540216173541 F300
G1 X32.77279714888374 Y232.45906946891537 F300
G1 X32.66265606815588 Y232.73028392203716 F300;svg > g > g > g#figure_1 > g#text_1 > g > use > path#Cmr10-3d
M3 S90
G4 P0.2
G0 X36.30349636759182 Y235.63651689381516
M3 S30
G4 P0.2
G1 X36.22345990925943 Y235.67289710214803 F300
G1 X36.192536732176464 Y235.75293356048041 F300
G1 X36.22345990925943 Y235.83478902922946 F300
G1 X36.30349636759182 Y235.8693502271457 F300
G1 X39.95879779984007 Y235.8693502271457 F300
G1 X40.0324677217142 Y235.83478902922946 F300
G1 X40.064300404005486 Y235.75293356048041 F300
G1 X40.0324677217142 Y235.67289710214803 F300
G1 X39.95879779984007 Y235.63651689381516 F300
G1 X36.30349636759182 Y235.63651689381516 F300
M3 S90
G4 P0.2
G0 X36.30349636759182 Y236.76794137296835
M3 S30
G4 P0.2
G1 X36.22345990925943 Y236.8015930656763 F300
G1 X36.192536732176464 Y236.88435803963364 F300
G1 X36.22345990925943 Y236.96348499275769 F300
G1 X36.30349636759182 Y237.0007747062989 F300
G1 X39.95879779984007 Y237.0007747062989 F300
G1 X40.0324677217142 Y236.96348499275769 F300
G1 X40.064300404005486 Y236.88435803963364 F300
G1 X40.0324677217142 Y236.8015930656763 F300
G1 X39.95879779984007 Y236.76794137296835 F300
G1 X36.30349636759182 Y236.76794137296835 F300;svg > g > g > g#figure_1 > g#text_1 > g > use > path#Cmr10-6c
M3 S90
G4 P0.2
G0 X43.04440792905343 Y234.86343746674098
M3 S30
G4 P0.2
G1 X43.04440792905343 Y235.06807613861355 F300
G1 X43.37092029884121 Y235.0989993156965 F300
G1 X43.49916053321469 Y235.25270569590305 F300
G1 X43.49916053321469 Y238.30864319586672 F300
G1 X43.45186626238192 Y238.5342004875307 F300
G1 X43.31725949155019 Y238.61969397711303 F300
G1 X43.04440792905343 Y238.6351555656545 F300
G1 X43.04440792905343 Y238.83979423752712 F300
G1 X43.90843787695983 Y238.90255009690134 F300
G1 X43.90843787695983 Y235.25270569590305 F300
G1 X44.03576860612499 Y235.0989993156965 F300
G1 X44.36046196549613 Y235.06807613861355 F300
G1 X44.36046196549613 Y234.86343746674098 F300
G1 X43.04440792905343 Y234.86343746674098 F300;svg > g > g > g#figure_1 > g#text_1 > g > use > path#Cmr10-69
M3 S90
G4 P0.2
G0 X44.65593747732596 Y234.86343746674098
M3 S30
G4 P0.2
G1 X44.65593747732596 Y235.06807613861355 F300
G1 X44.98244984711375 Y235.0989993156965 F300
G1 X45.11069008148723 Y235.25270569590305 F300
G1 X45.11069008148723 Y236.8416112948425 F300
G1 X45.02337758148826 Y237.1171913729642 F300
G1 X44.68140362315899 Y237.1681236646303 F300
G1 X44.68140362315899 Y237.37276233650283 F300
G1 X45.519967425232366 Y237.4355181958771 F300
G1 X45.519967425232366 Y235.25270569590305 F300
G1 X45.630927060647714 Y235.0989993156965 F300
G1 X45.92651625335253 Y235.06807613861355 F300
G1 X45.92651625335253 Y234.86343746674098 F300
G1 X44.65593747732596 Y234.86343746674098 F300
M3 S90
G4 P0.2
G0 X44.90332289398968 Y238.43597392503187
M3 S30
G4 P0.2
G1 X44.99973044607187 Y238.66062171148755 F300
G1 X45.221649716902576 Y238.75702926356973 F300
G1 X45.379903623150696 Y238.71428251877856 F300
G1 X45.49995831064927 Y238.59513733648834 F300
G1 X45.542705055440436 Y238.43597392503187 F300
G1 X45.44538799814992 Y238.2140546542012 F300
G1 X45.221649716902576 Y238.11764710211904 F300
G1 X44.99973044607187 Y238.2140546542012 F300
G1 X44.90332289398968 Y238.43597392503187 F300;svg > g > g > g#figure_1 > g#text_1 > g > use > path#Cmr10-6d
M3 S90
G4 P0.2
G0 X46.262009994348546 Y234.86343746674098
M3 S30
G4 P0.2
G1 X46.262009994348546 Y235.06807613861355 F300
G1 X46.58852236413634 Y235.0989993156965 F300
G1 X46.71676259850982 Y235.25270569590305 F300
G1 X46.71676259850982 Y236.8416112948425 F300
G1 X46.669468327677045 Y237.06716858650648 F300
G1 X46.53486155684531 Y237.1526620760888 F300
G1 X46.262009994348546 Y237.1681236646303 F300
G1 X46.262009994348546 Y237.37276233650283 F300
G1 X47.106030827671866 Y237.4355181958771 F300
G1 X47.106030827671866 Y236.86707744067553 F300
G1 X47.4507333016261 Y237.27635478442068 F300
G1 X47.95005166099517 Y237.4355181958771 F300
G1 X48.73768317140249 Y236.88981507088357 F300
G1 X49.07783811931511 Y237.28454033129555 F300
G1 X49.56988043701761 Y237.4355181958771 F300
G1 X50.01462848388732 Y237.3500247062948 F300
G1 X50.28657054117576 Y237.08990621671452 F300
G1 X50.37752106200802 Y236.6515247063031 F300
G1 X50.37752106200802 Y235.25270569590305 F300
G1 X50.50667080158982 Y235.0989993156965 F300
G1 X50.83227366616928 Y235.06807613861355 F300
G1 X50.83227366616928 Y234.86343746674098 F300
G1 X49.49893903076845 Y234.86343746674098 F300
G1 X49.49893903076845 Y235.06807613861355 F300
G1 X49.82545140055623 Y235.0989993156965 F300
G1 X49.95369163492971 Y235.25270569590305 F300
G1 X49.95369163492971 Y236.63424410734495 F300
G1 X49.870926660972366 Y237.10627731046432 F300
G1 X49.533500228684694 Y237.2854498365039 F300
G1 X48.97870205160796 Y237.01532678963207 F300
G1 X48.76042080161056 Y236.40141077401435 F300
G1 X48.76042080161056 Y235.25270569590305 F300
G1 X48.8877515307757 Y235.0989993156965 F300
G1 X49.21517340577182 Y235.06807613861355 F300
G1 X49.21517340577182 Y234.86343746674098 F300
G1 X47.88183877037098 Y234.86343746674098 F300
G1 X47.88183877037098 Y235.06807613861355 F300
G1 X48.20835114015877 Y235.0989993156965 F300
G1 X48.33659137453225 Y235.25270569590305 F300
G1 X48.33659137453225 Y236.63424410734495 F300
G1 X48.2538264005749 Y237.10172978442273 F300
G1 X47.91549046307892 Y237.2854498365039 F300
G1 X47.35978278079384 Y237.01532678963207 F300
G1 X47.142411036004766 Y236.40141077401435 F300
G1 X47.142411036004766 Y235.25270569590305 F300
G1 X47.27065127037824 Y235.0989993156965 F300
G1 X47.594435124541064 Y235.06807613861355 F300
G1 X47.594435124541064 Y234.86343746674098 F300
G1 X46.262009994348546 Y234.86343746674098 F300;svg > g > g > g#figure_1 > g#text_1 > g > use > path#Cmr10-a2
M3 S90
G4 P0.2
G0 X41.63094588479938 Y230.85552083612194
M3 S30
G4 P0.2
G1 X41.59720324157062 Y230.88735351841322 F300
G1 X41.59974985615391 Y230.89308340122565 F300
G1 X41.60102316344557 Y230.90135989862137 F300
G1 X43.00357114519974 Y233.72873873973364 F300
G1 X43.077422968115535 Y233.7720311876498 F300
G1 X43.13281183530237 Y233.7720311876498 F300
G1 X43.20666365821817 Y233.72873873973364 F300
G1 X44.60921163997235 Y230.90135989862137 F300
G1 X44.611758254555646 Y230.89435670851734 F300
G1 X44.61303156184729 Y230.88735351841322 F300
G1 X44.57928891861854 Y230.85552083612194 F300
G1 X41.63094588479938 Y230.85552083612194 F300
M3 S90
G4 P0.2
G0 X41.89961372333785 Y231.18212415643052
M3 S30
G4 P0.2
G1 X44.046409817062354 Y231.18212415643052 F300
G1 X42.97364842384594 Y233.34419993765488 F300
G1 X41.89961372333785 Y231.18212415643052 F300;svg > g > g > g#figure_1 > g#text_1 > g > use > path#Cmmi10-74
M3 S90
G4 P0.2
G0 X45.056938323675354 Y231.1859440783055
M3 S30
G4 P0.2
G1 X45.06903474294605 Y231.29926842726246 F300
G1 X45.363168727317564 Y232.46880117464445 F300
G1 X44.93533747732264 Y232.46880117464445 F300
G1 X44.89395499034396 Y232.52291673453965 F300
G1 X44.94743389659333 Y232.61204824495528 F300
G1 X45.398821331483795 Y232.61204824495528 F300
G1 X45.562441318461026 Y233.27671465119738 F300
G1 X45.62610668304361 Y233.36839277619623 F300
G1 X45.73306449554233 Y233.4059553413 F300
G1 X45.81964939137464 Y233.3747593126545 F300
G1 X45.85466534189505 Y233.29263099234302 F300
G1 X45.853392034603395 Y233.2735313829682 F300
G1 X45.85084542002009 Y233.2588883491142 F300
G1 X45.6878620866887 Y232.61204824495528 F300
G1 X46.107416839287886 Y232.61204824495528 F300
G1 X46.14943597991239 Y232.55856933870587 F300
G1 X46.141159482516656 Y232.52419004183125 F300
G1 X46.125243141371 Y232.4847175157901 F300
G1 X46.095320420017195 Y232.46880117464445 F300
G1 X45.65157282887664 Y232.46880117464445 F300
G1 X45.3593488054426 Y231.29099192986675 F300
G1 X45.32942608408879 Y231.0923559923691 F300
G1 X45.44911696950404 Y230.917276239767 F300
G1 X45.766170485125265 Y231.08535280226505 F300
G1 X45.97817614918526 Y231.45461191684396 F300
G1 X46.01000883147655 Y231.47816810173956 F300
G1 X46.05966781585095 Y231.47816810173956 F300
G1 X46.08513396168398 Y231.4673449897605 F300
G1 X46.095320420017195 Y231.44251549757328 F300
G1 X46.091500498142246 Y231.4304190783026 F300
G1 X45.83047250335368 Y230.99685794549526 F300
G1 X45.438930511170824 Y230.80968177362246 F300
G1 X45.167079404403225 Y230.91472962518372 F300
G1 X45.056938323675354 Y231.1859440783055 F300;svg > g > g > g#figure_1 > g#text_1 > g > use > path#Cmsy10-21
M3 S90
G4 P0.2
G0 X46.58068923961561 Y231.7926750027775
M3 S30
G4 P0.2
G1 X46.52466371878293 Y231.8181411486105 F300
G1 X46.50301749482485 Y231.87416666944318 F300
G1 X46.52466371878293 Y231.92955553663003 F300
G1 X46.58068923961561 Y231.95565833610888 F300
G1 X49.67291599739139 Y231.95565833610888 F300
G1 X49.39788162239465 Y232.2135030626683 F300
G1 X49.199245684897 Y232.52800996370624 F300
G1 X49.085921335940014 Y232.88517265901447 F300
G1 X49.1273038229187 Y232.93865156526385 F300
G1 X49.208795489584396 Y232.93865156526385 F300
G1 X49.2336249817716 Y232.92655514599315 F300
G1 X49.24890466927142 Y232.90108900016014 F300
G1 X49.35522582812432 Y232.57575898714316 F300
G1 X49.537308770830485 Y232.29563138297985 F300
G1 X49.78178377082759 Y232.0728026069408 F300
G1 X50.08865082811561 Y231.9200057319426 F300
G1 X50.11602693488612 Y231.87416666944318 F300
G1 X50.08865082811561 Y231.83469414340198 F300
G1 X49.698382143224414 Y231.6144119819462 F300
G1 X49.40615811979038 Y231.27061901320033 F300
G1 X49.24890466927142 Y230.84724433872617 F300
G1 X49.23298832812578 Y230.82177819289316 F300
G1 X49.208795489584396 Y230.80968177362246 F300
G1 X49.1273038229187 Y230.80968177362246 F300
G1 X49.085921335940014 Y230.8637973335177 F300
G1 X49.29219711718757 Y231.3877632840323 F300
G1 X49.67291599739139 Y231.7926750027775 F300
G1 X46.58068923961561 Y231.7926750027775 F300;svg > g > g > g#figure_1 > g#text_1 > g > use > path#Cmr10-30
M3 S90
G4 P0.2
G0 X51.367688002579584 Y230.76575267206047
M3 S30
G4 P0.2
G1 X50.68837856248349 Y231.17639427361814 F300
G1 X50.508205580714794 Y232.15493092725234 F300
G1 X50.5725075989432 Y232.8208706407861 F300
G1 X50.82907901821098 Y233.35120312775896 F300
G1 X51.367688002579584 Y233.56957532827718 F300
G1 X51.80697901819938 Y233.43778802359128 F300
G1 X52.068007012987934 Y233.0984516303661 F300
G1 X52.19024451298649 Y232.65279407828808 F300
G1 X52.223350502569424 Y232.15493092725234 F300
G1 X52.158411830695194 Y231.4991776720518 F300
G1 X51.90502367965655 Y230.97966829705797 F300
G1 X51.367688002579584 Y230.76575267206047 F300
M3 S90
G4 P0.2
G0 X51.367688002579584 Y230.87143717726758
M3 S30
G4 P0.2
G1 X51.70575108851307 Y231.10381575799397 F300
G1 X51.84326827601144 Y231.61950521111282 F300
G1 X51.8693710754903 Y232.22050625277234 F300
G1 X51.84326827601144 Y232.78521803661982 F300
G1 X51.706387742158896 Y233.25379511994763 F300
G1 X51.367688002579584 Y233.46389082307013 F300
G1 X51.02580499477115 Y233.25252181265597 F300
G1 X50.88828780727278 Y232.78394472932817 F300
G1 X50.862185007793926 Y232.22050625277234 F300
G1 X50.87300811977296 Y231.7926750027775 F300
G1 X50.93221690883476 Y231.37757682569904 F300
G1 X51.0862870911246 Y231.01723086216165 F300
G1 X51.367688002579584 Y230.87143717726758 F300;svg > g > g > g#figure_1 > g#text_1 > g > use > path#Cmmi10-66
M3 S90
G4 P0.2
G0 X52.78233240360446 Y237.39258955004428
M3 S30
G4 P0.2
G1 X52.96505199995646 Y237.33465406827415 F300
G1 X53.20188715620365 Y237.65680081306198 F300
G1 X53.408799591097015 Y238.679903221904 F300
G1 X53.5959757629698 Y239.67817613855877 F300
G1 X53.245816257765625 Y239.67817613855877 F300
G1 X53.20634373172443 Y239.732291698454 F300
G1 X53.257912677036316 Y239.8214232088696 F300
G1 X53.62207856244865 Y239.8214232088696 F300
G1 X53.66982758588559 Y240.0862711255331 F300
G1 X53.71312003380174 Y240.29827678959313 F300
G1 X53.756412481717895 Y240.46189677657034 F300
G1 X53.824534421821255 Y240.63124664635995 F300
G1 X54.01298390098568 Y240.85152880781573 F300
G1 X54.26828201296181 Y240.938113703648 F300
G1 X54.44272511191808 Y240.90500771406505 F300
G1 X54.58087895306227 Y240.80632639896209 F300
G1 X54.634357859311635 Y240.6516195630264 F300
G1 X54.56559926556245 Y240.4708099276119 F300
G1 X54.40006931764775 Y240.3944114901128 F300
G1 X54.28738162233659 Y240.43515732344568 F300
G1 X54.2409059061913 Y240.54211513594436 F300
G1 X54.301388002544755 Y240.6980952791717 F300
G1 X54.451638262959634 Y240.77449371667078 F300
G1 X54.26446209108686 Y240.8324291984409 F300
G1 X54.14795447390075 Y240.77449371667078 F300
G1 X54.07728591921409 Y240.6516195630264 F300
G1 X53.9639615702571 Y240.09009104740807 F300
G1 X53.91430258588269 Y239.8214232088696 F300
G1 X54.33385733848188 Y239.8214232088696 F300
G1 X54.37396651816889 Y239.76794430262024 F300
G1 X54.36569002077316 Y239.7329283520998 F300
G1 X54.3491370259817 Y239.6928191724128 F300
G1 X54.32239757285701 Y239.67817613855877 F300
G1 X53.88628982546634 Y239.67817613855877 F300
G1 X53.69720369265609 Y238.6837231437789 F300
G1 X53.61443871869874 Y238.2425221672217 F300
G1 X53.483288067658634 Y237.7834948885813 F300
G1 X53.26746248172369 Y237.38813297452353 F300
G1 X52.95741215620655 Y237.22896956306704 F300
G1 X52.7116638489178 Y237.30791461514946 F300
G1 X52.60343272912743 Y237.51546370368865 F300
G1 X52.6696447082933 Y237.6962733391032 F300
G1 X52.8377212707913 Y237.77267177660227 F300
G1 X52.951045619748285 Y237.73192594326943 F300
G1 X52.996884682247746 Y237.6249681307707 F300
G1 X52.93194601037352 Y237.46516806566845 F300
G1 X52.78233240360446 Y237.39258955004428 F300;svg > g > g > g#figure_1 > g#text_1 > g > use > path#Cmr10-28
M3 S90
G4 P0.2
G0 X55.64098684415385 Y237.053889810465
M3 S30
G4 P0.2
G1 X55.250081505616826 Y237.46516806566845 F300
G1 X54.98141366707834 Y237.95984794847504 F300
G1 X54.825433523851025 Y238.50864339117686 F300
G1 X54.77386457853915 Y239.08354163335753 F300
G1 X54.825433523851025 Y239.66225979741318 F300
G1 X54.98332362801582 Y240.21360185469828 F300
G1 X55.255174734783424 Y240.70891839115072 F300
G1 X55.64098684415385 Y241.11319345625012 F300
G1 X55.66135976082026 Y241.12083330000002 F300
G1 X55.69892232592399 Y241.12083330000002 F300
G1 X55.72056854988207 Y241.11001018802096 F300
G1 X55.730755008215276 Y241.0851806958338 F300
G1 X55.72311516446537 Y241.0590778963549 F300
G1 X55.39141861499014 Y240.64143310469322 F300
G1 X55.17813964363851 Y240.16648948490715 F300
G1 X55.06226868009823 Y239.64507014897586 F300
G1 X55.026616075931976 Y239.08354163335753 F300
G1 X55.718658588944585 Y237.1156452141101 F300
G1 X55.730755008215276 Y237.0819025708813 F300
G1 X55.71993189623624 Y237.05961969327743 F300
G1 X55.69892232592399 Y237.04624996671507 F300
G1 X55.66135976082026 Y237.04624996671507 F300
G1 X55.64098684415385 Y237.053889810465 F300;svg > g > g > g#figure_1 > g#text_1 > g > use > path#Cmmi10-74
M3 S90
G4 P0.2
G0 X56.21230387683456 Y238.39531904221988
M3 S30
G4 P0.2
G1 X56.22440029610525 Y238.50864339117686 F300
G1 X56.518534280476764 Y239.67817613855877 F300
G1 X56.09070303048183 Y239.67817613855877 F300
G1 X56.04932054350316 Y239.732291698454 F300
G1 X56.10279944975253 Y239.8214232088696 F300
G1 X56.554186884642995 Y239.8214232088696 F300
G1 X56.717806871620226 Y240.4860896151117 F300
G1 X56.7814722362028 Y240.5777677401106 F300
G1 X56.88843004870152 Y240.61533030521431 F300
G1 X56.97501494453384 Y240.5841342765689 F300
G1 X57.01003089505425 Y240.50200595625734 F300
G1 X57.008757587762595 Y240.48290634688257 F300
G1 X57.00621097317929 Y240.46826331302856 F300
G1 X56.843227639847896 Y239.8214232088696 F300
G1 X57.26278239244708 Y239.8214232088696 F300
G1 X57.30480153307158 Y239.76794430262024 F300
G1 X57.29652503567584 Y239.73356500574565 F300
G1 X57.2806086945302 Y239.6940924797044 F300
G1 X57.25068597317639 Y239.67817613855877 F300
G1 X56.80693838203583 Y239.67817613855877 F300
G1 X56.5147143586018 Y238.50036689378112 F300
G1 X56.484791637247994 Y238.30173095628348 F300
G1 X56.60448252266324 Y238.12665120368138 F300
G1 X56.92153603828447 Y238.29472776617945 F300
G1 X57.13354170234446 Y238.66398688075836 F300
G1 X57.16537438463574 Y238.68754306565387 F300
G1 X57.21503336901016 Y238.68754306565387 F300
G1 X57.24049951484318 Y238.67671995367488 F300
G1 X57.25068597317639 Y238.65189046148765 F300
G1 X57.246866051301446 Y238.63979404221695 F300
G1 X56.985838056512875 Y238.2062329094096 F300
G1 X56.59429606433002 Y238.01905673753686 F300
G1 X56.32244495756242 Y238.1241045890981 F300
G1 X56.21230387683456 Y238.39531904221988 F300;svg > g > g > g#figure_1 > g#text_1 > g > use > path#Cmr10-2b
M3 S90
G4 P0.2
G0 X57.73605485098312 Y239.00204996669186
M3 S30
G4 P0.2
G1 X57.68002933015046 Y239.02751611252486 F300
G1 X57.65838310619239 Y239.08354163335753 F300
G1 X57.68002933015046 Y239.1389305005444 F300
G1 X57.73605485098312 Y239.16503330002325 F300
G1 X58.93423701242723 Y239.16503330002325 F300
G1 X58.93423701242723 Y240.36703538334228 F300
G1 X58.957793197322786 Y240.41924098230004 F300
G1 X59.01572867909294 Y240.44025055261227 F300
G1 X59.07111754627978 Y240.41924098230004 F300
G1 X59.09722034575863 Y240.36703538334228 F300
G1 X59.09722034575863 Y239.16503330002325 F300
G1 X60.2947658535569 Y239.16503330002325 F300
G1 X60.34633479886879 Y239.1389305005444 F300
G1 X60.36861767647269 Y239.08354163335753 F300
G1 X60.34633479886879 Y239.02751611252486 F300
G1 X60.2947658535569 Y239.00204996669186 F300
G1 X59.09722034575863 Y239.00204996669186 F300
G1 X59.09722034575863 Y237.80004788337274 F300
G1 X59.07111754627978 Y237.74784228441507 F300
G1 X59.01572867909294 Y237.7268327141028 F300
G1 X58.957793197322786 Y237.74784228441507 F300
G1 X58.93423701242723 Y237.80004788337274 F300
G1 X58.93423701242723 Y239.00204996669186 F300
G1 X57.73605485098312 Y239.00204996669186 F300;svg > g > g > g#figure_1 > g#text_1 > g > use > path#Cmr10-a2
M3 S90
G4 P0.2
G0 X60.81610556048822 Y238.0648958000363
M3 S30
G4 P0.2
G1 X60.78236291725946 Y238.0967284823276 F300
G1 X60.78490953184276 Y238.10245836514002 F300
G1 X60.78618283913441 Y238.11073486253574 F300
G1 X62.18873082088859 Y240.938113703648 F300
G1 X62.26258264380437 Y240.98140615156416 F300
G1 X62.31797151099122 Y240.98140615156416 F300
G1 X62.391823333907006 Y240.938113703648 F300
G1 X63.79437131566118 Y238.11073486253574 F300
G1 X63.796917930244504 Y238.10373167243165 F300
G1 X63.798191237536145 Y238.0967284823276 F300
G1 X63.76444859430738 Y238.0648958000363 F300
G1 X60.81610556048822 Y238.0648958000363 F300
M3 S90
G4 P0.2
G0 X61.084773399026695 Y238.39149912034492
M3 S30
G4 P0.2
G1 X63.23156949275122 Y238.39149912034492 F300
G1 X62.15880809953478 Y240.55357490156925 F300
G1 X61.084773399026695 Y238.39149912034492 F300;svg > g > g > g#figure_1 > g#text_1 > g > use > path#Cmmi10-74
M3 S90
G4 P0.2
G0 X64.2420979993642 Y238.39531904221988
M3 S30
G4 P0.2
G1 X64.2541944186349 Y238.50864339117686 F300
G1 X64.54832840300641 Y239.67817613855877 F300
G1 X64.12049715301148 Y239.67817613855877 F300
G1 X64.07911466603281 Y239.732291698454 F300
G1 X64.13259357228216 Y239.8214232088696 F300
G1 X64.58398100717264 Y239.8214232088696 F300
G1 X64.74760099414986 Y240.4860896151117 F300
G1 X64.81126635873244 Y240.5777677401106 F300
G1 X64.91822417123117 Y240.61533030521431 F300
G1 X65.00480906706348 Y240.5841342765689 F300
G1 X65.03982501758391 Y240.50200595625734 F300
G1 X65.03855171029224 Y240.48290634688257 F300
G1 X65.03600509570893 Y240.46826331302856 F300
G1 X64.87302176237755 Y239.8214232088696 F300
G1 X65.29257651497672 Y239.8214232088696 F300
G1 X65.33459565560123 Y239.76794430262024 F300
G1 X65.3263191582055 Y239.73356500574565 F300
G1 X65.31040281705985 Y239.6940924797044 F300
G1 X65.28048009570604 Y239.67817613855877 F300
G1 X64.83673250456548 Y239.67817613855877 F300
G1 X64.54450848113144 Y238.50036689378112 F300
G1 X64.51458575977765 Y238.30173095628348 F300
G1 X64.63427664519287 Y238.12665120368138 F300
G1 X64.95133016081411 Y238.29472776617945 F300
G1 X65.1633358248741 Y238.66398688075836 F300
G1 X65.19516850716538 Y238.68754306565387 F300
G1 X65.2448274915398 Y238.68754306565387 F300
G1 X65.27029363737283 Y238.67671995367488 F300
G1 X65.28048009570604 Y238.65189046148765 F300
G1 X65.27666017383109 Y238.63979404221695 F300
G1 X65.01563217904253 Y238.2062329094096 F300
G1 X64.62409018685968 Y238.01905673753686 F300
G1 X64.35223908009206 Y238.1241045890981 F300
G1 X64.2420979993642 Y238.39531904221988 F300;svg > g > g > g#figure_1 > g#text_1 > g > use > path#Cmr10-29
M3 S90
G4 P0.2
G0 X65.72446642832577 Y237.04624996671507
M3 S30
G4 P0.2
G1 X65.6881771705137 Y237.0819025708813 F300
G1 X65.69645366790944 Y237.10800537036013 F300
G1 X66.39295275644282 Y239.08354163335753 F300
G1 X65.70409351165935 Y241.051438052605 F300
G1 X65.6881771705137 Y241.0851806958338 F300
G1 X65.69900028249275 Y241.11001018802096 F300
G1 X65.72446642832577 Y241.12083330000002 F300
G1 X65.76202899342951 Y241.12083330000002 F300
G1 X65.78176525645009 Y241.11319345625012 F300
G1 X66.26944194915264 Y240.55166494063175 F300
G1 X66.55466278248258 Y239.8475260083485 F300
G1 X66.64570425383566 Y239.08354163335753 F300
G1 X66.59668192310708 Y238.51564658128098 F300
G1 X66.44133843352559 Y237.96494117764163 F300
G1 X66.17203394134128 Y237.4632581047309 F300
G1 X65.78176525645009 Y237.053889810465 F300
G1 X65.76202899342951 Y237.04624996671507 F300
G1 X65.72446642832577 Y237.04624996671507 F300;svg > g > g > g#figure_1 > g#text_1 > g > use > path#Cmsy10-a1
M3 S90
G4 P0.2
G0 X67.45703976920103 Y239.00204996669186
M3 S30
G4 P0.2
G1 X67.40101424836837 Y239.02751611252486 F300
G1 X67.37936802441027 Y239.08354163335753 F300
G1 X67.40101424836837 Y239.1389305005444 F300
G1 X67.45703976920103 Y239.16503330002325 F300
G1 X69.79483195667326 Y239.16503330002325 F300
G1 X69.84767420927682 Y239.1389305005444 F300
G1 X69.86868377958906 Y239.08354163335753 F300
G1 X69.84767420927682 Y239.02751611252486 F300
G1 X69.79483195667326 Y239.00204996669186 F300
G1 X67.45703976920103 Y239.00204996669186 F300;svg > g > g > g#figure_1 > g#text_1 > g > use > path#Cmmi10-66
M3 S90
G4 P0.2
G0 X70.6026658624345 Y237.39258955004428
M3 S30
G4 P0.2
G1 X70.78538545878652 Y237.33465406827415 F300
G1 X71.0222206150337 Y237.65680081306198 F300
G1 X71.22913304992707 Y238.679903221904 F300
G1 X71.41630922179984 Y239.67817613855877 F300
G1 X71.06614971659567 Y239.67817613855877 F300
G1 X71.02667719055447 Y239.732291698454 F300
G1 X71.07824613586637 Y239.8214232088696 F300
G1 X71.44241202127871 Y239.8214232088696 F300
G1 X71.49016104471566 Y240.0862711255331 F300
G1 X71.53345349263179 Y240.29827678959313 F300
G1 X71.57674594054794 Y240.46189677657034 F300
G1 X71.6448678806513 Y240.63124664635995 F300
G1 X71.83331735981572 Y240.85152880781573 F300
G1 X72.08861547179188 Y240.938113703648 F300
G1 X72.26305857074813 Y240.90500771406505 F300
G1 X72.40121241189232 Y240.80632639896209 F300
G1 X72.4546913181417 Y240.6516195630264 F300
G1 X72.3859327243925 Y240.4708099276119 F300
G1 X72.2204027764778 Y240.3944114901128 F300
G1 X72.10771508116665 Y240.43515732344568 F300
G1 X72.06123936502136 Y240.54211513594436 F300
G1 X72.12172146137482 Y240.6980952791717 F300
G1 X72.27197172178968 Y240.77449371667078 F300
G1 X72.0847955499169 Y240.8324291984409 F300
G1 X71.96828793273079 Y240.77449371667078 F300
G1 X71.89761937804414 Y240.6516195630264 F300
G1 X71.78429502908715 Y240.09009104740807 F300
G1 X71.73463604471274 Y239.8214232088696 F300
G1 X72.15419079731191 Y239.8214232088696 F300
G1 X72.19429997699895 Y239.76794430262024 F300
G1 X72.18602347960321 Y239.7329283520998 F300
G1 X72.16947048481173 Y239.6928191724128 F300
G1 X72.14273103168706 Y239.67817613855877 F300
G1 X71.7066232842964 Y239.67817613855877 F300
G1 X71.51753715148615 Y238.6837231437789 F300
G1 X71.4347721775288 Y238.2425221672217 F300
G1 X71.3036215264887 Y237.7834948885813 F300
G1 X71.08779594055376 Y237.38813297452353 F300
G1 X70.7777456150366 Y237.22896956306704 F300
G1 X70.53199730774786 Y237.30791461514946 F300
G1 X70.42376618795747 Y237.51546370368865 F300
G1 X70.48997816712335 Y237.6962733391032 F300
G1 X70.65805472962136 Y237.77267177660227 F300
G1 X70.77137907857835 Y237.73192594326943 F300
G1 X70.8172181410778 Y237.6249681307707 F300
G1 X70.75227946920357 Y237.46516806566845 F300
G1 X70.6026658624345 Y237.39258955004428 F300;svg > g > g > g#figure_1 > g#text_1 > g > use > path#Cmr10-28
M3 S90
G4 P0.2
G0 X73.46132030298389 Y237.053889810465
M3 S30
G4 P0.2
G1 X73.07041496444687 Y237.46516806566845 F300
G1 X72.80174712590839 Y237.95984794847504 F300
G1 X72.64576698268108 Y238.50864339117686 F300
G1 X72.59419803736918 Y239.08354163335753 F300
G1 X72.64576698268108 Y239.66225979741318 F300
G1 X72.80365708684587 Y240.21360185469828 F300
G1 X73.07550819361346 Y240.70891839115072 F300
G1 X73.46132030298389 Y241.11319345625012 F300
G1 X73.48169321965032 Y241.12083330000002 F300
G1 X73.51925578475404 Y241.12083330000002 F300
G1 X73.54090200871212 Y241.11001018802096 F300
G1 X73.55108846704533 Y241.0851806958338 F300
G1 X73.54344862329542 Y241.0590778963549 F300
G1 X73.21175207382018 Y240.64143310469322 F300
G1 X72.99847310246855 Y240.16648948490715 F300
G1 X72.88260213892826 Y239.64507014897586 F300
G1 X72.84694953476202 Y239.08354163335753 F300
G1 X73.53899204777463 Y237.1156452141101 F300
G1 X73.55108846704533 Y237.0819025708813 F300
G1 X73.5402653550663 Y237.05961969327743 F300
G1 X73.51925578475404 Y237.04624996671507 F300
G1 X73.48169321965032 Y237.04624996671507 F300
G1 X73.46132030298389 Y237.053889810465 F300;svg > g > g > g#figure_1 > g#text_1 > g > use > path#Cmmi10-74
M3 S90
G4 P0.2
G0 X74.0326373356646 Y238.39531904221988
M3 S30
G4 P0.2
G1 X74.0447337549353 Y238.50864339117686 F300
G1 X74.3388677393068 Y239.67817613855877 F300
G1 X73.91103648931188 Y239.67817613855877 F300
G1 X73.8696540023332 Y239.732291698454 F300
G1 X73.92313290858256 Y239.8214232088696 F300
G1 X74.37452034347304 Y239.8214232088696 F300
G1 X74.53814033045026 Y240.4860896151117 F300
G1 X74.60180569503284 Y240.5777677401106 F300
G1 X74.70876350753157 Y240.61533030521431 F300
G1 X74.79534840336387 Y240.5841342765689 F300
G1 X74.83036435388429 Y240.50200595625734 F300
G1 X74.82909104659265 Y240.48290634688257 F300
G1 X74.82654443200934 Y240.46826331302856 F300
G1 X74.66356109867795 Y239.8214232088696 F300
G1 X75.08311585127714 Y239.8214232088696 F300
G1 X75.12513499190163 Y239.76794430262024 F300
G1 X75.1168584945059 Y239.73356500574565 F300
G1 X75.10094215336025 Y239.6940924797044 F300
G1 X75.07101943200644 Y239.67817613855877 F300
G1 X74.62727184086587 Y239.67817613855877 F300
G1 X74.33504781743186 Y238.50036689378112 F300
G1 X74.30512509607803 Y238.30173095628348 F300
G1 X74.42481598149328 Y238.12665120368138 F300
G1 X74.74186949711452 Y238.29472776617945 F300
G1 X74.9538751611745 Y238.66398688075836 F300
G1 X74.98570784346579 Y238.68754306565387 F300
G1 X75.03536682784019 Y238.68754306565387 F300
G1 X75.06083297367323 Y238.67671995367488 F300
G1 X75.07101943200644 Y238.65189046148765 F300
G1 X75.06719951013147 Y238.63979404221695 F300
G1 X74.80617151534292 Y238.2062329094096 F300
G1 X74.41462952316009 Y238.01905673753686 F300
G1 X74.14277841639247 Y238.1241045890981 F300
G1 X74.0326373356646 Y238.39531904221988 F300;svg > g > g > g#figure_1 > g#text_1 > g > use > path#Cmr10-29
M3 S90
G4 P0.2
G0 X75.51500576462617 Y237.04624996671507
M3 S30
G4 P0.2
G1 X75.47871650681411 Y237.0819025708813 F300
G1 X75.48699300420984 Y237.10800537036013 F300
G1 X76.18349209274324 Y239.08354163335753 F300
G1 X75.49463284795975 Y241.051438052605 F300
G1 X75.47871650681411 Y241.0851806958338 F300
G1 X75.48953961879313 Y241.11001018802096 F300
G1 X75.51500576462617 Y241.12083330000002 F300
G1 X75.5525683297299 Y241.12083330000002 F300
G1 X75.5723045927505 Y241.11319345625012 F300
G1 X76.05998128545303 Y240.55166494063175 F300
G1 X76.34520211878296 Y239.8475260083485 F300
G1 X76.43624359013607 Y239.08354163335753 F300
G1 X76.38722125940748 Y238.51564658128098 F300
G1 X76.231877769826 Y237.96494117764163 F300
G1 X75.9625732776417 Y237.4632581047309 F300
G1 X75.5723045927505 Y237.053889810465 F300
G1 X75.5525683297299 Y237.04624996671507 F300
G1 X75.51500576462617 Y237.04624996671507 F300;svg > g > g > g#figure_1 > g#text_1 > g > use > path#Cmr10-a2
M3 S90
G4 P0.2
G0 X62.38625265088624 Y232.31072916943796
M3 S30
G4 P0.2
G1 X62.35251000765748 Y232.34256185172924 F300
G1 X62.35505662224078 Y232.3482917345417 F300
G1 X62.356329929532436 Y232.35656823193742 F300
G1 X63.75887791128661 Y235.18394707304972 F300
G1 X63.832729734202395 Y235.2272395209658 F300
G1 X63.88811860138924 Y235.2272395209658 F300
G1 X63.96197042430503 Y235.18394707304972 F300
G1 X65.3645184060592 Y232.35656823193742 F300
G1 X65.36706502064251 Y232.34956504183336 F300
G1 X65.36833832793417 Y232.34256185172924 F300
G1 X65.3345956847054 Y232.31072916943796 F300
G1 X62.38625265088624 Y232.31072916943796 F300
M3 S90
G4 P0.2
G0 X62.654920489424725 Y232.63733248974657
M3 S30
G4 P0.2
G1 X64.80171658314922 Y232.63733248974657 F300
G1 X63.7289551899328 Y234.7994082709709 F300
G1 X62.654920489424725 Y232.63733248974657 F300;svg > g > g > g#figure_1 > g#text_1 > g > use > path#Cmmi10-74
M3 S90
G4 P0.2
G0 X65.81224508976223 Y232.64115241162153
M3 S30
G4 P0.2
G1 X65.82434150903292 Y232.7544767605785 F300
G1 X66.11847549340442 Y233.92400950796048 F300
G1 X65.69064424340951 Y233.92400950796048 F300
G1 X65.64926175643082 Y233.9781250678557 F300
G1 X65.7027406626802 Y234.0672565782713 F300
G1 X66.15412809757066 Y234.0672565782713 F300
G1 X66.31774808454789 Y234.7319229845134 F300
G1 X66.38141344913046 Y234.82360110951228 F300
G1 X66.4883712616292 Y234.86116367461602 F300
G1 X66.5749561574615 Y234.82996764597056 F300
G1 X66.60997210798192 Y234.74783932565904 F300
G1 X66.60869880069026 Y234.72873971628422 F300
G1 X66.60615218610697 Y234.71409668243024 F300
G1 X66.44316885277557 Y234.0672565782713 F300
G1 X66.86272360537475 Y234.0672565782713 F300
G1 X66.90474274599926 Y234.01377767202192 F300
G1 X66.89646624860352 Y233.9793983751473 F300
G1 X66.88054990745788 Y233.93992584910612 F300
G1 X66.85062718610406 Y233.92400950796048 F300
G1 X66.4068795949635 Y233.92400950796048 F300
G1 X66.11465557152947 Y232.7462002631828 F300
G1 X66.08473285017566 Y232.54756432568513 F300
G1 X66.20442373559091 Y232.37248457308309 F300
G1 X66.52147725121215 Y232.54056113558107 F300
G1 X66.73348291527213 Y232.90982025015998 F300
G1 X66.7653155975634 Y232.93337643505558 F300
G1 X66.81497458193782 Y232.93337643505558 F300
G1 X66.84044072777084 Y232.92255332307656 F300
G1 X66.85062718610406 Y232.89772383088933 F300
G1 X66.84680726422911 Y232.88562741161863 F300
G1 X66.58577926944055 Y232.4520662788113 F300
G1 X66.1942372772577 Y232.2648901069385 F300
G1 X65.9223861704901 Y232.36993795849975 F300
G1 X65.81224508976223 Y232.64115241162153 F300;svg > g > g > g#figure_1 > g#text_1 > g > use > path#Cmr10-3d
M3 S90
G4 P0.2
G0 X77.99692044663836 Y235.63651689381516
M3 S30
G4 P0.2
G1 X77.91688398830597 Y235.67289710214803 F300
G1 X77.885960811223 Y235.75293356048041 F300
G1 X77.91688398830597 Y235.83478902922946 F300
G1 X77.99692044663836 Y235.8693502271457 F300
G1 X81.65222187888659 Y235.8693502271457 F300
G1 X81.72589180076073 Y235.83478902922946 F300
G1 X81.75772448305203 Y235.75293356048041 F300
G1 X81.72589180076073 Y235.67289710214803 F300
G1 X81.65222187888659 Y235.63651689381516 F300
G1 X77.99692044663836 Y235.63651689381516 F300
M3 S90
G4 P0.2
G0 X77.99692044663836 Y236.76794137296835
M3 S30
G4 P0.2
G1 X77.91688398830597 Y236.8015930656763 F300
G1 X77.885960811223 Y236.88435803963364 F300
G1 X77.91688398830597 Y236.96348499275769 F300
G1 X77.99692044663836 Y237.0007747062989 F300
G1 X81.65222187888659 Y237.0007747062989 F300
G1 X81.72589180076073 Y236.96348499275769 F300
G1 X81.75772448305203 Y236.88435803963364 F300
G1 X81.72589180076073 Y236.8015930656763 F300
G1 X81.65222187888659 Y236.76794137296835 F300
G1 X77.99692044663836 Y236.76794137296835 F300;svg > g > g > g#figure_1 > g#text_1 > g > path
M3 S90
G4 P0.2
G0 X29.999999999999996 Y235.591041633399
M3 S30
G4 P0.2
G1 X29.999999999999996 Y235.95484371672802 F300
G1 X34.116363703326115 Y235.95484371672802 F300
G1 X34.116363703326115 Y235.591041633399 F300
G1 X29.999999999999996 Y235.591041633399 F300;svg > g > g > g#figure_1 > g#text_1 > g > path
M3 S90
G4 P0.2
G0 X52.38633383590083 Y235.591041633399
M3 S30
G4 P0.2
G1 X52.38633383590083 Y235.95484371672802 F300
G1 X76.8318442747772 Y235.95484371672802 F300
G1 X76.8318442747772 Y235.591041633399 F300
G1 X52.38633383590083 Y235.591041633399 F300;svg > g > g > g#figure_1 > g#text_1 > g > use > path#Cmr10-3d
M3 S90
G4 P0.2
G0 X31.45952849760767 Y217.3411175251116
M3 S30
G4 P0.2
G1 X31.379492039275288 Y217.3774977334445 F300
G1 X31.34856886219232 Y217.45753419177686 F300
G1 X31.379492039275288 Y217.53938966052593 F300
G1 X31.45952849760767 Y217.57395085844215 F300
G1 X35.11482992985592 Y217.57395085844215 F300
G1 X35.18849985173005 Y217.53938966052593 F300
G1 X35.22033253402134 Y217.45753419177686 F300
G1 X35.18849985173005 Y217.3774977334445 F300
G1 X35.11482992985592 Y217.3411175251116 F300
G1 X31.45952849760767 Y217.3411175251116 F300
M3 S90
G4 P0.2
G0 X31.45952849760767 Y218.4725420042648
M3 S30
G4 P0.2
G1 X31.379492039275288 Y218.5061936969728 F300
G1 X31.34856886219232 Y218.5889586709301 F300
G1 X31.379492039275288 Y218.66808562405419 F300
G1 X31.45952849760767 Y218.7053753375954 F300
G1 X35.11482992985592 Y218.7053753375954 F300
G1 X35.18849985173005 Y218.66808562405419 F300
G1 X35.22033253402134 Y218.5889586709301 F300
G1 X35.18849985173005 Y218.5061936969728 F300
G1 X35.11482992985592 Y218.4725420042648 F300
G1 X31.45952849760767 Y218.4725420042648 F300;svg > g > g > g#figure_1 > g#text_1 > g > use > path#Cmr10-6c
M3 S90
G4 P0.2
G0 X38.20044000086095 Y216.56803809803742
M3 S30
G4 P0.2
G1 X38.20044000086095 Y216.77267676991 F300
G1 X38.52695237064874 Y216.803599946993 F300
G1 X38.655192605022215 Y216.9573063271995 F300
G1 X38.655192605022215 Y220.0132438271632 F300
G1 X38.60789833418945 Y220.23880111882715 F300
G1 X38.473291563357705 Y220.32429460840953 F300
G1 X38.20044000086095 Y220.339756196951 F300
G1 X38.20044000086095 Y220.54439486882356 F300
G1 X39.06446994876736 Y220.6071507281978 F300
G1 X39.06446994876736 Y216.9573063271995 F300
G1 X39.19180067793251 Y216.803599946993 F300
G1 X39.51649403730366 Y216.77267676991 F300
G1 X39.51649403730366 Y216.56803809803742 F300
G1 X38.20044000086095 Y216.56803809803742 F300;svg > g > g > g#figure_1 > g#text_1 > g > use > path#Cmr10-69
M3 S90
G4 P0.2
G0 X39.81196954913349 Y216.56803809803742
M3 S30
G4 P0.2
G1 X39.81196954913349 Y216.77267676991 F300
G1 X40.13848191892128 Y216.803599946993 F300
G1 X40.26672215329475 Y216.9573063271995 F300
G1 X40.26672215329475 Y218.54621192613894 F300
G1 X40.179409653295785 Y218.8217920042607 F300
G1 X39.837435694966516 Y218.87272429592676 F300
G1 X39.837435694966516 Y219.07736296779927 F300
G1 X40.67599949703989 Y219.14011882717355 F300
G1 X40.67599949703989 Y216.9573063271995 F300
G1 X40.78695913245523 Y216.803599946993 F300
G1 X41.08254832516007 Y216.77267676991 F300
G1 X41.08254832516007 Y216.56803809803742 F300
G1 X39.81196954913349 Y216.56803809803742 F300
M3 S90
G4 P0.2
G0 X40.05935496579721 Y220.14057455632835
M3 S30
G4 P0.2
G1 X40.1557625178794 Y220.365222342784 F300
G1 X40.377681788710106 Y220.46162989486623 F300
G1 X40.53593569495822 Y220.41888315007503 F300
G1 X40.65599038245679 Y220.29973796778478 F300
G1 X40.69873712724796 Y220.14057455632835 F300
G1 X40.60142006995745 Y219.91865528549764 F300
G1 X40.377681788710106 Y219.82224773341545 F300
G1 X40.1557625178794 Y219.91865528549764 F300
G1 X40.05935496579721 Y220.14057455632835 F300;svg > g > g > g#figure_1 > g#text_1 > g > use > path#Cmr10-6d
M3 S90
G4 P0.2
G0 X41.41804206615607 Y216.56803809803742
M3 S30
G4 P0.2
G1 X41.41804206615607 Y216.77267676991 F300
G1 X41.74455443594386 Y216.803599946993 F300
G1 X41.87279467031733 Y216.9573063271995 F300
G1 X41.87279467031733 Y218.54621192613894 F300
G1 X41.82550039948457 Y218.77176921780293 F300
G1 X41.69089362865284 Y218.85726270738525 F300
G1 X41.41804206615607 Y218.87272429592676 F300
G1 X41.41804206615607 Y219.07736296779927 F300
G1 X42.26206289947938 Y219.14011882717355 F300
G1 X42.26206289947938 Y218.571678071972 F300
G1 X42.60676537343363 Y218.98095541571712 F300
G1 X43.106083732802695 Y219.14011882717355 F300
G1 X43.89371524321002 Y218.59441570218004 F300
G1 X44.233870191122634 Y218.98914096259205 F300
G1 X44.725912508825125 Y219.14011882717355 F300
G1 X45.170660555694845 Y219.05462533759123 F300
G1 X45.44260261298328 Y218.794506848011 F300
G1 X45.53355313381553 Y218.35612533759954 F300
G1 X45.53355313381553 Y216.9573063271995 F300
G1 X45.66270287339734 Y216.803599946993 F300
G1 X45.9883057379768 Y216.77267676991 F300
G1 X45.9883057379768 Y216.56803809803742 F300
G1 X44.65497110257597 Y216.56803809803742 F300
G1 X44.65497110257597 Y216.77267676991 F300
G1 X44.98148347236376 Y216.803599946993 F300
G1 X45.109723706737235 Y216.9573063271995 F300
G1 X45.109723706737235 Y218.3388447386414 F300
G1 X45.02695873277988 Y218.81087794176082 F300
G1 X44.689532300492225 Y218.9900504678004 F300
G1 X44.134734123415484 Y218.71992742092854 F300
G1 X43.916452873418066 Y218.10601140531085 F300
G1 X43.916452873418066 Y216.9573063271995 F300
G1 X44.043783602583225 Y216.803599946993 F300
G1 X44.37120547757934 Y216.77267676991 F300
G1 X44.37120547757934 Y216.56803809803742 F300
G1 X43.037870842178506 Y216.56803809803742 F300
G1 X43.037870842178506 Y216.77267676991 F300
G1 X43.36438321196629 Y216.803599946993 F300
G1 X43.49262344633978 Y216.9573063271995 F300
G1 X43.49262344633978 Y218.3388447386414 F300
G1 X43.40985847238242 Y218.80633041571923 F300
G1 X43.07152253488644 Y218.9900504678004 F300
G1 X42.51581485260137 Y218.71992742092854 F300
G1 X42.29844310781229 Y218.10601140531085 F300
G1 X42.29844310781229 Y216.9573063271995 F300
G1 X42.42668334218577 Y216.803599946993 F300
G1 X42.75046719634859 Y216.77267676991 F300
G1 X42.75046719634859 Y216.56803809803742 F300
G1 X41.41804206615607 Y216.56803809803742 F300;svg > g > g > g#figure_1 > g#text_1 > g > use > path#Cmr10-a2
M3 S90
G4 P0.2
G0 X36.7869779566069 Y212.56012146741838
M3 S30
G4 P0.2
G1 X36.75323531337814 Y212.59195414970966 F300
G1 X36.75578192796143 Y212.59768403252207 F300
G1 X36.757055235253084 Y212.60596052991778 F300
G1 X38.159603217007266 Y215.43333937103006 F300
G1 X38.23345503992305 Y215.47663181894623 F300
G1 X38.2888439071099 Y215.47663181894623 F300
G1 X38.362695730025685 Y215.43333937103006 F300
G1 X39.76524371177987 Y212.60596052991778 F300
G1 X39.76779032636317 Y212.59895733981375 F300
G1 X39.769063633654824 Y212.59195414970966 F300
G1 X39.73532099042606 Y212.56012146741838 F300
G1 X36.7869779566069 Y212.56012146741838 F300
M3 S90
G4 P0.2
G0 X37.05564579514538 Y212.88672478772696
M3 S30
G4 P0.2
G1 X39.202441888869885 Y212.88672478772696 F300
G1 X38.12968049565345 Y215.04880056895132 F300
G1 X37.05564579514538 Y212.88672478772696 F300;svg > g > g > g#figure_1 > g#text_1 > g > use > path#Cmmi10-74
M3 S90
G4 P0.2
G0 X40.212970395482884 Y212.89054470960195
M3 S30
G4 P0.2
G1 X40.225066814753575 Y213.00386905855893 F300
G1 X40.51920079912508 Y214.17340180594084 F300
G1 X40.09136954913016 Y214.17340180594084 F300
G1 X40.04998706215148 Y214.22751736583606 F300
G1 X40.10346596840085 Y214.31664887625166 F300
G1 X40.55485340329132 Y214.31664887625166 F300
G1 X40.71847339026854 Y214.98131528249377 F300
G1 X40.78213875485112 Y215.0729934074927 F300
G1 X40.88909656734985 Y215.1105559725964 F300
G1 X40.97568146318216 Y215.07935994395098 F300
G1 X41.01069741370258 Y214.99723162363944 F300
G1 X41.009424106410926 Y214.97813201426465 F300
G1 X41.006877491827616 Y214.96348898041066 F300
G1 X40.84389415849622 Y214.31664887625166 F300
G1 X41.26344891109541 Y214.31664887625166 F300
G1 X41.30546805171991 Y214.2631699700023 F300
G1 X41.29719155432417 Y214.22879067312772 F300
G1 X41.28127521317853 Y214.18931814708648 F300
G1 X41.25135249182472 Y214.17340180594084 F300
G1 X40.807604900684154 Y214.17340180594084 F300
G1 X40.51538087725013 Y212.99559256116322 F300
G1 X40.48545815589632 Y212.79695662366555 F300
G1 X40.605149041311556 Y212.62187687106342 F300
G1 X40.922202556932795 Y212.7899534335615 F300
G1 X41.134208220992775 Y213.1592125481404 F300
G1 X41.16604090328406 Y213.18276873303597 F300
G1 X41.215699887658474 Y213.18276873303597 F300
G1 X41.2411660334915 Y213.17194562105692 F300
G1 X41.25135249182472 Y213.14711612886975 F300
G1 X41.24753256994977 Y213.135019709599 F300
G1 X40.9865045751612 Y212.70145857679168 F300
G1 X40.59496258297835 Y212.5142824049189 F300
G1 X40.32311147621075 Y212.61933025648017 F300
G1 X40.212970395482884 Y212.89054470960195 F300;svg > g > g > g#figure_1 > g#text_1 > g > use > path#Cmsy10-21
M3 S90
G4 P0.2
G0 X41.73672131142312 Y213.49727563407393
M3 S30
G4 P0.2
G1 X41.680695790590455 Y213.52274177990694 F300
G1 X41.65904956663238 Y213.5787673007396 F300
G1 X41.680695790590455 Y213.63415616792648 F300
G1 X41.73672131142312 Y213.66025896740533 F300
G1 X44.8289480691989 Y213.66025896740533 F300
G1 X44.55391369420217 Y213.91810369396472 F300
G1 X44.35527775670453 Y214.23261059500268 F300
G1 X44.241953407747545 Y214.58977329031092 F300
G1 X44.28333589472622 Y214.6432521965603 F300
G1 X44.36482756139191 Y214.6432521965603 F300
G1 X44.38965705357912 Y214.6311557772896 F300
G1 X44.40493674107894 Y214.60568963145656 F300
G1 X44.51125789993184 Y214.2803596184396 F300
G1 X44.693340842638015 Y214.00023201427626 F300
G1 X44.93781584263511 Y213.77740323823724 F300
G1 X45.244682899923134 Y213.62460636323905 F300
G1 X45.272059006693645 Y213.5787673007396 F300
G1 X45.244682899923134 Y213.53929477469842 F300
G1 X44.85441421503194 Y213.31901261324265 F300
G1 X44.562190191597914 Y212.97521964449675 F300
G1 X44.40493674107894 Y212.55184497002261 F300
G1 X44.3890203999333 Y212.5263788241896 F300
G1 X44.36482756139191 Y212.5142824049189 F300
G1 X44.28333589472622 Y212.5142824049189 F300
G1 X44.241953407747545 Y212.5683979648141 F300
G1 X44.44822918899509 Y213.0923639153287 F300
G1 X44.8289480691989 Y213.49727563407393 F300
G1 X41.73672131142312 Y213.49727563407393 F300;svg > g > g > g#figure_1 > g#text_1 > g > use > path#Cmr10-30
M3 S90
G4 P0.2
G0 X46.523720074387114 Y212.4703533033569
M3 S30
G4 P0.2
G1 X45.84441063429101 Y212.88099490491453 F300
G1 X45.66423765252232 Y213.85953155854872 F300
G1 X45.72853967075073 Y214.5254712720825 F300
G1 X45.985111090018506 Y215.05580375905538 F300
G1 X46.523720074387114 Y215.2741759595736 F300
G1 X46.963011090006894 Y215.1423886548877 F300
G1 X47.22403908479546 Y214.80305226166257 F300
G1 X47.346276584794005 Y214.35739470958453 F300
G1 X47.379382574376955 Y213.85953155854872 F300
G1 X47.31444390250272 Y213.20377830334823 F300
G1 X47.06105575146406 Y212.68426892835438 F300
G1 X46.523720074387114 Y212.4703533033569 F300
M3 S90
G4 P0.2
G0 X46.523720074387114 Y212.57603780856402
M3 S30
G4 P0.2
G1 X46.86178316032059 Y212.80841638929041 F300
G1 X46.99930034781896 Y213.3241058424093 F300
G1 X47.02540314729782 Y213.9251068840688 F300
G1 X46.99930034781896 Y214.4898186679163 F300
G1 X46.862419813966426 Y214.95839575124407 F300
G1 X46.523720074387114 Y215.16849145436657 F300
G1 X46.18183706657867 Y214.95712244395241 F300
G1 X46.044319879080305 Y214.48854536062464 F300
G1 X46.01821707960144 Y213.9251068840688 F300
G1 X46.02904019158048 Y213.49727563407393 F300
G1 X46.088248980642284 Y213.08217745699548 F300
G1 X46.24231916293213 Y212.7218314934581 F300
G1 X46.523720074387114 Y212.57603780856402 F300;svg > g > g > g#figure_1 > g#text_1 > g > use > path#Cmr10-28
M3 S90
G4 P0.2
G0 X48.80548674102667 Y218.75849044176144
M3 S30
G4 P0.2
G1 X48.41458140248965 Y219.1697686969649 F300
G1 X48.14591356395118 Y219.66444857977152 F300
G1 X47.989933420723865 Y220.2132440224733 F300
G1 X47.93836447541197 Y220.78814226465403 F300
G1 X47.989933420723865 Y221.36686042870963 F300
G1 X48.14782352488866 Y221.91820248599475 F300
G1 X48.419674631656264 Y222.41351902244716 F300
G1 X48.80548674102667 Y222.81779408754656 F300
G1 X48.82585965769311 Y222.82543393129646 F300
G1 X48.86342222279683 Y222.82543393129646 F300
G1 X48.8850684467549 Y222.81461081931744 F300
G1 X48.89525490508812 Y222.78978132713024 F300
G1 X48.88761506133821 Y222.7636785276514 F300
G1 X48.55591851186298 Y222.34603373598966 F300
G1 X48.34263954051134 Y221.8710901162036 F300
G1 X48.226768576971054 Y221.3496707802723 F300
G1 X48.19111597280481 Y220.78814226465403 F300
G1 X48.883158485817425 Y218.82024584540653 F300
G1 X48.89525490508812 Y218.78650320217776 F300
G1 X48.88443179310908 Y218.76422032457387 F300
G1 X48.86342222279683 Y218.7508505980115 F300
G1 X48.82585965769311 Y218.7508505980115 F300
G1 X48.80548674102667 Y218.75849044176144 F300;svg > g > g > g#figure_1 > g#text_1 > g > use > path#Cmmi10-74
M3 S90
G4 P0.2
G0 X49.37680383191573 Y220.09991967351633
M3 S30
G4 P0.2
G1 X49.38890025118642 Y220.2132440224733 F300
G1 X49.683034235557926 Y221.38277676985527 F300
G1 X49.255202985563 Y221.38277676985527 F300
G1 X49.213820498584326 Y221.43689232975046 F300
G1 X49.26729940483369 Y221.5260238401661 F300
G1 X49.718686839724164 Y221.5260238401661 F300
G1 X49.88230682670139 Y222.1906902464082 F300
G1 X49.945972191283964 Y222.28236837140707 F300
G1 X50.0529300037827 Y222.31993093651081 F300
G1 X50.139514899615 Y222.28873490786535 F300
G1 X50.17453085013542 Y222.20660658755384 F300
G1 X50.17325754284377 Y222.18750697817902 F300
G1 X50.17071092826046 Y222.17286394432503 F300
G1 X50.007727594929065 Y221.5260238401661 F300
G1 X50.42728234752825 Y221.5260238401661 F300
G1 X50.46930148815276 Y221.47254493391668 F300
G1 X50.46102499075702 Y221.43816563704212 F300
G1 X50.44510864961138 Y221.3986931110009 F300
G1 X50.415185928257564 Y221.38277676985527 F300
G1 X49.971438337117 Y221.38277676985527 F300
G1 X49.67921431368298 Y220.2049675250776 F300
G1 X49.64929159232916 Y220.00633158757992 F300
G1 X49.7689824777444 Y219.83125183497788 F300
G1 X50.08603599336564 Y219.9993283974759 F300
G1 X50.29804165742562 Y220.3685875120548 F300
G1 X50.3298743397169 Y220.39214369695037 F300
G1 X50.37953332409132 Y220.39214369695037 F300
G1 X50.40499946992435 Y220.38132058497135 F300
G1 X50.415185928257564 Y220.35649109278413 F300
G1 X50.411366006382615 Y220.34439467351345 F300
G1 X50.15033801159404 Y219.91083354070608 F300
G1 X49.758796019411186 Y219.7236573688333 F300
G1 X49.486944912643594 Y219.82870522039454 F300
G1 X49.37680383191573 Y220.09991967351633 F300;svg > g > g > g#figure_1 > g#text_1 > g > use > path#Cmr10-2b
M3 S90
G4 P0.2
G0 X50.90055474785597 Y220.7066505979883
M3 S30
G4 P0.2
G1 X50.844529227023294 Y220.7321167438213 F300
G1 X50.82288300306522 Y220.78814226465403 F300
G1 X50.844529227023294 Y220.84353113184085 F300
G1 X50.90055474785597 Y220.8696339313197 F300
G1 X52.09873690930008 Y220.8696339313197 F300
G1 X52.09873690930008 Y222.07163601463876 F300
G1 X52.12229309419563 Y222.12384161359645 F300
G1 X52.18022857596577 Y222.14485118390868 F300
G1 X52.23561744315263 Y222.12384161359645 F300
G1 X52.26172024263147 Y222.07163601463876 F300
G1 X52.26172024263147 Y220.8696339313197 F300
G1 X53.45926575042975 Y220.8696339313197 F300
G1 X53.510834695741636 Y220.84353113184085 F300
G1 X53.533117573345535 Y220.78814226465403 F300
G1 X53.510834695741636 Y220.7321167438213 F300
G1 X53.45926575042975 Y220.7066505979883 F300
G1 X52.26172024263147 Y220.7066505979883 F300
G1 X52.26172024263147 Y219.5046485146692 F300
G1 X52.23561744315263 Y219.45244291571154 F300
G1 X52.18022857596577 Y219.43143334539926 F300
G1 X52.12229309419563 Y219.45244291571154 F300
G1 X52.09873690930008 Y219.5046485146692 F300
G1 X52.09873690930008 Y220.7066505979883 F300
G1 X50.90055474785597 Y220.7066505979883 F300;svg > g > g > g#figure_1 > g#text_1 > g > use > path#Cmr10-a2
M3 S90
G4 P0.2
G0 X53.980605515569394 Y219.76949643133275
M3 S30
G4 P0.2
G1 X53.94686287234063 Y219.80132911362404 F300
G1 X53.94940948692392 Y219.8070589964365 F300
G1 X53.95068279421558 Y219.81533549383224 F300
G1 X55.353230775969756 Y222.64271433494451 F300
G1 X55.42708259888555 Y222.6860067828606 F300
G1 X55.48247146607238 Y222.6860067828606 F300
G1 X55.55632328898818 Y222.64271433494451 F300
G1 X56.95887127074236 Y219.81533549383224 F300
G1 X56.96141788532566 Y219.80833230372815 F300
G1 X56.962691192617314 Y219.80132911362404 F300
G1 X56.92894854938855 Y219.76949643133275 F300
G1 X53.980605515569394 Y219.76949643133275 F300
M3 S90
G4 P0.2
G0 X54.24927335410787 Y220.0960997516414
M3 S30
G4 P0.2
G1 X56.396069447832375 Y220.0960997516414 F300
G1 X55.32330805461594 Y222.2581755328657 F300
G1 X54.24927335410787 Y220.0960997516414 F300;svg > g > g > g#figure_1 > g#text_1 > g > use > path#Cmmi10-74
M3 S90
G4 P0.2
G0 X57.406597954445374 Y220.09991967351633
M3 S30
G4 P0.2
G1 X57.418694373716065 Y220.2132440224733 F300
G1 X57.71282835808758 Y221.38277676985527 F300
G1 X57.284997108092654 Y221.38277676985527 F300
G1 X57.24361462111398 Y221.43689232975046 F300
G1 X57.297093527363344 Y221.5260238401661 F300
G1 X57.74848096225381 Y221.5260238401661 F300
G1 X57.91210094923104 Y222.1906902464082 F300
G1 X57.97576631381362 Y222.28236837140707 F300
G1 X58.082724126312335 Y222.31993093651081 F300
G1 X58.16930902214466 Y222.28873490786535 F300
G1 X58.20432497266506 Y222.20660658755384 F300
G1 X58.20305166537341 Y222.18750697817902 F300
G1 X58.200505050790106 Y222.17286394432503 F300
G1 X58.03752171745871 Y221.5260238401661 F300
G1 X58.4570764700579 Y221.5260238401661 F300
G1 X58.4990956106824 Y221.47254493391668 F300
G1 X58.49081911328666 Y221.43816563704212 F300
G1 X58.474902772141014 Y221.3986931110009 F300
G1 X58.44498005078721 Y221.38277676985527 F300
G1 X58.001232459646644 Y221.38277676985527 F300
G1 X57.70900843621262 Y220.2049675250776 F300
G1 X57.67908571485881 Y220.00633158757992 F300
G1 X57.798776600274046 Y219.83125183497788 F300
G1 X58.115830115895285 Y219.9993283974759 F300
G1 X58.32783577995527 Y220.3685875120548 F300
G1 X58.35966846224656 Y220.39214369695037 F300
G1 X58.40932744662096 Y220.39214369695037 F300
G1 X58.43479359245399 Y220.38132058497135 F300
G1 X58.44498005078721 Y220.35649109278413 F300
G1 X58.44116012891226 Y220.34439467351345 F300
G1 X58.180132134123696 Y219.91083354070608 F300
G1 X57.78859014194084 Y219.7236573688333 F300
G1 X57.51673903517324 Y219.82870522039454 F300
G1 X57.406597954445374 Y220.09991967351633 F300;svg > g > g > g#figure_1 > g#text_1 > g > use > path#Cmr10-29
M3 S90
G4 P0.2
G0 X58.88896638340694 Y218.7508505980115
M3 S30
G4 P0.2
G1 X58.85267712559487 Y218.78650320217776 F300
G1 X58.860953622990614 Y218.81260600165663 F300
G1 X59.557452711524 Y220.78814226465403 F300
G1 X58.86859346674053 Y222.75603868390147 F300
G1 X58.85267712559487 Y222.78978132713024 F300
G1 X58.86350023757391 Y222.81461081931744 F300
G1 X58.88896638340694 Y222.82543393129646 F300
G1 X58.92652894851066 Y222.82543393129646 F300
G1 X58.94626521153126 Y222.81779408754656 F300
G1 X59.43394190423381 Y222.25626557192822 F300
G1 X59.71916273756375 Y221.55212663964494 F300
G1 X59.81020420891684 Y220.78814226465403 F300
G1 X59.76118187818824 Y220.22024721257742 F300
G1 X59.60583838860676 Y219.66954180893808 F300
G1 X59.33653389642245 Y219.1678587360274 F300
G1 X58.94626521153126 Y218.75849044176144 F300
G1 X58.92652894851066 Y218.7508505980115 F300
G1 X58.88896638340694 Y218.7508505980115 F300;svg > g > g > g#figure_1 > g#text_1 > g > use > path#Cmr10-33
M3 S90
G4 P0.2
G0 X60.65910544718801 Y221.54875233166575
M3 S30
G4 P0.2
G1 X60.83870544067547 Y221.40391362724043 F300
G1 X61.08114314900592 Y221.35667392672016 F300
G1 X61.316450336503124 Y221.49794737072887 F300
G1 X61.38641857217938 Y221.81882080822507 F300
G1 X61.371711872960795 Y221.98014884207728 F300
G1 X61.322243884680134 Y222.1307810946797 F300
G1 X61.226873168535434 Y222.24219548269923 F300
G1 X61.078469203693444 Y222.28408729259456 F300
G1 X60.88906474406028 Y222.28408729259456 F300
G1 X60.86410792114391 Y222.31038108816716 F300
G1 X60.86410792114391 Y222.33533791108354 F300
G1 X60.88906474406028 Y222.3576207886874 F300
G1 X61.04638185994383 Y222.37054485769767 F300
G1 X61.21261212686894 Y222.4454153264468 F300
G1 X61.30976547322195 Y222.62858058035087 F300
G1 X61.34051584431534 Y222.83402871185888 F300
G1 X61.276341156816095 Y223.05819446055412 F300
G1 X61.08114314900592 Y223.14598899831347 F300
G1 X60.87391238728963 Y223.1049885035223 F300
G1 X60.71659527140608 Y222.98020438894045 F300
G1 X60.72595407999972 Y222.98243267670085 F300
G1 X60.735758546145426 Y222.98332399180498 F300
G1 X60.84316201619624 Y222.93875823659718 F300
G1 X60.88639079874782 Y222.83135476654635 F300
G1 X60.84316201619624 Y222.72528826915178 F300
G1 X60.735758546145426 Y222.68072251394403 F300
G1 X60.628800733646706 Y222.72528826915178 F300
G1 X60.58423497843889 Y222.83135476654635 F300
G1 X60.65776847453178 Y223.0443790764397 F300
G1 X60.84806424926911 Y223.1816416024797 F300
G1 X61.08114314900592 Y223.22843564544792 F300
G1 X61.263417087805834 Y223.20258750742738 F300
G1 X61.43766919066835 Y223.12860835378243 F300
G1 X61.565127250562675 Y223.00516121185686 F300
G1 X61.61459523884333 Y222.83402871185888 F300
G1 X61.56111633259397 Y222.61253690847605 F300
G1 X61.414049340408205 Y222.43694783295732 F300
G1 X61.20949252400439 Y222.32731607514614 F300
G1 X61.4447997115016 Y222.23372798920974 F300
G1 X61.6235083898849 Y222.0554649683785 F300
G1 X61.69124833780075 Y221.82149475353754 F300
G1 X61.60479077269761 Y221.53671957775964 F300
G1 X61.37795107868989 Y221.33751065198078 F300
G1 X61.08114314900592 Y221.26575978609623 F300
G1 X60.81285730265493 Y221.3170104045852 F300
G1 X60.59314812948046 Y221.4694252873959 F300
G1 X60.50758187948148 Y221.71319996838258 F300
G1 X60.55482158000175 Y221.83129921968325 F300
G1 X60.67336648885451 Y221.8785389202035 F300
G1 X60.757595766197255 Y221.85714735770375 F300
G1 X60.81731387817572 Y221.79653793062118 F300
G1 X60.839151098227546 Y221.71319996838258 F300
G1 X60.790128767498956 Y221.59599203218605 F300
G1 X60.67336648885451 Y221.54875233166575 F300
G1 X60.65910544718801 Y221.54875233166575 F300;svg > g > g > g#figure_1 > g#text_1 > g > use > path#Cmsy10-a1
M3 S90
G4 P0.2
G0 X63.801040244411105 Y220.7066505979883
M3 S30
G4 P0.2
G1 X63.745014723578436 Y220.7321167438213 F300
G1 X63.72336849962036 Y220.78814226465403 F300
G1 X63.745014723578436 Y220.84353113184085 F300
G1 X63.801040244411105 Y220.8696339313197 F300
G1 X66.13883243188334 Y220.8696339313197 F300
G1 X66.19167468448687 Y220.84353113184085 F300
G1 X66.21268425479913 Y220.78814226465403 F300
G1 X66.19167468448687 Y220.7321167438213 F300
G1 X66.13883243188334 Y220.7066505979883 F300
G1 X63.801040244411105 Y220.7066505979883 F300;svg > g > g > g#figure_1 > g#text_1 > g > use > path#Cmmi10-74
M3 S90
G4 P0.2
G0 X67.51885876545029 Y220.09991967351633
M3 S30
G4 P0.2
G1 X67.530955184721 Y220.2132440224733 F300
G1 X67.8250891690925 Y221.38277676985527 F300
G1 X67.39725791909758 Y221.38277676985527 F300
G1 X67.3558754321189 Y221.43689232975046 F300
G1 X67.40935433836827 Y221.5260238401661 F300
G1 X67.86074177325874 Y221.5260238401661 F300
G1 X68.02436176023596 Y222.1906902464082 F300
G1 X68.08802712481854 Y222.28236837140707 F300
G1 X68.19498493731727 Y222.31993093651081 F300
G1 X68.28156983314956 Y222.28873490786535 F300
G1 X68.31658578366998 Y222.20660658755384 F300
G1 X68.31531247637834 Y222.18750697817902 F300
G1 X68.31276586179503 Y222.17286394432503 F300
G1 X68.14978252846365 Y221.5260238401661 F300
G1 X68.56933728106281 Y221.5260238401661 F300
G1 X68.61135642168732 Y221.47254493391668 F300
G1 X68.60307992429158 Y221.43816563704212 F300
G1 X68.58716358314595 Y221.3986931110009 F300
G1 X68.55724086179214 Y221.38277676985527 F300
G1 X68.11349327065157 Y221.38277676985527 F300
G1 X67.82126924721753 Y220.2049675250776 F300
G1 X67.79134652586373 Y220.00633158757992 F300
G1 X67.91103741127897 Y219.83125183497788 F300
G1 X68.2280909269002 Y219.9993283974759 F300
G1 X68.4400965909602 Y220.3685875120548 F300
G1 X68.47192927325148 Y220.39214369695037 F300
G1 X68.5215882576259 Y220.39214369695037 F300
G1 X68.54705440345892 Y220.38132058497135 F300
G1 X68.55724086179214 Y220.35649109278413 F300
G1 X68.55342093991717 Y220.34439467351345 F300
G1 X68.29239294512861 Y219.91083354070608 F300
G1 X67.90085095294576 Y219.7236573688333 F300
G1 X67.62899984617816 Y219.82870522039454 F300
G1 X67.51885876545029 Y220.09991967351633 F300;svg > g > g > g#figure_1 > g#text_1 > g > use > path#Cmr10-33
M3 S90
G4 P0.2
G0 X69.42211257495894 Y221.54875233166575
M3 S30
G4 P0.2
G1 X69.60171256844642 Y221.40391362724043 F300
G1 X69.84415027677686 Y221.35667392672016 F300
G1 X70.07945746427406 Y221.49794737072887 F300
G1 X70.14942569995033 Y221.81882080822507 F300
G1 X70.13471900073175 Y221.98014884207728 F300
G1 X70.08525101245107 Y222.1307810946797 F300
G1 X69.98988029630637 Y222.24219548269923 F300
G1 X69.84147633146439 Y222.28408729259456 F300
G1 X69.65207187183123 Y222.28408729259456 F300
G1 X69.62711504891485 Y222.31038108816716 F300
G1 X69.62711504891485 Y222.33533791108354 F300
G1 X69.65207187183123 Y222.3576207886874 F300
G1 X69.80938898771475 Y222.37054485769767 F300
G1 X69.97561925463988 Y222.4454153264468 F300
G1 X70.07277260099289 Y222.62858058035087 F300
G1 X70.10352297208627 Y222.83402871185888 F300
G1 X70.03934828458704 Y223.05819446055412 F300
G1 X69.84415027677686 Y223.14598899831347 F300
G1 X69.63691951506057 Y223.1049885035223 F300
G1 X69.47960239917701 Y222.98020438894045 F300
G1 X69.48896120777064 Y222.98243267670085 F300
G1 X69.49876567391637 Y222.98332399180498 F300
G1 X69.60616914396718 Y222.93875823659718 F300
G1 X69.64939792651874 Y222.83135476654635 F300
G1 X69.60616914396718 Y222.72528826915178 F300
G1 X69.49876567391637 Y222.68072251394403 F300
G1 X69.39180786141763 Y222.72528826915178 F300
G1 X69.34724210620983 Y222.83135476654635 F300
G1 X69.42077560230271 Y223.0443790764397 F300
G1 X69.61107137704003 Y223.1816416024797 F300
G1 X69.84415027677686 Y223.22843564544792 F300
G1 X70.02642421557677 Y223.20258750742738 F300
G1 X70.20067631843929 Y223.12860835378243 F300
G1 X70.3281343783336 Y223.00516121185686 F300
G1 X70.37760236661427 Y222.83402871185888 F300
G1 X70.3241234603649 Y222.61253690847605 F300
G1 X70.17705646817916 Y222.43694783295732 F300
G1 X69.97249965177534 Y222.32731607514614 F300
G1 X70.20780683927252 Y222.23372798920974 F300
G1 X70.38651551765584 Y222.0554649683785 F300
G1 X70.45425546557169 Y221.82149475353754 F300
G1 X70.36779790046856 Y221.53671957775964 F300
G1 X70.14095820646084 Y221.33751065198078 F300
G1 X69.84415027677686 Y221.26575978609623 F300
G1 X69.5758644304259 Y221.3170104045852 F300
G1 X69.3561552572514 Y221.4694252873959 F300
G1 X69.27058900725241 Y221.71319996838258 F300
G1 X69.31782870777269 Y221.83129921968325 F300
G1 X69.43637361662545 Y221.8785389202035 F300
G1 X69.52060289396819 Y221.85714735770375 F300
G1 X69.58032100594666 Y221.79653793062118 F300
G1 X69.60215822599848 Y221.71319996838258 F300
G1 X69.5531358952699 Y221.59599203218605 F300
G1 X69.43637361662545 Y221.54875233166575 F300
G1 X69.42211257495894 Y221.54875233166575 F300;svg > g > g > g#figure_1 > g#text_1 > g > use > path#Cmr10-a2
M3 S90
G4 P0.2
G0 X56.96020138936735 Y214.0153298007344
M3 S30
G4 P0.2
G1 X56.926458746138586 Y214.04716248302572 F300
G1 X56.92900536072188 Y214.0528923658381 F300
G1 X56.930278668013536 Y214.0611688632338 F300
G1 X58.33282664976772 Y216.8885477043461 F300
G1 X58.4066784726835 Y216.93184015226225 F300
G1 X58.462067339870345 Y216.93184015226225 F300
G1 X58.53591916278613 Y216.8885477043461 F300
G1 X59.93846714454031 Y214.0611688632338 F300
G1 X59.94101375912363 Y214.05416567312977 F300
G1 X59.94228706641527 Y214.04716248302572 F300
G1 X59.9085444231865 Y214.0153298007344 F300
G1 X56.96020138936735 Y214.0153298007344 F300
M3 S90
G4 P0.2
G0 X57.22886922790582 Y214.341933121043
M3 S30
G4 P0.2
G1 X59.375665321630336 Y214.341933121043 F300
G1 X58.302903928413905 Y216.50400890226737 F300
G1 X57.22886922790582 Y214.341933121043 F300;svg > g > g > g#figure_1 > g#text_1 > g > use > path#Cmmi10-74
M3 S90
G4 P0.2
G0 X60.38619382824333 Y214.34575304291798
M3 S30
G4 P0.2
G1 X60.398290247514026 Y214.45907739187496 F300
G1 X60.692424231885525 Y215.6286101392569 F300
G1 X60.264592981890615 Y215.6286101392569 F300
G1 X60.22321049491193 Y215.6827256991521 F300
G1 X60.27668940116129 Y215.7718572095677 F300
G1 X60.72807683605177 Y215.7718572095677 F300
G1 X60.891696823028994 Y216.43652361580982 F300
G1 X60.95536218761157 Y216.52820174080873 F300
G1 X61.062320000110304 Y216.56576430591244 F300
G1 X61.14890489594261 Y216.534568277267 F300
G1 X61.183920846463025 Y216.45243995695546 F300
G1 X61.18264753917138 Y216.43334034758067 F300
G1 X61.18010092458807 Y216.41869731372668 F300
G1 X61.01711759125667 Y215.7718572095677 F300
G1 X61.436672343855854 Y215.7718572095677 F300
G1 X61.478691484480365 Y215.71837830331836 F300
G1 X61.47041498708463 Y215.68399900644374 F300
G1 X61.454498645938976 Y215.64452648040253 F300
G1 X61.42457592458517 Y215.6286101392569 F300
G1 X60.980828333444606 Y215.6286101392569 F300
G1 X60.688604310010575 Y214.45080089447924 F300
G1 X60.65868158865676 Y214.25216495698157 F300
G1 X60.77837247407201 Y214.07708520437947 F300
G1 X61.09542598969324 Y214.24516176687752 F300
G1 X61.30743165375323 Y214.61442088145645 F300
G1 X61.33926433604451 Y214.637977066352 F300
G1 X61.38892332041892 Y214.637977066352 F300
G1 X61.41438946625195 Y214.62715395437294 F300
G1 X61.42457592458517 Y214.60232446218578 F300
G1 X61.42075600271021 Y214.59022804291504 F300
G1 X61.15972800792164 Y214.1566669101077 F300
G1 X60.76818601573879 Y213.96949073823495 F300
G1 X60.496334908971185 Y214.0745385897962 F300
G1 X60.38619382824333 Y214.34575304291798 F300;svg > g > g > g#figure_1 > g#text_1 > g > use > path#Cmr10-3d
M3 S90
G4 P0.2
G0 X73.02379410582243 Y217.3411175251116
M3 S30
G4 P0.2
G1 X72.94375764749005 Y217.3774977334445 F300
G1 X72.91283447040708 Y217.45753419177686 F300
G1 X72.94375764749005 Y217.53938966052593 F300
G1 X73.02379410582243 Y217.57395085844215 F300
G1 X76.67909553807067 Y217.57395085844215 F300
G1 X76.75276545994481 Y217.53938966052593 F300
G1 X76.78459814223609 Y217.45753419177686 F300
G1 X76.75276545994481 Y217.3774977334445 F300
G1 X76.67909553807067 Y217.3411175251116 F300
G1 X73.02379410582243 Y217.3411175251116 F300
M3 S90
G4 P0.2
G0 X73.02379410582243 Y218.4725420042648
M3 S30
G4 P0.2
G1 X72.94375764749005 Y218.5061936969728 F300
G1 X72.91283447040708 Y218.5889586709301 F300
G1 X72.94375764749005 Y218.66808562405419 F300
G1 X73.02379410582243 Y218.7053753375954 F300
G1 X76.67909553807067 Y218.7053753375954 F300
G1 X76.75276545994481 Y218.66808562405419 F300
G1 X76.78459814223609 Y218.5889586709301 F300
G1 X76.75276545994481 Y218.5061936969728 F300
G1 X76.67909553807067 Y218.4725420042648 F300
G1 X73.02379410582243 Y218.4725420042648 F300;svg > g > g > g#figure_1 > g#text_1 > g > use > path#Cmr10-6c
M3 S90
G4 P0.2
G0 X79.76470566728403 Y216.56803809803742
M3 S30
G4 P0.2
G1 X79.76470566728403 Y216.77267676991 F300
G1 X80.09121803707184 Y216.803599946993 F300
G1 X80.2194582714453 Y216.9573063271995 F300
G1 X80.2194582714453 Y220.0132438271632 F300
G1 X80.17216400061253 Y220.23880111882715 F300
G1 X80.0375572297808 Y220.32429460840953 F300
G1 X79.76470566728403 Y220.339756196951 F300
G1 X79.76470566728403 Y220.54439486882356 F300
G1 X80.62873561519044 Y220.6071507281978 F300
G1 X80.62873561519044 Y216.9573063271995 F300
G1 X80.7560663443556 Y216.803599946993 F300
G1 X81.08075970372673 Y216.77267676991 F300
G1 X81.08075970372673 Y216.56803809803742 F300
G1 X79.76470566728403 Y216.56803809803742 F300;svg > g > g > g#figure_1 > g#text_1 > g > use > path#Cmr10-69
M3 S90
G4 P0.2
G0 X81.37623521555656 Y216.56803809803742
M3 S30
G4 P0.2
G1 X81.37623521555656 Y216.77267676991 F300
G1 X81.70274758534437 Y216.803599946993 F300
G1 X81.83098781971783 Y216.9573063271995 F300
G1 X81.83098781971783 Y218.54621192613894 F300
G1 X81.74367531971888 Y218.8217920042607 F300
G1 X81.4017013613896 Y218.87272429592676 F300
G1 X81.4017013613896 Y219.07736296779927 F300
G1 X82.24026516346298 Y219.14011882717355 F300
G1 X82.24026516346298 Y216.9573063271995 F300
G1 X82.35122479887833 Y216.803599946993 F300
G1 X82.64681399158314 Y216.77267676991 F300
G1 X82.64681399158314 Y216.56803809803742 F300
G1 X81.37623521555656 Y216.56803809803742 F300
M3 S90
G4 P0.2
G0 X81.6236206322203 Y220.14057455632835
M3 S30
G4 P0.2
G1 X81.72002818430249 Y220.365222342784 F300
G1 X81.94194745513319 Y220.46162989486623 F300
G1 X82.1002013613813 Y220.41888315007503 F300
G1 X82.22025604887988 Y220.29973796778478 F300
G1 X82.26300279367103 Y220.14057455632835 F300
G1 X82.16568573638052 Y219.91865528549764 F300
G1 X81.94194745513319 Y219.82224773341545 F300
G1 X81.72002818430249 Y219.91865528549764 F300
G1 X81.6236206322203 Y220.14057455632835 F300;svg > g > g > g#figure_1 > g#text_1 > g > use > path#Cmr10-6d
M3 S90
G4 P0.2
G0 X82.98230773257917 Y216.56803809803742
M3 S30
G4 P0.2
G1 X82.98230773257917 Y216.77267676991 F300
G1 X83.30882010236695 Y216.803599946993 F300
G1 X83.43706033674043 Y216.9573063271995 F300
G1 X83.43706033674043 Y218.54621192613894 F300
G1 X83.38976606590768 Y218.77176921780293 F300
G1 X83.25515929507591 Y218.85726270738525 F300
G1 X82.98230773257917 Y218.87272429592676 F300
G1 X82.98230773257917 Y219.07736296779927 F300
G1 X83.82632856590247 Y219.14011882717355 F300
G1 X83.82632856590247 Y218.571678071972 F300
G1 X84.17103103985673 Y218.98095541571712 F300
G1 X84.6703493992258 Y219.14011882717355 F300
G1 X85.4579809096331 Y218.59441570218004 F300
G1 X85.79813585754574 Y218.98914096259205 F300
G1 X86.29017817524823 Y219.14011882717355 F300
G1 X86.73492622211792 Y219.05462533759123 F300
G1 X87.00686827940638 Y218.794506848011 F300
G1 X87.09781880023861 Y218.35612533759954 F300
G1 X87.09781880023861 Y216.9573063271995 F300
G1 X87.22696853982043 Y216.803599946993 F300
G1 X87.55257140439988 Y216.77267676991 F300
G1 X87.55257140439988 Y216.56803809803742 F300
G1 X86.21923676899907 Y216.56803809803742 F300
G1 X86.21923676899907 Y216.77267676991 F300
G1 X86.54574913878685 Y216.803599946993 F300
G1 X86.67398937316032 Y216.9573063271995 F300
G1 X86.67398937316032 Y218.3388447386414 F300
G1 X86.59122439920297 Y218.81087794176082 F300
G1 X86.25379796691533 Y218.9900504678004 F300
G1 X85.69899978983858 Y218.71992742092854 F300
G1 X85.48071853984116 Y218.10601140531085 F300
G1 X85.48071853984116 Y216.9573063271995 F300
G1 X85.60804926900633 Y216.803599946993 F300
G1 X85.93547114400243 Y216.77267676991 F300
G1 X85.93547114400243 Y216.56803809803742 F300
G1 X84.6021365086016 Y216.56803809803742 F300
G1 X84.6021365086016 Y216.77267676991 F300
G1 X84.92864887838938 Y216.803599946993 F300
G1 X85.05688911276286 Y216.9573063271995 F300
G1 X85.05688911276286 Y218.3388447386414 F300
G1 X84.97412413880551 Y218.80633041571923 F300
G1 X84.63578820130952 Y218.9900504678004 F300
G1 X84.08008051902448 Y218.71992742092854 F300
G1 X83.86270877423537 Y218.10601140531085 F300
G1 X83.86270877423537 Y216.9573063271995 F300
G1 X83.99094900860885 Y216.803599946993 F300
G1 X84.31473286277168 Y216.77267676991 F300
G1 X84.31473286277168 Y216.56803809803742 F300
G1 X82.98230773257917 Y216.56803809803742 F300;svg > g > g > g#figure_1 > g#text_1 > g > use > path#Cmr10-a2
M3 S90
G4 P0.2
G0 X78.35124362302999 Y212.56012146741838
M3 S30
G4 P0.2
G1 X78.31750097980122 Y212.59195414970966 F300
G1 X78.32004759438452 Y212.59768403252207 F300
G1 X78.32132090167617 Y212.60596052991778 F300
G1 X79.72386888343036 Y215.43333937103006 F300
G1 X79.79772070634614 Y215.47663181894623 F300
G1 X79.85310957353298 Y215.47663181894623 F300
G1 X79.92696139644876 Y215.43333937103006 F300
G1 X81.32950937820294 Y212.60596052991778 F300
G1 X81.33205599278625 Y212.59895733981375 F300
G1 X81.33332930007792 Y212.59195414970966 F300
G1 X81.29958665684914 Y212.56012146741838 F300
G1 X78.35124362302999 Y212.56012146741838 F300
M3 S90
G4 P0.2
G0 X78.61991146156846 Y212.88672478772696
M3 S30
G4 P0.2
G1 X80.76670755529297 Y212.88672478772696 F300
G1 X79.69394616207654 Y215.04880056895132 F300
G1 X78.61991146156846 Y212.88672478772696 F300;svg > g > g > g#figure_1 > g#text_1 > g > use > path#Cmmi10-74
M3 S90
G4 P0.2
G0 X81.77723606190597 Y212.89054470960195
M3 S30
G4 P0.2
G1 X81.78933248117664 Y213.00386905855893 F300
G1 X82.08346646554817 Y214.17340180594084 F300
G1 X81.65563521555325 Y214.17340180594084 F300
G1 X81.61425272857457 Y214.22751736583606 F300
G1 X81.66773163482392 Y214.31664887625166 F300
G1 X82.11911906971442 Y214.31664887625166 F300
G1 X82.28273905669163 Y214.98131528249377 F300
G1 X82.3464044212742 Y215.0729934074927 F300
G1 X82.45336223377294 Y215.1105559725964 F300
G1 X82.53994712960525 Y215.07935994395098 F300
G1 X82.57496308012566 Y214.99723162363944 F300
G1 X82.57368977283402 Y214.97813201426465 F300
G1 X82.57114315825072 Y214.96348898041066 F300
G1 X82.40815982491931 Y214.31664887625166 F300
G1 X82.8277145775185 Y214.31664887625166 F300
G1 X82.869733718143 Y214.2631699700023 F300
G1 X82.86145722074725 Y214.22879067312772 F300
G1 X82.84554087960161 Y214.18931814708648 F300
G1 X82.8156181582478 Y214.17340180594084 F300
G1 X82.37187056710724 Y214.17340180594084 F300
G1 X82.0796465436732 Y212.99559256116322 F300
G1 X82.0497238223194 Y212.79695662366555 F300
G1 X82.16941470773465 Y212.62187687106342 F300
G1 X82.48646822335589 Y212.7899534335615 F300
G1 X82.69847388741586 Y213.1592125481404 F300
G1 X82.73030656970715 Y213.18276873303597 F300
G1 X82.77996555408157 Y213.18276873303597 F300
G1 X82.80543169991459 Y213.17194562105692 F300
G1 X82.8156181582478 Y213.14711612886975 F300
G1 X82.81179823637285 Y213.135019709599 F300
G1 X82.55077024158429 Y212.70145857679168 F300
G1 X82.15922824940145 Y212.5142824049189 F300
G1 X81.88737714263384 Y212.61933025648017 F300
G1 X81.77723606190597 Y212.89054470960195 F300;svg > g > g > g#figure_1 > g#text_1 > g > use > path#Cmsy10-21
M3 S90
G4 P0.2
G0 X83.30098697784621 Y213.49727563407393
M3 S30
G4 P0.2
G1 X83.24496145701355 Y213.52274177990694 F300
G1 X83.22331523305547 Y213.5787673007396 F300
G1 X83.24496145701355 Y213.63415616792648 F300
G1 X83.30098697784621 Y213.66025896740533 F300
G1 X86.39321373562198 Y213.66025896740533 F300
G1 X86.11817936062525 Y213.91810369396472 F300
G1 X85.91954342312762 Y214.23261059500268 F300
G1 X85.80621907417063 Y214.58977329031092 F300
G1 X85.8476015611493 Y214.6432521965603 F300
G1 X85.929093227815 Y214.6432521965603 F300
G1 X85.95392272000221 Y214.6311557772896 F300
G1 X85.96920240750202 Y214.60568963145656 F300
G1 X86.07552356635493 Y214.2803596184396 F300
G1 X86.25760650906112 Y214.00023201427626 F300
G1 X86.5020815090582 Y213.77740323823724 F300
G1 X86.80894856634622 Y213.62460636323905 F300
G1 X86.83632467311674 Y213.5787673007396 F300
G1 X86.80894856634622 Y213.53929477469842 F300
G1 X86.41867988145502 Y213.31901261324265 F300
G1 X86.126455858021 Y212.97521964449675 F300
G1 X85.96920240750202 Y212.55184497002261 F300
G1 X85.95328606635638 Y212.5263788241896 F300
G1 X85.929093227815 Y212.5142824049189 F300
G1 X85.8476015611493 Y212.5142824049189 F300
G1 X85.80621907417063 Y212.5683979648141 F300
G1 X86.01249485541818 Y213.0923639153287 F300
G1 X86.39321373562198 Y213.49727563407393 F300
G1 X83.30098697784621 Y213.49727563407393 F300;svg > g > g > g#figure_1 > g#text_1 > g > use > path#Cmr10-30
M3 S90
G4 P0.2
G0 X88.08798574081021 Y212.4703533033569
M3 S30
G4 P0.2
G1 X87.4086763007141 Y212.88099490491453 F300
G1 X87.22850331894541 Y213.85953155854872 F300
G1 X87.29280533717383 Y214.5254712720825 F300
G1 X87.5493767564416 Y215.05580375905538 F300
G1 X88.08798574081021 Y215.2741759595736 F300
G1 X88.52727675643 Y215.1423886548877 F300
G1 X88.78830475121856 Y214.80305226166257 F300
G1 X88.91054225121711 Y214.35739470958453 F300
G1 X88.94364824080004 Y213.85953155854872 F300
G1 X88.87870956892583 Y213.20377830334823 F300
G1 X88.62532141788716 Y212.68426892835438 F300
G1 X88.08798574081021 Y212.4703533033569 F300
M3 S90
G4 P0.2
G0 X88.08798574081021 Y212.57603780856402
M3 S30
G4 P0.2
G1 X88.4260488267437 Y212.80841638929041 F300
G1 X88.56356601424206 Y213.3241058424093 F300
G1 X88.5896688137209 Y213.9251068840688 F300
G1 X88.56356601424206 Y214.4898186679163 F300
G1 X88.42668548038952 Y214.95839575124407 F300
G1 X88.08798574081021 Y215.16849145436657 F300
G1 X87.74610273300176 Y214.95712244395241 F300
G1 X87.6085855455034 Y214.48854536062464 F300
G1 X87.58248274602455 Y213.9251068840688 F300
G1 X87.59330585800359 Y213.49727563407393 F300
G1 X87.65251464706539 Y213.08217745699548 F300
G1 X87.80658482935522 Y212.7218314934581 F300
G1 X88.08798574081021 Y212.57603780856402 F300;svg > g > g > g#figure_1 > g#text_1 > g > use > path#Cmmi10-74
M3 S90
G4 P0.2
G0 X89.35938307152428 Y220.09991967351633
M3 S30
G4 P0.2
G1 X89.37147949079495 Y220.2132440224733 F300
G1 X89.66561347516647 Y221.38277676985527 F300
G1 X89.23778222517154 Y221.38277676985527 F300
G1 X89.19639973819288 Y221.43689232975046 F300
G1 X89.24987864444222 Y221.5260238401661 F300
G1 X89.70126607933273 Y221.5260238401661 F300
G1 X89.86488606630994 Y222.1906902464082 F300
G1 X89.9285514308925 Y222.28236837140707 F300
G1 X90.03550924339123 Y222.31993093651081 F300
G1 X90.12209413922355 Y222.28873490786535 F300
G1 X90.15711008974397 Y222.20660658755384 F300
G1 X90.1558367824523 Y222.18750697817902 F300
G1 X90.15329016786902 Y222.17286394432503 F300
G1 X89.9903068345376 Y221.5260238401661 F300
G1 X90.4098615871368 Y221.5260238401661 F300
G1 X90.45188072776129 Y221.47254493391668 F300
G1 X90.44360423036555 Y221.43816563704212 F300
G1 X90.42768788921991 Y221.3986931110009 F300
G1 X90.3977651678661 Y221.38277676985527 F300
G1 X89.95401757672553 Y221.38277676985527 F300
G1 X89.66179355329152 Y220.2049675250776 F300
G1 X89.6318708319377 Y220.00633158757992 F300
G1 X89.75156171735294 Y219.83125183497788 F300
G1 X90.06861523297418 Y219.9993283974759 F300
G1 X90.28062089703415 Y220.3685875120548 F300
G1 X90.31245357932545 Y220.39214369695037 F300
G1 X90.36211256369985 Y220.39214369695037 F300
G1 X90.38757870953289 Y220.38132058497135 F300
G1 X90.3977651678661 Y220.35649109278413 F300
G1 X90.39394524599116 Y220.34439467351345 F300
G1 X90.1329172512026 Y219.91083354070608 F300
G1 X89.74137525901973 Y219.7236573688333 F300
G1 X89.46952415225213 Y219.82870522039454 F300
G1 X89.35938307152428 Y220.09991967351633 F300;svg > g > g > g#figure_1 > g#text_1 > g > use > path#Cmr10-33
M3 S90
G4 P0.2
G0 X91.26263688103293 Y221.54875233166575
M3 S30
G4 P0.2
G1 X91.44223687452039 Y221.40391362724043 F300
G1 X91.68467458285085 Y221.35667392672016 F300
G1 X91.91998177034803 Y221.49794737072887 F300
G1 X91.98995000602429 Y221.81882080822507 F300
G1 X91.97524330680574 Y221.98014884207728 F300
G1 X91.92577531852506 Y222.1307810946797 F300
G1 X91.83040460238036 Y222.24219548269923 F300
G1 X91.68200063753838 Y222.28408729259456 F300
G1 X91.49259617790521 Y222.28408729259456 F300
G1 X91.46763935498883 Y222.31038108816716 F300
G1 X91.46763935498883 Y222.33533791108354 F300
G1 X91.49259617790521 Y222.3576207886874 F300
G1 X91.64991329378874 Y222.37054485769767 F300
G1 X91.81614356071387 Y222.4454153264468 F300
G1 X91.91329690706687 Y222.62858058035087 F300
G1 X91.94404727816026 Y222.83402871185888 F300
G1 X91.87987259066102 Y223.05819446055412 F300
G1 X91.68467458285085 Y223.14598899831347 F300
G1 X91.47744382113456 Y223.1049885035223 F300
G1 X91.320126705251 Y222.98020438894045 F300
G1 X91.32948551384463 Y222.98243267670085 F300
G1 X91.33928997999035 Y222.98332399180498 F300
G1 X91.44669345004117 Y222.93875823659718 F300
G1 X91.48992223259272 Y222.83135476654635 F300
G1 X91.44669345004117 Y222.72528826915178 F300
G1 X91.33928997999035 Y222.68072251394403 F300
G1 X91.23233216749162 Y222.72528826915178 F300
G1 X91.18776641228382 Y222.83135476654635 F300
G1 X91.2612999083767 Y223.0443790764397 F300
G1 X91.45159568311402 Y223.1816416024797 F300
G1 X91.68467458285085 Y223.22843564544792 F300
G1 X91.86694852165076 Y223.20258750742738 F300
G1 X92.04120062451327 Y223.12860835378243 F300
G1 X92.16865868440759 Y223.00516121185686 F300
G1 X92.21812667268824 Y222.83402871185888 F300
G1 X92.16464776643889 Y222.61253690847605 F300
G1 X92.01758077425315 Y222.43694783295732 F300
G1 X91.81302395784932 Y222.32731607514614 F300
G1 X92.04833114534651 Y222.23372798920974 F300
G1 X92.22703982372981 Y222.0554649683785 F300
G1 X92.29477977164566 Y221.82149475353754 F300
G1 X92.20832220654255 Y221.53671957775964 F300
G1 X91.98148251253482 Y221.33751065198078 F300
G1 X91.68467458285085 Y221.26575978609623 F300
G1 X91.41638873649987 Y221.3170104045852 F300
G1 X91.19667956332538 Y221.4694252873959 F300
G1 X91.1111133133264 Y221.71319996838258 F300
G1 X91.15835301384666 Y221.83129921968325 F300
G1 X91.27689792269942 Y221.8785389202035 F300
G1 X91.36112720004218 Y221.85714735770375 F300
G1 X91.42084531202063 Y221.79653793062118 F300
G1 X91.44268253207247 Y221.71319996838258 F300
G1 X91.39366020134388 Y221.59599203218605 F300
G1 X91.27689792269942 Y221.54875233166575 F300
G1 X91.26263688103293 Y221.54875233166575 F300;svg > g > g > g#figure_1 > g#text_1 > g > use > path#Cmr10-2b
M3 S90
G4 P0.2
G0 X94.29506725117399 Y220.7066505979883
M3 S30
G4 P0.2
G1 X94.23904173034133 Y220.7321167438213 F300
G1 X94.21739550638327 Y220.78814226465403 F300
G1 X94.23904173034133 Y220.84353113184085 F300
G1 X94.29506725117399 Y220.8696339313197 F300
G1 X95.4932494126181 Y220.8696339313197 F300
G1 X95.4932494126181 Y222.07163601463876 F300
G1 X95.51680559751367 Y222.12384161359645 F300
G1 X95.5747410792838 Y222.14485118390868 F300
G1 X95.63012994647063 Y222.12384161359645 F300
G1 X95.6562327459495 Y222.07163601463876 F300
G1 X95.6562327459495 Y220.8696339313197 F300
G1 X96.85377825374778 Y220.8696339313197 F300
G1 X96.90534719905968 Y220.84353113184085 F300
G1 X96.92763007666356 Y220.78814226465403 F300
G1 X96.90534719905968 Y220.7321167438213 F300
G1 X96.85377825374778 Y220.7066505979883 F300
G1 X95.6562327459495 Y220.7066505979883 F300
G1 X95.6562327459495 Y219.5046485146692 F300
G1 X95.63012994647063 Y219.45244291571154 F300
G1 X95.5747410792838 Y219.43143334539926 F300
G1 X95.51680559751367 Y219.45244291571154 F300
G1 X95.4932494126181 Y219.5046485146692 F300
G1 X95.4932494126181 Y220.7066505979883 F300
G1 X94.29506725117399 Y220.7066505979883 F300;svg > g > g > g#figure_1 > g#text_1 > g > use > path#Cmr10-33
M3 S90
G4 P0.2
G0 X98.25736077221029 Y220.08400333237068
M3 S30
G4 P0.2
G1 X98.51393219147808 Y219.8770908974773 F300
G1 X98.8602717748073 Y219.8096056110198 F300
G1 X99.1964248998033 Y220.01142481674654 F300
G1 X99.29637952219795 Y220.46981544174108 F300
G1 X99.2753699518857 Y220.70028406153003 F300
G1 X99.20470139719905 Y220.91547299381915 F300
G1 X99.06845751699232 Y221.07463640527558 F300
G1 X98.85645185293235 Y221.1344818479832 F300
G1 X98.58587405345638 Y221.1344818479832 F300
G1 X98.55022144929015 Y221.17204441308695 F300
G1 X98.55022144929015 Y221.20769701725314 F300
G1 X98.58587405345638 Y221.23952969954445 F300
G1 X98.8106127904329 Y221.2579926552734 F300
G1 X99.0480846003259 Y221.36495046777213 F300
G1 X99.18687509511592 Y221.62661511620655 F300
G1 X99.2308041966779 Y221.92011244693222 F300
G1 X99.13912607167897 Y222.24034923078258 F300
G1 X98.8602717748073 Y222.36576999901027 F300
G1 X98.56422782949831 Y222.3071978635943 F300
G1 X98.33948909252182 Y222.12893484276304 F300
G1 X98.35285881908415 Y222.13211811099217 F300
G1 X98.36686519929232 Y222.13339141828385 F300
G1 X98.52029872793634 Y222.0697260537013 F300
G1 X98.58205413158143 Y221.91629252505723 F300
G1 X98.52029872793634 Y221.7647689573507 F300
G1 X98.36686519929232 Y221.70110359276816 F300
G1 X98.21406832429412 Y221.7647689573507 F300
G1 X98.15040295971156 Y221.91629252505723 F300
G1 X98.25545081127281 Y222.22061296776195 F300
G1 X98.52730191804042 Y222.41670229067634 F300
G1 X98.8602717748073 Y222.48355092348802 F300
G1 X99.12066311595004 Y222.4466250120301 F300
G1 X99.36959469146791 Y222.34094050682307 F300
G1 X99.55167763417408 Y222.16458744692932 F300
G1 X99.62234618886075 Y221.92011244693222 F300
G1 X99.54594775136165 Y221.6036955849568 F300
G1 X99.33585204823915 Y221.35285404850146 F300
G1 X99.04362802480512 Y221.19623725162836 F300
G1 X99.37978114980113 Y221.06253998600488 F300
G1 X99.63507926177726 Y220.80787852767457 F300
G1 X99.73185061594278 Y220.47363536361607 F300
G1 X99.60833980865257 Y220.0668136839334 F300
G1 X99.28428310292725 Y219.78222950424927 F300
G1 X98.8602717748073 Y219.67972826727134 F300
G1 X98.47700628002018 Y219.75294343654127 F300
G1 X98.16313603262807 Y219.9706789834137 F300
G1 X98.04089853262953 Y220.3189285276804 F300
G1 X98.10838381908704 Y220.48764174382427 F300
G1 X98.27773368887671 Y220.55512703028177 F300
G1 X98.39806122793779 Y220.52456765528214 F300
G1 X98.48337281647844 Y220.4379827594498 F300
G1 X98.51456884512392 Y220.3189285276804 F300
G1 X98.44453694408307 Y220.15148861882824 F300
G1 X98.27773368887671 Y220.08400333237068 F300
G1 X98.25736077221029 Y220.08400333237068 F300;svg > g > g > g#figure_1 > g#text_1 > g > use > path#Cmmi10-74
M3 S90
G4 P0.2
G0 X100.1596818659377 Y220.09991967351633
M3 S30
G4 P0.2
G1 X100.17177828520838 Y220.2132440224733 F300
G1 X100.46591226957989 Y221.38277676985527 F300
G1 X100.03808101958496 Y221.38277676985527 F300
G1 X99.99669853260629 Y221.43689232975046 F300
G1 X100.05017743885566 Y221.5260238401661 F300
G1 X100.50156487374615 Y221.5260238401661 F300
G1 X100.66518486072336 Y222.1906902464082 F300
G1 X100.72885022530592 Y222.28236837140707 F300
G1 X100.83580803780467 Y222.31993093651081 F300
G1 X100.92239293363697 Y222.28873490786535 F300
G1 X100.95740888415739 Y222.20660658755384 F300
G1 X100.95613557686572 Y222.18750697817902 F300
G1 X100.95358896228242 Y222.17286394432503 F300
G1 X100.79060562895103 Y221.5260238401661 F300
G1 X101.21016038155022 Y221.5260238401661 F300
G1 X101.25217952217471 Y221.47254493391668 F300
G1 X101.24390302477899 Y221.43816563704212 F300
G1 X101.22798668363333 Y221.3986931110009 F300
G1 X101.19806396227952 Y221.38277676985527 F300
G1 X100.75431637113897 Y221.38277676985527 F300
G1 X100.46209234770494 Y220.2049675250776 F300
G1 X100.43216962635111 Y220.00633158757992 F300
G1 X100.55186051176638 Y219.83125183497788 F300
G1 X100.8689140273876 Y219.9993283974759 F300
G1 X101.08091969144759 Y220.3685875120548 F300
G1 X101.11275237373887 Y220.39214369695037 F300
G1 X101.16241135811329 Y220.39214369695037 F300
G1 X101.18787750394631 Y220.38132058497135 F300
G1 X101.19806396227952 Y220.35649109278413 F300
G1 X101.19424404040458 Y220.34439467351345 F300
G1 X100.933216045616 Y219.91083354070608 F300
G1 X100.54167405343316 Y219.7236573688333 F300
G1 X100.26982294666554 Y219.82870522039454 F300
G1 X100.1596818659377 Y220.09991967351633 F300;svg > g > g > g#figure_1 > g#text_1 > g > use > path#Cmr10-32
M3 S90
G4 P0.2
G0 X101.93369498534369 Y221.32859750093925
M3 S30
G4 P0.2
G1 X101.93369498534369 Y221.40525059989665 F300
G1 X101.93904287596862 Y221.4204029566673 F300
G1 X102.3820264827342 Y221.91062626395316 F300
G1 X102.54469148924268 Y222.09290020275304 F300
G1 X102.66858428872038 Y222.26314138764693 F300
G1 X102.76573763507339 Y222.4587850530091 F300
G1 X102.80139023923965 Y222.66958107514208 F300
G1 X102.75816145668806 Y222.89330116628523 F300
G1 X102.6293664241375 Y223.06398800873112 F300
G1 X102.4225813199733 Y223.12816269623033 F300
G1 X102.1997525439343 Y223.05329222748125 F300
G1 X102.06026173013385 Y222.86076816498354 F300
G1 X102.09101210122725 Y222.86344211029598 F300
G1 X102.20019820148637 Y222.82021332774445 F300
G1 X102.24565527179833 Y222.70879893972491 F300
G1 X102.20019820148637 Y222.59783020925747 F300
G1 X102.09101210122725 Y222.5528187964976 F300
G1 X101.97870639810358 Y222.59916718191369 F300
G1 X101.93369498534369 Y222.70879893972491 F300
G1 X101.97380416503071 Y222.90979049571214 F300
G1 X102.0901207861231 Y223.07691207774138 F300
G1 X102.26169894367312 Y223.18921778086505 F300
G1 X102.46402747231656 Y223.22843564544792 F300
G1 X102.76752026528172 Y223.15935872487583 F300
G1 X102.99034904132073 Y222.96416071706562 F300
G1 X103.07279568845517 Y222.66958107514208 F300
G1 X103.01842546710164 Y222.43427388764482 F300
G1 X102.87893465330122 Y222.2314997014493 F300
G1 X102.66189942543923 Y222.02471459728514 F300
G1 X102.48809298012876 Y221.8705170842661 F300
G1 X102.16499125487219 Y221.55989377046774 F300
G1 X102.4390706494002 Y221.55989377046774 F300
G1 X102.77687907387535 Y221.5630133733323 F300
G1 X102.92082646319655 Y221.57370915458213 F300
G1 X102.98945772621657 Y221.83709276786027 F300
G1 X103.07279568845517 Y221.83709276786027 F300
G1 X102.99213167152904 Y221.32859750093925 F300
G1 X101.93369498534369 Y221.32859750093925 F300;svg > g > g > g#figure_1 > g#text_1 > g > use > path#Cmr10-a2
M3 S90
G4 P0.2
G0 X103.69840335714566 Y219.76949643133275
M3 S30
G4 P0.2
G1 X103.66466071391689 Y219.80132911362404 F300
G1 X103.6672073285002 Y219.8070589964365 F300
G1 X103.66848063579185 Y219.81533549383224 F300
G1 X105.07102861754603 Y222.64271433494451 F300
G1 X105.14488044046182 Y222.6860067828606 F300
G1 X105.20026930764865 Y222.6860067828606 F300
G1 X105.27412113056444 Y222.64271433494451 F300
G1 X106.67666911231862 Y219.81533549383224 F300
G1 X106.67921572690192 Y219.80833230372815 F300
G1 X106.68048903419358 Y219.80132911362404 F300
G1 X106.64674639096481 Y219.76949643133275 F300
G1 X103.69840335714566 Y219.76949643133275 F300
M3 S90
G4 P0.2
G0 X103.96707119568413 Y220.0960997516414
M3 S30
G4 P0.2
G1 X106.11386728940863 Y220.0960997516414 F300
G1 X105.04110589619222 Y222.2581755328657 F300
G1 X103.96707119568413 Y220.0960997516414 F300;svg > g > g > g#figure_1 > g#text_1 > g > use > path#Cmmi10-74
M3 S90
G4 P0.2
G0 X107.12439579602163 Y220.09991967351633
M3 S30
G4 P0.2
G1 X107.13649221529232 Y220.2132440224733 F300
G1 X107.43062619966386 Y221.38277676985527 F300
G1 X107.00279494966891 Y221.38277676985527 F300
G1 X106.96141246269025 Y221.43689232975046 F300
G1 X107.0148913689396 Y221.5260238401661 F300
G1 X107.46627880383008 Y221.5260238401661 F300
G1 X107.62989879080732 Y222.1906902464082 F300
G1 X107.69356415538988 Y222.28236837140707 F300
G1 X107.8005219678886 Y222.31993093651081 F300
G1 X107.88710686372093 Y222.28873490786535 F300
G1 X107.92212281424133 Y222.20660658755384 F300
G1 X107.92084950694968 Y222.18750697817902 F300
G1 X107.91830289236638 Y222.17286394432503 F300
G1 X107.75531955903497 Y221.5260238401661 F300
G1 X108.17487431163418 Y221.5260238401661 F300
G1 X108.21689345225867 Y221.47254493391668 F300
G1 X108.20861695486293 Y221.43816563704212 F300
G1 X108.19270061371729 Y221.3986931110009 F300
G1 X108.16277789236348 Y221.38277676985527 F300
G1 X107.71903030122292 Y221.38277676985527 F300
G1 X107.42680627778888 Y220.2049675250776 F300
G1 X107.39688355643507 Y220.00633158757992 F300
G1 X107.51657444185032 Y219.83125183497788 F300
G1 X107.83362795747155 Y219.9993283974759 F300
G1 X108.04563362153154 Y220.3685875120548 F300
G1 X108.07746630382285 Y220.39214369695037 F300
G1 X108.12712528819723 Y220.39214369695037 F300
G1 X108.15259143403027 Y220.38132058497135 F300
G1 X108.16277789236348 Y220.35649109278413 F300
G1 X108.15895797048853 Y220.34439467351345 F300
G1 X107.89792997569997 Y219.91083354070608 F300
G1 X107.50638798351713 Y219.7236573688333 F300
G1 X107.23453687674952 Y219.82870522039454 F300
G1 X107.12439579602163 Y220.09991967351633 F300;svg > g > g > g#figure_1 > g#text_1 > g > use > path#Cmr10-2b
M3 S90
G4 P0.2
G0 X109.36358626828674 Y220.7066505979883
M3 S30
G4 P0.2
G1 X109.30756074745406 Y220.7321167438213 F300
G1 X109.28591452349598 Y220.78814226465403 F300
G1 X109.30756074745406 Y220.84353113184085 F300
G1 X109.36358626828674 Y220.8696339313197 F300
G1 X110.56176842973083 Y220.8696339313197 F300
G1 X110.56176842973083 Y222.07163601463876 F300
G1 X110.58532461462639 Y222.12384161359645 F300
G1 X110.64326009639653 Y222.14485118390868 F300
G1 X110.69864896358337 Y222.12384161359645 F300
G1 X110.72475176306223 Y222.07163601463876 F300
G1 X110.72475176306223 Y220.8696339313197 F300
G1 X111.92229727086051 Y220.8696339313197 F300
G1 X111.97386621617241 Y220.84353113184085 F300
G1 X111.9961490937763 Y220.78814226465403 F300
G1 X111.97386621617241 Y220.7321167438213 F300
G1 X111.92229727086051 Y220.7066505979883 F300
G1 X110.72475176306223 Y220.7066505979883 F300
G1 X110.72475176306223 Y219.5046485146692 F300
G1 X110.69864896358337 Y219.45244291571154 F300
G1 X110.64326009639653 Y219.43143334539926 F300
G1 X110.58532461462639 Y219.45244291571154 F300
G1 X110.56176842973083 Y219.5046485146692 F300
G1 X110.56176842973083 Y220.7066505979883 F300
G1 X109.36358626828674 Y220.7066505979883 F300;svg > g > g > g#figure_1 > g#text_1 > g > use > path#Cmr10-33
M3 S90
G4 P0.2
G0 X113.32587978932301 Y220.08400333237068
M3 S30
G4 P0.2
G1 X113.5824512085908 Y219.8770908974773 F300
G1 X113.92879079192002 Y219.8096056110198 F300
G1 X114.26494391691602 Y220.01142481674654 F300
G1 X114.36489853931067 Y220.46981544174108 F300
G1 X114.34388896899843 Y220.70028406153003 F300
G1 X114.27322041431177 Y220.91547299381915 F300
G1 X114.13697653410505 Y221.07463640527558 F300
G1 X113.92497087004507 Y221.1344818479832 F300
G1 X113.6543930705691 Y221.1344818479832 F300
G1 X113.61874046640285 Y221.17204441308695 F300
G1 X113.61874046640285 Y221.20769701725314 F300
G1 X113.6543930705691 Y221.23952969954445 F300
G1 X113.87913180754562 Y221.2579926552734 F300
G1 X114.11660361743863 Y221.36495046777213 F300
G1 X114.25539411222866 Y221.62661511620655 F300
G1 X114.29932321379061 Y221.92011244693222 F300
G1 X114.20764508879171 Y222.24034923078258 F300
G1 X113.92879079192002 Y222.36576999901027 F300
G1 X113.63274684661103 Y222.3071978635943 F300
G1 X113.40800810963452 Y222.12893484276304 F300
G1 X113.42137783619687 Y222.13211811099217 F300
G1 X113.43538421640503 Y222.13339141828385 F300
G1 X113.58881774504906 Y222.0697260537013 F300
G1 X113.65057314869416 Y221.91629252505723 F300
G1 X113.58881774504906 Y221.7647689573507 F300
G1 X113.43538421640503 Y221.70110359276816 F300
G1 X113.28258734140684 Y221.7647689573507 F300
G1 X113.21892197682428 Y221.91629252505723 F300
G1 X113.32396982838553 Y222.22061296776195 F300
G1 X113.59582093515314 Y222.41670229067634 F300
G1 X113.92879079192002 Y222.48355092348802 F300
G1 X114.18918213306276 Y222.4466250120301 F300
G1 X114.43811370858064 Y222.34094050682307 F300
G1 X114.62019665128679 Y222.16458744692932 F300
G1 X114.69086520597347 Y221.92011244693222 F300
G1 X114.61446676847439 Y221.6036955849568 F300
G1 X114.40437106535187 Y221.35285404850146 F300
G1 X114.11214704191782 Y221.19623725162836 F300
G1 X114.44830016691385 Y221.06253998600488 F300
G1 X114.70359827888998 Y220.80787852767457 F300
G1 X114.8003696330555 Y220.47363536361607 F300
G1 X114.67685882576531 Y220.0668136839334 F300
G1 X114.35280212003997 Y219.78222950424927 F300
G1 X113.92879079192002 Y219.67972826727134 F300
G1 X113.54552529713291 Y219.75294343654127 F300
G1 X113.23165504974081 Y219.9706789834137 F300
G1 X113.10941754974226 Y220.3189285276804 F300
G1 X113.17690283619976 Y220.48764174382427 F300
G1 X113.34625270598943 Y220.55512703028177 F300
G1 X113.46658024505051 Y220.52456765528214 F300
G1 X113.55189183359116 Y220.4379827594498 F300
G1 X113.58308786223662 Y220.3189285276804 F300
G1 X113.51305596119579 Y220.15148861882824 F300
G1 X113.34625270598943 Y220.08400333237068 F300
G1 X113.32587978932301 Y220.08400333237068 F300;svg > g > g > g#figure_1 > g#text_1 > g > use > path#Cmmi10-74
M3 S90
G4 P0.2
G0 X115.22820088305042 Y220.09991967351633
M3 S30
G4 P0.2
G1 X115.2402973023211 Y220.2132440224733 F300
G1 X115.53443128669262 Y221.38277676985527 F300
G1 X115.10660003669767 Y221.38277676985527 F300
G1 X115.06521754971902 Y221.43689232975046 F300
G1 X115.11869645596836 Y221.5260238401661 F300
G1 X115.57008389085885 Y221.5260238401661 F300
G1 X115.73370387783608 Y222.1906902464082 F300
G1 X115.79736924241864 Y222.28236837140707 F300
G1 X115.90432705491736 Y222.31993093651081 F300
G1 X115.99091195074969 Y222.28873490786535 F300
G1 X116.0259279012701 Y222.20660658755384 F300
G1 X116.02465459397844 Y222.18750697817902 F300
G1 X116.02210797939514 Y222.17286394432503 F300
G1 X115.85912464606373 Y221.5260238401661 F300
G1 X116.27867939866294 Y221.5260238401661 F300
G1 X116.32069853928743 Y221.47254493391668 F300
G1 X116.3124220418917 Y221.43816563704212 F300
G1 X116.29650570074605 Y221.3986931110009 F300
G1 X116.26658297939224 Y221.38277676985527 F300
G1 X115.82283538825168 Y221.38277676985527 F300
G1 X115.53061136481766 Y220.2049675250776 F300
G1 X115.50068864346385 Y220.00633158757992 F300
G1 X115.62037952887908 Y219.83125183497788 F300
G1 X115.93743304450032 Y219.9993283974759 F300
G1 X116.1494387085603 Y220.3685875120548 F300
G1 X116.1812713908516 Y220.39214369695037 F300
G1 X116.230930375226 Y220.39214369695037 F300
G1 X116.25639652105905 Y220.38132058497135 F300
G1 X116.26658297939224 Y220.35649109278413 F300
G1 X116.26276305751729 Y220.34439467351345 F300
G1 X116.00173506272873 Y219.91083354070608 F300
G1 X115.61019307054589 Y219.7236573688333 F300
G1 X115.33834196377828 Y219.82870522039454 F300
G1 X115.22820088305042 Y220.09991967351633 F300;svg > g > g > g#figure_1 > g#text_1 > g > use > path#Cmr10-28
M3 S90
G4 P0.2
G0 X117.70884222866678 Y218.75849044176144
M3 S30
G4 P0.2
G1 X117.31793689012974 Y219.1697686969649 F300
G1 X117.04926905159128 Y219.66444857977152 F300
G1 X116.89328890836399 Y220.2132440224733 F300
G1 X116.8417199630521 Y220.78814226465403 F300
G1 X116.89328890836399 Y221.36686042870963 F300
G1 X117.05117901252876 Y221.91820248599475 F300
G1 X117.32303011929638 Y222.41351902244716 F300
G1 X117.70884222866678 Y222.81779408754656 F300
G1 X117.72921514533321 Y222.82543393129646 F300
G1 X117.76677771043694 Y222.82543393129646 F300
G1 X117.78842393439501 Y222.81461081931744 F300
G1 X117.79861039272822 Y222.78978132713024 F300
G1 X117.79097054897832 Y222.7636785276514 F300
G1 X117.4592739995031 Y222.34603373598966 F300
G1 X117.24599502815144 Y221.8710901162036 F300
G1 X117.13012406461117 Y221.3496707802723 F300
G1 X117.09447146044491 Y220.78814226465403 F300
G1 X117.78651397345752 Y218.82024584540653 F300
G1 X117.79861039272822 Y218.78650320217776 F300
G1 X117.78778728074919 Y218.76422032457387 F300
G1 X117.76677771043694 Y218.7508505980115 F300
G1 X117.72921514533321 Y218.7508505980115 F300
G1 X117.70884222866678 Y218.75849044176144 F300;svg > g > g > g#figure_1 > g#text_1 > g > use > path#Cmr10-a2
M3 S90
G4 P0.2
G0 X118.24832663726455 Y219.76949643133275
M3 S30
G4 P0.2
G1 X118.2145839940358 Y219.80132911362404 F300
G1 X118.2171306086191 Y219.8070589964365 F300
G1 X118.21840391591076 Y219.81533549383224 F300
G1 X119.62095189766494 Y222.64271433494451 F300
G1 X119.69480372058072 Y222.6860067828606 F300
G1 X119.75019258776756 Y222.6860067828606 F300
G1 X119.82404441068336 Y222.64271433494451 F300
G1 X121.22659239243754 Y219.81533549383224 F300
G1 X121.22913900702085 Y219.80833230372815 F300
G1 X121.2304123143125 Y219.80132911362404 F300
G1 X121.19666967108373 Y219.76949643133275 F300
G1 X118.24832663726455 Y219.76949643133275 F300
M3 S90
G4 P0.2
G0 X118.51699447580305 Y220.0960997516414
M3 S30
G4 P0.2
G1 X120.66379056952754 Y220.0960997516414 F300
G1 X119.59102917631112 Y222.2581755328657 F300
G1 X118.51699447580305 Y220.0960997516414 F300;svg > g > g > g#figure_1 > g#text_1 > g > use > path#Cmmi10-74
M3 S90
G4 P0.2
G0 X121.67431907614052 Y220.09991967351633
M3 S30
G4 P0.2
G1 X121.6864154954112 Y220.2132440224733 F300
G1 X121.98054947978272 Y221.38277676985527 F300
G1 X121.55271822978779 Y221.38277676985527 F300
G1 X121.51133574280912 Y221.43689232975046 F300
G1 X121.56481464905846 Y221.5260238401661 F300
G1 X122.01620208394897 Y221.5260238401661 F300
G1 X122.17982207092618 Y222.1906902464082 F300
G1 X122.24348743550874 Y222.28236837140707 F300
G1 X122.35044524800747 Y222.31993093651081 F300
G1 X122.43703014383979 Y222.28873490786535 F300
G1 X122.4720460943602 Y222.20660658755384 F300
G1 X122.47077278706854 Y222.18750697817902 F300
G1 X122.46822617248526 Y222.17286394432503 F300
G1 X122.30524283915385 Y221.5260238401661 F300
G1 X122.72479759175305 Y221.5260238401661 F300
G1 X122.76681673237754 Y221.47254493391668 F300
G1 X122.7585402349818 Y221.43816563704212 F300
G1 X122.74262389383615 Y221.3986931110009 F300
G1 X122.71270117248234 Y221.38277676985527 F300
G1 X122.26895358134178 Y221.38277676985527 F300
G1 X121.97672955790776 Y220.2049675250776 F300
G1 X121.94680683655395 Y220.00633158757992 F300
G1 X122.06649772196918 Y219.83125183497788 F300
G1 X122.38355123759042 Y219.9993283974759 F300
G1 X122.59555690165041 Y220.3685875120548 F300
G1 X122.6273895839417 Y220.39214369695037 F300
G1 X122.6770485683161 Y220.39214369695037 F300
G1 X122.70251471414915 Y220.38132058497135 F300
G1 X122.71270117248234 Y220.35649109278413 F300
G1 X122.7088812506074 Y220.34439467351345 F300
G1 X122.44785325581884 Y219.91083354070608 F300
G1 X122.05631126363599 Y219.7236573688333 F300
G1 X121.78446015686839 Y219.82870522039454 F300
G1 X121.67431907614052 Y220.09991967351633 F300;svg > g > g > g#figure_1 > g#text_1 > g > use > path#Cmr10-29
M3 S90
G4 P0.2
G0 X123.15668750510208 Y218.7508505980115
M3 S30
G4 P0.2
G1 X123.12039824729001 Y218.78650320217776 F300
G1 X123.12867474468575 Y218.81260600165663 F300
G1 X123.82517383321913 Y220.78814226465403 F300
G1 X123.13631458843565 Y222.75603868390147 F300
G1 X123.12039824729001 Y222.78978132713024 F300
G1 X123.13122135926905 Y222.81461081931744 F300
G1 X123.15668750510208 Y222.82543393129646 F300
G1 X123.19425007020581 Y222.82543393129646 F300
G1 X123.21398633322642 Y222.81779408754656 F300
G1 X123.70166302592894 Y222.25626557192822 F300
G1 X123.9868838592589 Y221.55212663964494 F300
G1 X124.07792533061198 Y220.78814226465403 F300
G1 X124.02890299988341 Y220.22024721257742 F300
G1 X123.8735595103019 Y219.66954180893808 F300
G1 X123.6042550181176 Y219.1678587360274 F300
G1 X123.21398633322642 Y218.75849044176144 F300
G1 X123.19425007020581 Y218.7508505980115 F300
G1 X123.15668750510208 Y218.7508505980115 F300;svg > g > g > g#figure_1 > g#text_1 > g > use > path#Cmr10-32
M3 S90
G4 P0.2
G0 X124.79758587878054 Y221.32859750093925
M3 S30
G4 P0.2
G1 X124.79758587878054 Y221.40525059989665 F300
G1 X124.80293376940547 Y221.4204029566673 F300
G1 X125.24591737617105 Y221.91062626395316 F300
G1 X125.40858238267951 Y222.09290020275304 F300
G1 X125.53247518215721 Y222.26314138764693 F300
G1 X125.62962852851022 Y222.4587850530091 F300
G1 X125.66528113267647 Y222.66958107514208 F300
G1 X125.62205235012489 Y222.89330116628523 F300
G1 X125.49325731757435 Y223.06398800873112 F300
G1 X125.28647221341014 Y223.12816269623033 F300
G1 X125.06364343737111 Y223.05329222748125 F300
G1 X124.9241526235707 Y222.86076816498354 F300
G1 X124.9549029946641 Y222.86344211029598 F300
G1 X125.0640890949232 Y222.82021332774445 F300
G1 X125.10954616523514 Y222.70879893972491 F300
G1 X125.0640890949232 Y222.59783020925747 F300
G1 X124.9549029946641 Y222.5528187964976 F300
G1 X124.84259729154041 Y222.59916718191369 F300
G1 X124.79758587878054 Y222.70879893972491 F300
G1 X124.83769505846755 Y222.90979049571214 F300
G1 X124.95401167955994 Y223.07691207774138 F300
G1 X125.12558983710997 Y223.18921778086505 F300
G1 X125.3279183657534 Y223.22843564544792 F300
G1 X125.63141115871856 Y223.15935872487583 F300
G1 X125.85423993475759 Y222.96416071706562 F300
G1 X125.936686581892 Y222.66958107514208 F300
G1 X125.88231636053848 Y222.43427388764482 F300
G1 X125.74282554673808 Y222.2314997014493 F300
G1 X125.52579031887606 Y222.02471459728514 F300
G1 X125.35198387356562 Y221.8705170842661 F300
G1 X125.02888214830904 Y221.55989377046774 F300
G1 X125.30296154283704 Y221.55989377046774 F300
G1 X125.64076996731218 Y221.5630133733323 F300
G1 X125.78471735663341 Y221.57370915458213 F300
G1 X125.85334861965342 Y221.83709276786027 F300
G1 X125.936686581892 Y221.83709276786027 F300
G1 X125.85602256496587 Y221.32859750093925 F300
G1 X124.79758587878054 Y221.32859750093925 F300;svg > g > g > g#figure_1 > g#text_1 > g > use > path#Cmr10-2b
M3 S90
G4 P0.2
G0 X127.36304539544798 Y220.7066505979883
M3 S30
G4 P0.2
G1 X127.30701987461529 Y220.7321167438213 F300
G1 X127.28537365065723 Y220.78814226465403 F300
G1 X127.30701987461529 Y220.84353113184085 F300
G1 X127.36304539544798 Y220.8696339313197 F300
G1 X128.56122755689208 Y220.8696339313197 F300
G1 X128.56122755689208 Y222.07163601463876 F300
G1 X128.58478374178765 Y222.12384161359645 F300
G1 X128.64271922355778 Y222.14485118390868 F300
G1 X128.69810809074463 Y222.12384161359645 F300
G1 X128.72421089022347 Y222.07163601463876 F300
G1 X128.72421089022347 Y220.8696339313197 F300
G1 X129.92175639802176 Y220.8696339313197 F300
G1 X129.97332534333364 Y220.84353113184085 F300
G1 X129.99560822093753 Y220.78814226465403 F300
G1 X129.97332534333364 Y220.7321167438213 F300
G1 X129.92175639802176 Y220.7066505979883 F300
G1 X128.72421089022347 Y220.7066505979883 F300
G1 X128.72421089022347 Y219.5046485146692 F300
G1 X128.69810809074463 Y219.45244291571154 F300
G1 X128.64271922355778 Y219.43143334539926 F300
G1 X128.58478374178765 Y219.45244291571154 F300
G1 X128.56122755689208 Y219.5046485146692 F300
G1 X128.56122755689208 Y220.7066505979883 F300
G1 X127.36304539544798 Y220.7066505979883 F300;svg > g > g > g#figure_1 > g#text_1 > g > use > path#Cmr10-28
M3 S90
G4 P0.2
G0 X132.20073773770304 Y218.75849044176144
M3 S30
G4 P0.2
G1 X131.809832399166 Y219.1697686969649 F300
G1 X131.54116456062752 Y219.66444857977152 F300
G1 X131.3851844174002 Y220.2132440224733 F300
G1 X131.33361547208835 Y220.78814226465403 F300
G1 X131.3851844174002 Y221.36686042870963 F300
G1 X131.54307452156502 Y221.91820248599475 F300
G1 X131.81492562833265 Y222.41351902244716 F300
G1 X132.20073773770304 Y222.81779408754656 F300
G1 X132.22111065436945 Y222.82543393129646 F300
G1 X132.2586732194732 Y222.82543393129646 F300
G1 X132.28031944343124 Y222.81461081931744 F300
G1 X132.29050590176448 Y222.78978132713024 F300
G1 X132.28286605801458 Y222.7636785276514 F300
G1 X131.95116950853932 Y222.34603373598966 F300
G1 X131.7378905371877 Y221.8710901162036 F300
G1 X131.6220195736474 Y221.3496707802723 F300
G1 X131.58636696948116 Y220.78814226465403 F300
G1 X132.27840948249377 Y218.82024584540653 F300
G1 X132.29050590176448 Y218.78650320217776 F300
G1 X132.27968278978545 Y218.76422032457387 F300
G1 X132.2586732194732 Y218.7508505980115 F300
G1 X132.22111065436945 Y218.7508505980115 F300
G1 X132.20073773770304 Y218.75849044176144 F300;svg > g > g > g#figure_1 > g#text_1 > g > use > path#Cmr10-a2
M3 S90
G4 P0.2
G0 X132.74022208809248 Y219.76949643133275
M3 S30
G4 P0.2
G1 X132.70647944486373 Y219.80132911362404 F300
G1 X132.709026059447 Y219.8070589964365 F300
G1 X132.71029936673864 Y219.81533549383224 F300
G1 X134.11284734849283 Y222.64271433494451 F300
G1 X134.18669917140863 Y222.6860067828606 F300
G1 X134.24208803859548 Y222.6860067828606 F300
G1 X134.31593986151125 Y222.64271433494451 F300
G1 X135.71848784326542 Y219.81533549383224 F300
G1 X135.72103445784876 Y219.80833230372815 F300
G1 X135.7223077651404 Y219.80132911362404 F300
G1 X135.68856512191164 Y219.76949643133275 F300
G1 X132.74022208809248 Y219.76949643133275 F300
M3 S90
G4 P0.2
G0 X133.00888992663096 Y220.0960997516414
M3 S30
G4 P0.2
G1 X135.15568602035543 Y220.0960997516414 F300
G1 X134.08292462713902 Y222.2581755328657 F300
G1 X133.00888992663096 Y220.0960997516414 F300;svg > g > g > g#figure_1 > g#text_1 > g > use > path#Cmmi10-74
M3 S90
G4 P0.2
G0 X136.16621452696845 Y220.09991967351633
M3 S30
G4 P0.2
G1 X136.17831094623915 Y220.2132440224733 F300
G1 X136.4724449306106 Y221.38277676985527 F300
G1 X136.04461368061573 Y221.38277676985527 F300
G1 X136.00323119363708 Y221.43689232975046 F300
G1 X136.0567100998864 Y221.5260238401661 F300
G1 X136.50809753477688 Y221.5260238401661 F300
G1 X136.67171752175412 Y222.1906902464082 F300
G1 X136.73538288633668 Y222.28236837140707 F300
G1 X136.84234069883541 Y222.31993093651081 F300
G1 X136.9289255946677 Y222.28873490786535 F300
G1 X136.96394154518813 Y222.20660658755384 F300
G1 X136.96266823789648 Y222.18750697817902 F300
G1 X136.9601216233132 Y222.17286394432503 F300
G1 X136.7971382899818 Y221.5260238401661 F300
G1 X137.21669304258097 Y221.5260238401661 F300
G1 X137.2587121832055 Y221.47254493391668 F300
G1 X137.25043568580975 Y221.43816563704212 F300
G1 X137.2345193446641 Y221.3986931110009 F300
G1 X137.20459662331027 Y221.38277676985527 F300
G1 X136.7608490321697 Y221.38277676985527 F300
G1 X136.46862500873573 Y220.2049675250776 F300
G1 X136.43870228738186 Y220.00633158757992 F300
G1 X136.5583931727971 Y219.83125183497788 F300
G1 X136.87544668841835 Y219.9993283974759 F300
G1 X137.08745235247832 Y220.3685875120548 F300
G1 X137.11928503476963 Y220.39214369695037 F300
G1 X137.16894401914402 Y220.39214369695037 F300
G1 X137.1944101649771 Y220.38132058497135 F300
G1 X137.20459662331027 Y220.35649109278413 F300
G1 X137.20077670143533 Y220.34439467351345 F300
G1 X136.93974870664678 Y219.91083354070608 F300
G1 X136.54820671446387 Y219.7236573688333 F300
G1 X136.2763556076963 Y219.82870522039454 F300
G1 X136.16621452696845 Y220.09991967351633 F300;svg > g > g > g#figure_1 > g#text_1 > g > use > path#Cmr10-29
M3 S90
G4 P0.2
G0 X137.64858295593 Y218.7508505980115
M3 S30
G4 P0.2
G1 X137.61229369811795 Y218.78650320217776 F300
G1 X137.6205701955137 Y218.81260600165663 F300
G1 X138.31706928404708 Y220.78814226465403 F300
G1 X137.62821003926362 Y222.75603868390147 F300
G1 X137.61229369811795 Y222.78978132713024 F300
G1 X137.62311681009697 Y222.81461081931744 F300
G1 X137.64858295593 Y222.82543393129646 F300
G1 X137.68614552103372 Y222.82543393129646 F300
G1 X137.70588178405433 Y222.81779408754656 F300
G1 X138.1935584767569 Y222.25626557192822 F300
G1 X138.47877931008682 Y221.55212663964494 F300
G1 X138.5698207814399 Y220.78814226465403 F300
G1 X138.52079845071134 Y220.22024721257742 F300
G1 X138.3654549611298 Y219.66954180893808 F300
G1 X138.09615046894555 Y219.1678587360274 F300
G1 X137.70588178405433 Y218.75849044176144 F300
G1 X137.68614552103372 Y218.7508505980115 F300
G1 X137.64858295593 Y218.7508505980115 F300;svg > g > g > g#figure_1 > g#text_1 > g > use > path#Cmr10-33
M3 S90
G4 P0.2
G0 X139.41872201971105 Y221.54875233166575
M3 S30
G4 P0.2
G1 X139.59832201319853 Y221.40391362724043 F300
G1 X139.84075972152897 Y221.35667392672016 F300
G1 X140.07606690902617 Y221.49794737072887 F300
G1 X140.14603514470244 Y221.81882080822507 F300
G1 X140.13132844548383 Y221.98014884207728 F300
G1 X140.0818604572032 Y222.1307810946797 F300
G1 X139.98648974105848 Y222.24219548269923 F300
G1 X139.8380857762165 Y222.28408729259456 F300
G1 X139.64868131658335 Y222.28408729259456 F300
G1 X139.62372449366697 Y222.31038108816716 F300
G1 X139.62372449366697 Y222.33533791108354 F300
G1 X139.64868131658335 Y222.3576207886874 F300
G1 X139.80599843246688 Y222.37054485769767 F300
G1 X139.972228699392 Y222.4454153264468 F300
G1 X140.06938204574502 Y222.62858058035087 F300
G1 X140.1001324168384 Y222.83402871185888 F300
G1 X140.03595772933917 Y223.05819446055412 F300
G1 X139.84075972152897 Y223.14598899831347 F300
G1 X139.63352895981268 Y223.1049885035223 F300
G1 X139.47621184392915 Y222.98020438894045 F300
G1 X139.4855706525228 Y222.98243267670085 F300
G1 X139.49537511866853 Y222.98332399180498 F300
G1 X139.6027785887193 Y222.93875823659718 F300
G1 X139.64600737127085 Y222.83135476654635 F300
G1 X139.6027785887193 Y222.72528826915178 F300
G1 X139.49537511866853 Y222.68072251394403 F300
G1 X139.38841730616977 Y222.72528826915178 F300
G1 X139.343851550962 Y222.83135476654635 F300
G1 X139.41738504705484 Y223.0443790764397 F300
G1 X139.60768082179214 Y223.1816416024797 F300
G1 X139.84075972152897 Y223.22843564544792 F300
G1 X140.0230336603289 Y223.20258750742738 F300
G1 X140.19728576319142 Y223.12860835378243 F300
G1 X140.32474382308573 Y223.00516121185686 F300
G1 X140.3742118113664 Y222.83402871185888 F300
G1 X140.320732905117 Y222.61253690847605 F300
G1 X140.17366591293126 Y222.43694783295732 F300
G1 X139.96910909652746 Y222.32731607514614 F300
G1 X140.20441628402466 Y222.23372798920974 F300
G1 X140.38312496240795 Y222.0554649683785 F300
G1 X140.4508649103238 Y221.82149475353754 F300
G1 X140.36440734522068 Y221.53671957775964 F300
G1 X140.13756765121295 Y221.33751065198078 F300
G1 X139.84075972152897 Y221.26575978609623 F300
G1 X139.57247387517802 Y221.3170104045852 F300
G1 X139.35276470200353 Y221.4694252873959 F300
G1 X139.26719845200452 Y221.71319996838258 F300
G1 X139.31443815252481 Y221.83129921968325 F300
G1 X139.43298306137757 Y221.8785389202035 F300
G1 X139.51721233872033 Y221.85714735770375 F300
G1 X139.57693045069877 Y221.79653793062118 F300
G1 X139.59876767075062 Y221.71319996838258 F300
G1 X139.549745340022 Y221.59599203218605 F300
G1 X139.43298306137757 Y221.54875233166575 F300
G1 X139.41872201971105 Y221.54875233166575 F300;svg > g > g > g#figure_1 > g#text_1 > g > use > path#Cmsy10-a1
M3 S90
G4 P0.2
G0 X141.9644452733579 Y220.7066505979883
M3 S30
G4 P0.2
G1 X141.90841975252525 Y220.7321167438213 F300
G1 X141.88677352856718 Y220.78814226465403 F300
G1 X141.90841975252525 Y220.84353113184085 F300
G1 X141.9644452733579 Y220.8696339313197 F300
G1 X144.30223746083018 Y220.8696339313197 F300
G1 X144.35507971343367 Y220.84353113184085 F300
G1 X144.37608928374593 Y220.78814226465403 F300
G1 X144.35507971343367 Y220.7321167438213 F300
G1 X144.30223746083018 Y220.7066505979883 F300
G1 X141.9644452733579 Y220.7066505979883 F300;svg > g > g > g#figure_1 > g#text_1 > g > use > path#Cmmi10-74
M3 S90
G4 P0.2
G0 X145.68226385260542 Y220.09991967351633
M3 S30
G4 P0.2
G1 X145.69436027187615 Y220.2132440224733 F300
G1 X145.98849425624763 Y221.38277676985527 F300
G1 X145.56066300625272 Y221.38277676985527 F300
G1 X145.51928051927405 Y221.43689232975046 F300
G1 X145.5727594255234 Y221.5260238401661 F300
G1 X146.0241468604139 Y221.5260238401661 F300
G1 X146.1877668473911 Y222.1906902464082 F300
G1 X146.2514322119737 Y222.28236837140707 F300
G1 X146.3583900244724 Y222.31993093651081 F300
G1 X146.4449749203047 Y222.28873490786535 F300
G1 X146.4799908708251 Y222.20660658755384 F300
G1 X146.4787175635335 Y222.18750697817902 F300
G1 X146.4761709489502 Y222.17286394432503 F300
G1 X146.3131876156188 Y221.5260238401661 F300
G1 X146.73274236821797 Y221.5260238401661 F300
G1 X146.77476150884246 Y221.47254493391668 F300
G1 X146.76648501144675 Y221.43816563704212 F300
G1 X146.75056867030108 Y221.3986931110009 F300
G1 X146.7206459489473 Y221.38277676985527 F300
G1 X146.27689835780672 Y221.38277676985527 F300
G1 X145.98467433437267 Y220.2049675250776 F300
G1 X145.95475161301886 Y220.00633158757992 F300
G1 X146.0744424984341 Y219.83125183497788 F300
G1 X146.39149601405535 Y219.9993283974759 F300
G1 X146.60350167811532 Y220.3685875120548 F300
G1 X146.63533436040663 Y220.39214369695037 F300
G1 X146.68499334478105 Y220.39214369695037 F300
G1 X146.71045949061406 Y220.38132058497135 F300
G1 X146.7206459489473 Y220.35649109278413 F300
G1 X146.71682602707233 Y220.34439467351345 F300
G1 X146.45579803228375 Y219.91083354070608 F300
G1 X146.0642560401009 Y219.7236573688333 F300
G1 X145.79240493333327 Y219.82870522039454 F300
G1 X145.68226385260542 Y220.09991967351633 F300;svg > g > g > g#figure_1 > g#text_1 > g > use > path#Cmr10-33
M3 S90
G4 P0.2
G0 X147.58551766211409 Y221.54875233166575
M3 S30
G4 P0.2
G1 X147.76511765560159 Y221.40391362724043 F300
G1 X148.007555363932 Y221.35667392672016 F300
G1 X148.2428625514292 Y221.49794737072887 F300
G1 X148.31283078710547 Y221.81882080822507 F300
G1 X148.2981240878869 Y221.98014884207728 F300
G1 X148.24865609960625 Y222.1307810946797 F300
G1 X148.1532853834615 Y222.24219548269923 F300
G1 X148.00488141861956 Y222.28408729259456 F300
G1 X147.81547695898638 Y222.28408729259456 F300
G1 X147.79052013607 Y222.31038108816716 F300
G1 X147.79052013607 Y222.33533791108354 F300
G1 X147.81547695898638 Y222.3576207886874 F300
G1 X147.9727940748699 Y222.37054485769767 F300
G1 X148.13902434179505 Y222.4454153264468 F300
G1 X148.23617768814808 Y222.62858058035087 F300
G1 X148.26692805924142 Y222.83402871185888 F300
G1 X148.20275337174218 Y223.05819446055412 F300
G1 X148.007555363932 Y223.14598899831347 F300
G1 X147.8003246022157 Y223.1049885035223 F300
G1 X147.64300748633215 Y222.98020438894045 F300
G1 X147.65236629492583 Y222.98243267670085 F300
G1 X147.66217076107154 Y222.98332399180498 F300
G1 X147.76957423112233 Y222.93875823659718 F300
G1 X147.81280301367389 Y222.83135476654635 F300
G1 X147.76957423112233 Y222.72528826915178 F300
G1 X147.66217076107154 Y222.68072251394403 F300
G1 X147.5552129485728 Y222.72528826915178 F300
G1 X147.510647193365 Y222.83135476654635 F300
G1 X147.58418068945787 Y223.0443790764397 F300
G1 X147.77447646419517 Y223.1816416024797 F300
G1 X148.007555363932 Y223.22843564544792 F300
G1 X148.1898293027319 Y223.20258750742738 F300
G1 X148.36408140559442 Y223.12860835378243 F300
G1 X148.49153946548876 Y223.00516121185686 F300
G1 X148.54100745376942 Y222.83402871185888 F300
G1 X148.48752854752007 Y222.61253690847605 F300
G1 X148.3404615553343 Y222.43694783295732 F300
G1 X148.1359047389305 Y222.32731607514614 F300
G1 X148.37121192642772 Y222.23372798920974 F300
G1 X148.54992060481098 Y222.0554649683785 F300
G1 X148.61766055272685 Y221.82149475353754 F300
G1 X148.53120298762371 Y221.53671957775964 F300
G1 X148.30436329361598 Y221.33751065198078 F300
G1 X148.007555363932 Y221.26575978609623 F300
G1 X147.73926951758105 Y221.3170104045852 F300
G1 X147.51956034440656 Y221.4694252873959 F300
G1 X147.43399409440755 Y221.71319996838258 F300
G1 X147.48123379492785 Y221.83129921968325 F300
G1 X147.5997787037806 Y221.8785389202035 F300
G1 X147.68400798112336 Y221.85714735770375 F300
G1 X147.74372609310183 Y221.79653793062118 F300
G1 X147.76556331315362 Y221.71319996838258 F300
G1 X147.71654098242504 Y221.59599203218605 F300
G1 X147.5997787037806 Y221.54875233166575 F300
G1 X147.58551766211409 Y221.54875233166575 F300;svg > g > g > g#figure_1 > g#text_1 > g > use > path#Cmr10-a2
M3 S90
G4 P0.2
G0 X116.8600920555727 Y214.0153298007344
M3 S30
G4 P0.2
G1 X116.82634941234394 Y214.04716248302572 F300
G1 X116.82889602692723 Y214.0528923658381 F300
G1 X116.83016933421888 Y214.0611688632338 F300
G1 X118.23271731597306 Y216.8885477043461 F300
G1 X118.30656913888885 Y216.93184015226225 F300
G1 X118.3619580060757 Y216.93184015226225 F300
G1 X118.4358098289915 Y216.8885477043461 F300
G1 X119.83835781074568 Y214.0611688632338 F300
G1 X119.84090442532897 Y214.05416567312977 F300
G1 X119.84217773262064 Y214.04716248302572 F300
G1 X119.80843508939186 Y214.0153298007344 F300
G1 X116.8600920555727 Y214.0153298007344 F300
M3 S90
G4 P0.2
G0 X117.12875989411118 Y214.341933121043
M3 S30
G4 P0.2
G1 X119.27555598783566 Y214.341933121043 F300
G1 X118.20279459461926 Y216.50400890226737 F300
G1 X117.12875989411118 Y214.341933121043 F300;svg > g > g > g#figure_1 > g#text_1 > g > use > path#Cmmi10-74
M3 S90
G4 P0.2
G0 X120.28608449444869 Y214.34575304291798
M3 S30
G4 P0.2
G1 X120.29818091371936 Y214.45907739187496 F300
G1 X120.59231489809089 Y215.6286101392569 F300
G1 X120.16448364809597 Y215.6286101392569 F300
G1 X120.12310116111728 Y215.6827256991521 F300
G1 X120.17658006736664 Y215.7718572095677 F300
G1 X120.6279675022571 Y215.7718572095677 F300
G1 X120.79158748923435 Y216.43652361580982 F300
G1 X120.85525285381694 Y216.52820174080873 F300
G1 X120.96221066631566 Y216.56576430591244 F300
G1 X121.04879556214796 Y216.534568277267 F300
G1 X121.08381151266838 Y216.45243995695546 F300
G1 X121.08253820537674 Y216.43334034758067 F300
G1 X121.07999159079341 Y216.41869731372668 F300
G1 X120.91700825746203 Y215.7718572095677 F300
G1 X121.33656301006121 Y215.7718572095677 F300
G1 X121.3785821506857 Y215.71837830331836 F300
G1 X121.37030565328998 Y215.68399900644374 F300
G1 X121.35438931214433 Y215.64452648040253 F300
G1 X121.32446659079052 Y215.6286101392569 F300
G1 X120.88071899964994 Y215.6286101392569 F300
G1 X120.58849497621593 Y214.45080089447924 F300
G1 X120.5585722548621 Y214.25216495698157 F300
G1 X120.67826314027737 Y214.07708520437947 F300
G1 X120.9953166558986 Y214.24516176687752 F300
G1 X121.20732231995856 Y214.61442088145645 F300
G1 X121.23915500224987 Y214.637977066352 F300
G1 X121.28881398662426 Y214.637977066352 F300
G1 X121.3142801324573 Y214.62715395437294 F300
G1 X121.32446659079052 Y214.60232446218578 F300
G1 X121.32064666891556 Y214.59022804291504 F300
G1 X121.059618674127 Y214.1566669101077 F300
G1 X120.66807668194416 Y213.96949073823495 F300
G1 X120.39622557517654 Y214.0745385897962 F300
G1 X120.28608449444869 Y214.34575304291798 F300;svg > g > g > g#figure_1 > g#text_1 > g > path
M3 S90
G4 P0.2
G0 X47.54236590770835 Y217.29564220648712
M3 S30
G4 P0.2
G1 X47.54236590770835 Y217.65944428981615 F300
G1 X70.83666149976507 Y217.65944428981615 F300
G1 X70.83666149976507 Y217.29564220648712 F300
G1 X47.54236590770835 Y217.29564220648712 F300;svg > g > g > g#figure_1 > g#text_1 > g > path
M3 S90
G4 P0.2
G0 X89.10663157413144 Y217.29564220648712
M3 S30
G4 P0.2
G1 X89.10663157413144 Y217.65944428981615 F300
G1 X149.00006652871187 Y217.65944428981615 F300
G1 X149.00006652871187 Y217.29564220648712 F300
G1 X89.10663157413144 Y217.29564220648712 F300;svg > g > g > g#figure_1 > g#text_1 > g > use > path#Cmr10-3d
M3 S90
G4 P0.2
G0 X31.45952849760767 Y198.9054417651116
M3 S30
G4 P0.2
G1 X31.379492039275288 Y198.94182197344452 F300
G1 X31.34856886219232 Y199.02185843177688 F300
G1 X31.379492039275288 Y199.10371390052595 F300
G1 X31.45952849760767 Y199.13827509844216 F300
G1 X35.11482992985592 Y199.13827509844216 F300
G1 X35.18849985173005 Y199.10371390052595 F300
G1 X35.22033253402134 Y199.02185843177688 F300
G1 X35.18849985173005 Y198.94182197344452 F300
G1 X35.11482992985592 Y198.9054417651116 F300
G1 X31.45952849760767 Y198.9054417651116 F300
M3 S90
G4 P0.2
G0 X31.45952849760767 Y200.03686624426484
M3 S30
G4 P0.2
G1 X31.379492039275288 Y200.07051793697278 F300
G1 X31.34856886219232 Y200.15328291093013 F300
G1 X31.379492039275288 Y200.23240986405415 F300
G1 X31.45952849760767 Y200.26969957759542 F300
G1 X35.11482992985592 Y200.26969957759542 F300
G1 X35.18849985173005 Y200.23240986405415 F300
G1 X35.22033253402134 Y200.15328291093013 F300
G1 X35.18849985173005 Y200.07051793697278 F300
G1 X35.11482992985592 Y200.03686624426484 F300
G1 X31.45952849760767 Y200.03686624426484 F300;svg > g > g > g#figure_1 > g#text_1 > g > use > path#Cmr10-6c
M3 S90
G4 P0.2
G0 X38.20044000086095 Y198.13236233803744
M3 S30
G4 P0.2
G1 X38.20044000086095 Y198.33700100991 F300
G1 X38.52695237064874 Y198.367924186993 F300
G1 X38.655192605022215 Y198.52163056719948 F300
G1 X38.655192605022215 Y201.5775680671632 F300
G1 X38.60789833418945 Y201.8031253588272 F300
G1 X38.473291563357705 Y201.8886188484095 F300
G1 X38.20044000086095 Y201.90408043695098 F300
G1 X38.20044000086095 Y202.10871910882358 F300
G1 X39.06446994876736 Y202.17147496819783 F300
G1 X39.06446994876736 Y198.52163056719948 F300
G1 X39.19180067793251 Y198.367924186993 F300
G1 X39.51649403730366 Y198.33700100991 F300
G1 X39.51649403730366 Y198.13236233803744 F300
G1 X38.20044000086095 Y198.13236233803744 F300;svg > g > g > g#figure_1 > g#text_1 > g > use > path#Cmr10-69
M3 S90
G4 P0.2
G0 X39.81196954913349 Y198.13236233803744
M3 S30
G4 P0.2
G1 X39.81196954913349 Y198.33700100991 F300
G1 X40.13848191892128 Y198.367924186993 F300
G1 X40.26672215329475 Y198.52163056719948 F300
G1 X40.26672215329475 Y200.11053616613896 F300
G1 X40.179409653295785 Y200.3861162442607 F300
G1 X39.837435694966516 Y200.43704853592675 F300
G1 X39.837435694966516 Y200.64168720779932 F300
G1 X40.67599949703989 Y200.70444306717357 F300
G1 X40.67599949703989 Y198.52163056719948 F300
G1 X40.78695913245523 Y198.367924186993 F300
G1 X41.08254832516007 Y198.33700100991 F300
G1 X41.08254832516007 Y198.13236233803744 F300
G1 X39.81196954913349 Y198.13236233803744 F300
M3 S90
G4 P0.2
G0 X40.05935496579721 Y201.70489879632837
M3 S30
G4 P0.2
G1 X40.1557625178794 Y201.92954658278404 F300
G1 X40.377681788710106 Y202.02595413486623 F300
G1 X40.53593569495822 Y201.98320739007505 F300
G1 X40.65599038245679 Y201.8640622077848 F300
G1 X40.69873712724796 Y201.70489879632837 F300
G1 X40.60142006995745 Y201.48297952549768 F300
G1 X40.377681788710106 Y201.38657197341547 F300
G1 X40.1557625178794 Y201.48297952549768 F300
G1 X40.05935496579721 Y201.70489879632837 F300;svg > g > g > g#figure_1 > g#text_1 > g > use > path#Cmr10-6d
M3 S90
G4 P0.2
G0 X41.41804206615607 Y198.13236233803744
M3 S30
G4 P0.2
G1 X41.41804206615607 Y198.33700100991 F300
G1 X41.74455443594386 Y198.367924186993 F300
G1 X41.87279467031733 Y198.52163056719948 F300
G1 X41.87279467031733 Y200.11053616613896 F300
G1 X41.82550039948457 Y200.33609345780292 F300
G1 X41.69089362865284 Y200.4215869473853 F300
G1 X41.41804206615607 Y200.43704853592675 F300
G1 X41.41804206615607 Y200.64168720779932 F300
G1 X42.26206289947938 Y200.70444306717357 F300
G1 X42.26206289947938 Y200.13600231197202 F300
G1 X42.60676537343363 Y200.5452796557171 F300
G1 X43.106083732802695 Y200.70444306717357 F300
G1 X43.89371524321002 Y200.15873994218006 F300
G1 X44.233870191122634 Y200.55346520259204 F300
G1 X44.725912508825125 Y200.70444306717357 F300
G1 X45.170660555694845 Y200.61894957759125 F300
G1 X45.44260261298328 Y200.35883108801102 F300
G1 X45.53355313381553 Y199.92044957759956 F300
G1 X45.53355313381553 Y198.52163056719948 F300
G1 X45.66270287339734 Y198.367924186993 F300
G1 X45.9883057379768 Y198.33700100991 F300
G1 X45.9883057379768 Y198.13236233803744 F300
G1 X44.65497110257597 Y198.13236233803744 F300
G1 X44.65497110257597 Y198.33700100991 F300
G1 X44.98148347236376 Y198.367924186993 F300
G1 X45.109723706737235 Y198.52163056719948 F300
G1 X45.109723706737235 Y199.90316897864142 F300
G1 X45.02695873277988 Y200.37520218176084 F300
G1 X44.689532300492225 Y200.55437470780038 F300
G1 X44.134734123415484 Y200.28425166092856 F300
G1 X43.916452873418066 Y199.67033564531087 F300
G1 X43.916452873418066 Y198.52163056719948 F300
G1 X44.043783602583225 Y198.367924186993 F300
G1 X44.37120547757934 Y198.33700100991 F300
G1 X44.37120547757934 Y198.13236233803744 F300
G1 X43.037870842178506 Y198.13236233803744 F300
G1 X43.037870842178506 Y198.33700100991 F300
G1 X43.36438321196629 Y198.367924186993 F300
G1 X43.49262344633978 Y198.52163056719948 F300
G1 X43.49262344633978 Y199.90316897864142 F300
G1 X43.40985847238242 Y200.37065465571925 F300
G1 X43.07152253488644 Y200.55437470780038 F300
G1 X42.51581485260137 Y200.28425166092856 F300
G1 X42.29844310781229 Y199.67033564531087 F300
G1 X42.29844310781229 Y198.52163056719948 F300
G1 X42.42668334218577 Y198.367924186993 F300
G1 X42.75046719634859 Y198.33700100991 F300
G1 X42.75046719634859 Y198.13236233803744 F300
G1 X41.41804206615607 Y198.13236233803744 F300;svg > g > g > g#figure_1 > g#text_1 > g > use > path#Cmr10-a2
M3 S90
G4 P0.2
G0 X36.7869779566069 Y194.12444570741837
M3 S30
G4 P0.2
G1 X36.75323531337814 Y194.15627838970966 F300
G1 X36.75578192796143 Y194.1620082725221 F300
G1 X36.757055235253084 Y194.17028476991783 F300
G1 X38.159603217007266 Y196.9976636110301 F300
G1 X38.23345503992305 Y197.04095605894622 F300
G1 X38.2888439071099 Y197.04095605894622 F300
G1 X38.362695730025685 Y196.9976636110301 F300
G1 X39.76524371177987 Y194.17028476991783 F300
G1 X39.76779032636317 Y194.16328157981374 F300
G1 X39.769063633654824 Y194.15627838970966 F300
G1 X39.73532099042606 Y194.12444570741837 F300
G1 X36.7869779566069 Y194.12444570741837 F300
M3 S90
G4 P0.2
G0 X37.05564579514538 Y194.45104902772698
M3 S30
G4 P0.2
G1 X39.202441888869885 Y194.45104902772698 F300
G1 X38.12968049565345 Y196.6131248089513 F300
G1 X37.05564579514538 Y194.45104902772698 F300;svg > g > g > g#figure_1 > g#text_1 > g > use > path#Cmmi10-74
M3 S90
G4 P0.2
G0 X40.212970395482884 Y194.45486894960194
M3 S30
G4 P0.2
G1 X40.225066814753575 Y194.56819329855892 F300
G1 X40.51920079912508 Y195.73772604594086 F300
G1 X40.09136954913016 Y195.73772604594086 F300
G1 X40.04998706215148 Y195.79184160583608 F300
G1 X40.10346596840085 Y195.88097311625168 F300
G1 X40.55485340329132 Y195.88097311625168 F300
G1 X40.71847339026854 Y196.5456395224938 F300
G1 X40.78213875485112 Y196.63731764749267 F300
G1 X40.88909656734985 Y196.6748802125964 F300
G1 X40.97568146318216 Y196.64368418395097 F300
G1 X41.01069741370258 Y196.56155586363943 F300
G1 X41.009424106410926 Y196.54245625426464 F300
G1 X41.006877491827616 Y196.52781322041065 F300
G1 X40.84389415849622 Y195.88097311625168 F300
G1 X41.26344891109541 Y195.88097311625168 F300
G1 X41.30546805171991 Y195.8274942100023 F300
G1 X41.29719155432417 Y195.7931149131277 F300
G1 X41.28127521317853 Y195.7536423870865 F300
G1 X41.25135249182472 Y195.73772604594086 F300
G1 X40.807604900684154 Y195.73772604594086 F300
G1 X40.51538087725013 Y194.55991680116318 F300
G1 X40.48545815589632 Y194.36128086366554 F300
G1 X40.605149041311556 Y194.18620111106347 F300
G1 X40.922202556932795 Y194.3542776735615 F300
G1 X41.134208220992775 Y194.72353678814042 F300
G1 X41.16604090328406 Y194.74709297303596 F300
G1 X41.215699887658474 Y194.74709297303596 F300
G1 X41.2411660334915 Y194.73626986105694 F300
G1 X41.25135249182472 Y194.71144036886972 F300
G1 X41.24753256994977 Y194.69934394959904 F300
G1 X40.9865045751612 Y194.2657828167917 F300
G1 X40.59496258297835 Y194.07860664491892 F300
G1 X40.32311147621075 Y194.1836544964802 F300
G1 X40.212970395482884 Y194.45486894960194 F300;svg > g > g > g#figure_1 > g#text_1 > g > use > path#Cmsy10-21
M3 S90
G4 P0.2
G0 X41.73672131142312 Y195.06159987407392
M3 S30
G4 P0.2
G1 X41.680695790590455 Y195.08706601990693 F300
G1 X41.65904956663238 Y195.14309154073962 F300
G1 X41.680695790590455 Y195.19848040792647 F300
G1 X41.73672131142312 Y195.22458320740532 F300
G1 X44.8289480691989 Y195.22458320740532 F300
G1 X44.55391369420217 Y195.48242793396471 F300
G1 X44.35527775670453 Y195.79693483500267 F300
G1 X44.241953407747545 Y196.15409753031093 F300
G1 X44.28333589472622 Y196.20757643656032 F300
G1 X44.36482756139191 Y196.20757643656032 F300
G1 X44.38965705357912 Y196.19548001728958 F300
G1 X44.40493674107894 Y196.17001387145658 F300
G1 X44.51125789993184 Y195.84468385843962 F300
G1 X44.693340842638015 Y195.56455625427625 F300
G1 X44.93781584263511 Y195.34172747823726 F300
G1 X45.244682899923134 Y195.18893060323904 F300
G1 X45.272059006693645 Y195.14309154073962 F300
G1 X45.244682899923134 Y195.1036190146984 F300
G1 X44.85441421503194 Y194.88333685324267 F300
G1 X44.562190191597914 Y194.5395438844968 F300
G1 X44.40493674107894 Y194.1161692100226 F300
G1 X44.3890203999333 Y194.0907030641896 F300
G1 X44.36482756139191 Y194.07860664491892 F300
G1 X44.28333589472622 Y194.07860664491892 F300
G1 X44.241953407747545 Y194.13272220481412 F300
G1 X44.44822918899509 Y194.6566881553287 F300
G1 X44.8289480691989 Y195.06159987407392 F300
G1 X41.73672131142312 Y195.06159987407392 F300;svg > g > g > g#figure_1 > g#text_1 > g > use > path#Cmr10-30
M3 S90
G4 P0.2
G0 X46.523720074387114 Y194.03467754335693
M3 S30
G4 P0.2
G1 X45.84441063429101 Y194.44531914491455 F300
G1 X45.66423765252232 Y195.42385579854877 F300
G1 X45.72853967075073 Y196.08979551208253 F300
G1 X45.985111090018506 Y196.6201279990554 F300
G1 X46.523720074387114 Y196.83850019957364 F300
G1 X46.963011090006894 Y196.7067128948877 F300
G1 X47.22403908479546 Y196.36737650166256 F300
G1 X47.346276584794005 Y195.92171894958454 F300
G1 X47.379382574376955 Y195.42385579854877 F300
G1 X47.31444390250272 Y194.76810254334822 F300
G1 X47.06105575146406 Y194.24859316835438 F300
G1 X46.523720074387114 Y194.03467754335693 F300
M3 S90
G4 P0.2
G0 X46.523720074387114 Y194.14036204856401
M3 S30
G4 P0.2
G1 X46.86178316032059 Y194.3727406292904 F300
G1 X46.99930034781896 Y194.88843008240931 F300
G1 X47.02540314729782 Y195.4894311240688 F300
G1 X46.99930034781896 Y196.0541429079163 F300
G1 X46.862419813966426 Y196.52271999124406 F300
G1 X46.523720074387114 Y196.73281569436656 F300
G1 X46.18183706657867 Y196.5214466839524 F300
G1 X46.044319879080305 Y196.05286960062466 F300
G1 X46.01821707960144 Y195.4894311240688 F300
G1 X46.02904019158048 Y195.06159987407392 F300
G1 X46.088248980642284 Y194.6465016969955 F300
G1 X46.24231916293213 Y194.28615573345812 F300
G1 X46.523720074387114 Y194.14036204856401 F300;svg > g > g > g#figure_1 > g#text_1 > g > use > path#Cmr10-33
M3 S90
G4 P0.2
G0 X47.930087978016246 Y201.64832757237073
M3 S30
G4 P0.2
G1 X48.18665939728403 Y201.44141513747732 F300
G1 X48.53299898061325 Y201.37392985101982 F300
G1 X48.86915210560926 Y201.57574905674656 F300
G1 X48.96910672800391 Y202.03413968174112 F300
G1 X48.94809715769166 Y202.26460830153005 F300
G1 X48.877428603004994 Y202.47979723381914 F300
G1 X48.74118472279828 Y202.6389606452756 F300
G1 X48.52917905873829 Y202.6988060879832 F300
G1 X48.25860125926234 Y202.6988060879832 F300
G1 X48.2229486550961 Y202.73636865308694 F300
G1 X48.2229486550961 Y202.7720212572532 F300
G1 X48.25860125926234 Y202.80385393954447 F300
G1 X48.48333999623884 Y202.82231689527345 F300
G1 X48.72081180613185 Y202.92927470777215 F300
G1 X48.85960230092187 Y203.19093935620654 F300
G1 X48.90353140248384 Y203.4844366869322 F300
G1 X48.81185327748494 Y203.8046734707826 F300
G1 X48.53299898061325 Y203.9300942390103 F300
G1 X48.23695503530426 Y203.87152210359432 F300
G1 X48.01221629832777 Y203.6932590827631 F300
G1 X48.02558602489011 Y203.6964423509922 F300
G1 X48.039592405098276 Y203.69771565828387 F300
G1 X48.193025933742284 Y203.6340502937013 F300
G1 X48.25478133738738 Y203.48061676505728 F300
G1 X48.193025933742284 Y203.32909319735074 F300
G1 X48.039592405098276 Y203.26542783276818 F300
G1 X47.88679553010009 Y203.32909319735074 F300
G1 X47.82313016551751 Y203.48061676505728 F300
G1 X47.928178017078764 Y203.784937207762 F300
G1 X48.20002912384637 Y203.98102653067633 F300
G1 X48.53299898061325 Y204.04787516348802 F300
G1 X48.793390321755986 Y204.01094925203014 F300
G1 X49.042321897273865 Y203.90526474682306 F300
G1 X49.224404839980046 Y203.72891168692934 F300
G1 X49.295073394666694 Y203.4844366869322 F300
G1 X49.21867495716761 Y203.16801982495684 F300
G1 X49.008579254045095 Y202.91717828850145 F300
G1 X48.716355230611065 Y202.76056149162835 F300
G1 X49.05250835560708 Y202.62686422600493 F300
G1 X49.30780646758321 Y202.3722027676746 F300
G1 X49.40457782174873 Y202.0379596036161 F300
G1 X49.28106701445853 Y201.6311379239334 F300
G1 X48.95701030873322 Y201.3465537442493 F300
G1 X48.53299898061325 Y201.24405250727133 F300
G1 X48.14973348582613 Y201.31726767654132 F300
G1 X47.83586323843403 Y201.53500322341372 F300
G1 X47.713625738435475 Y201.88325276768043 F300
G1 X47.781111024893015 Y202.05196598382426 F300
G1 X47.95046089468267 Y202.1194512702818 F300
G1 X48.070788433743736 Y202.08889189528216 F300
G1 X48.1561000222844 Y202.00230699944981 F300
G1 X48.187296050929845 Y201.88325276768043 F300
G1 X48.11726414988902 Y201.71581285882826 F300
G1 X47.95046089468267 Y201.64832757237073 F300
G1 X47.930087978016246 Y201.64832757237073 F300;svg > g > g > g#figure_1 > g#text_1 > g > use > path#Cmmi10-74
M3 S90
G4 P0.2
G0 X49.832409071743655 Y201.66424391351637
M3 S30
G4 P0.2
G1 X49.84450549101435 Y201.77756826247332 F300
G1 X50.13863947538585 Y202.9471010098553 F300
G1 X49.710808225390934 Y202.9471010098553 F300
G1 X49.66942573841226 Y203.00121656975048 F300
G1 X49.72290464466162 Y203.0903480801661 F300
G1 X50.174292079552096 Y203.0903480801661 F300
G1 X50.33791206652931 Y203.7550144864082 F300
G1 X50.401577431111896 Y203.8466926114071 F300
G1 X50.50853524361062 Y203.8842551765108 F300
G1 X50.59512013944293 Y203.85305914786537 F300
G1 X50.63013608996336 Y203.77093082755383 F300
G1 X50.628862782671696 Y203.75183121817906 F300
G1 X50.626316168088394 Y203.73718818432505 F300
G1 X50.463332834757 Y203.0903480801661 F300
G1 X50.88288758735618 Y203.0903480801661 F300
G1 X50.924906727980684 Y203.0368691739167 F300
G1 X50.91663023058494 Y203.00248987704208 F300
G1 X50.9007138894393 Y202.96301735100093 F300
G1 X50.87079116808549 Y202.9471010098553 F300
G1 X50.42704357694493 Y202.9471010098553 F300
G1 X50.134819553510894 Y201.7692917650776 F300
G1 X50.10489683215709 Y201.57065582757994 F300
G1 X50.22458771757233 Y201.39557607497787 F300
G1 X50.541641233193566 Y201.56365263747588 F300
G1 X50.753646897253546 Y201.93291175205482 F300
G1 X50.785479579544834 Y201.9564679369504 F300
G1 X50.83513856391925 Y201.9564679369504 F300
G1 X50.86060470975228 Y201.94564482497134 F300
G1 X50.87079116808549 Y201.92081533278414 F300
G1 X50.86697124621054 Y201.90871891351344 F300
G1 X50.60594325142198 Y201.4751577807061 F300
G1 X50.214401259239125 Y201.28798160883332 F300
G1 X49.94255015247152 Y201.3930294603946 F300
G1 X49.832409071743655 Y201.66424391351637 F300;svg > g > g > g#figure_1 > g#text_1 > g > use > path#Cmr10-32
M3 S90
G4 P0.2
G0 X51.60642219114967 Y202.89292174093927
M3 S30
G4 P0.2
G1 X51.60642219114967 Y202.96957483989667 F300
G1 X51.6117700817746 Y202.98472719666734 F300
G1 X52.05475368854018 Y203.47495050395315 F300
G1 X52.217418695048664 Y203.6572244427531 F300
G1 X52.341311494526366 Y203.8274656276469 F300
G1 X52.43846484087938 Y204.02310929300916 F300
G1 X52.47411744504563 Y204.23390531514204 F300
G1 X52.43088866249405 Y204.45762540628525 F300
G1 X52.30209362994349 Y204.6283122487311 F300
G1 X52.09530852577928 Y204.69248693623038 F300
G1 X51.872479749740265 Y204.61761646748124 F300
G1 X51.73298893593984 Y204.42509240498353 F300
G1 X51.76373930703321 Y204.42776635029603 F300
G1 X51.87292540729234 Y204.38453756774445 F300
G1 X51.918382477604304 Y204.2731231797249 F300
G1 X51.87292540729234 Y204.1621544492575 F300
G1 X51.76373930703321 Y204.11714303649762 F300
G1 X51.65143360390956 Y204.16349142191373 F300
G1 X51.60642219114967 Y204.2731231797249 F300
G1 X51.64653137083669 Y204.4741147357121 F300
G1 X51.762847991929064 Y204.64123631774143 F300
G1 X51.93442614947911 Y204.75354202086504 F300
G1 X52.136754678122536 Y204.7927598854479 F300
G1 X52.44024747108769 Y204.72368296487585 F300
G1 X52.66307624712671 Y204.52848495706567 F300
G1 X52.74552289426115 Y204.23390531514204 F300
G1 X52.69115267290763 Y203.99859812764484 F300
G1 X52.55166185910719 Y203.79582394144936 F300
G1 X52.33462663124519 Y203.58903883728513 F300
G1 X52.16082018593477 Y203.43484132426616 F300
G1 X51.837718460678175 Y203.12421801046773 F300
G1 X52.11179785520616 Y203.12421801046773 F300
G1 X52.44960627968132 Y203.1273376133323 F300
G1 X52.59355366900253 Y203.13803339458218 F300
G1 X52.66218493202255 Y203.4014170078603 F300
G1 X52.74552289426115 Y203.4014170078603 F300
G1 X52.66485887733502 Y202.89292174093927 F300
G1 X51.60642219114967 Y202.89292174093927 F300;svg > g > g > g#figure_1 > g#text_1 > g > use > path#Cmr10-2b
M3 S90
G4 P0.2
G0 X54.76809325139338 Y202.27097483798832
M3 S30
G4 P0.2
G1 X54.712067730560705 Y202.29644098382133 F300
G1 X54.69042150660263 Y202.35246650465402 F300
G1 X54.712067730560705 Y202.40785537184087 F300
G1 X54.76809325139338 Y202.43395817131974 F300
G1 X55.96627541283749 Y202.43395817131974 F300
G1 X55.96627541283749 Y203.63596025463875 F300
G1 X55.98983159773304 Y203.6881658535965 F300
G1 X56.04776707950318 Y203.70917542390873 F300
G1 X56.10315594669003 Y203.6881658535965 F300
G1 X56.12925874616888 Y203.63596025463875 F300
G1 X56.12925874616888 Y202.43395817131974 F300
G1 X57.32680425396716 Y202.43395817131974 F300
G1 X57.378373199279046 Y202.40785537184087 F300
G1 X57.400656076882946 Y202.35246650465402 F300
G1 X57.378373199279046 Y202.29644098382133 F300
G1 X57.32680425396716 Y202.27097483798832 F300
G1 X56.12925874616888 Y202.27097483798832 F300
G1 X56.12925874616888 Y201.06897275466923 F300
G1 X56.10315594669003 Y201.01676715571153 F300
G1 X56.04776707950318 Y200.99575758539928 F300
G1 X55.98983159773304 Y201.01676715571153 F300
G1 X55.96627541283749 Y201.06897275466923 F300
G1 X55.96627541283749 Y202.27097483798832 F300
G1 X54.76809325139338 Y202.27097483798832 F300;svg > g > g > g#figure_1 > g#text_1 > g > use > path#Cmr10-33
M3 S90
G4 P0.2
G0 X58.730386830638 Y201.64832757237073
M3 S30
G4 P0.2
G1 X58.98695824990578 Y201.44141513747732 F300
G1 X59.333297833235 Y201.37392985101982 F300
G1 X59.66945095823102 Y201.57574905674656 F300
G1 X59.76940558062566 Y202.03413968174112 F300
G1 X59.748396010313414 Y202.26460830153005 F300
G1 X59.67772745562675 Y202.47979723381914 F300
G1 X59.54148357542004 Y202.6389606452756 F300
G1 X59.32947791136005 Y202.6988060879832 F300
G1 X59.0589001118841 Y202.6988060879832 F300
G1 X59.02324750771785 Y202.73636865308694 F300
G1 X59.02324750771785 Y202.7720212572532 F300
G1 X59.0589001118841 Y202.80385393954447 F300
G1 X59.28363884886059 Y202.82231689527345 F300
G1 X59.5211106587536 Y202.92927470777215 F300
G1 X59.65990115354362 Y203.19093935620654 F300
G1 X59.70383025510559 Y203.4844366869322 F300
G1 X59.61215213010669 Y203.8046734707826 F300
G1 X59.333297833235 Y203.9300942390103 F300
G1 X59.03725388792602 Y203.87152210359432 F300
G1 X58.81251515094952 Y203.6932590827631 F300
G1 X58.82588487751187 Y203.6964423509922 F300
G1 X58.83989125772003 Y203.69771565828387 F300
G1 X58.993324786364035 Y203.6340502937013 F300
G1 X59.05508019000913 Y203.48061676505728 F300
G1 X58.993324786364035 Y203.32909319735074 F300
G1 X58.83989125772003 Y203.26542783276818 F300
G1 X58.687094382721845 Y203.32909319735074 F300
G1 X58.62342901813926 Y203.48061676505728 F300
G1 X58.728476869700515 Y203.784937207762 F300
G1 X59.00032797646812 Y203.98102653067633 F300
G1 X59.333297833235 Y204.04787516348802 F300
G1 X59.593689174377744 Y204.01094925203014 F300
G1 X59.84262074989562 Y203.90526474682306 F300
G1 X60.024703692601804 Y203.72891168692934 F300
G1 X60.095372247288445 Y203.4844366869322 F300
G1 X60.018973809789365 Y203.16801982495684 F300
G1 X59.808878106666846 Y202.91717828850145 F300
G1 X59.51665408323282 Y202.76056149162835 F300
G1 X59.85280720822883 Y202.62686422600493 F300
G1 X60.10810532020496 Y202.3722027676746 F300
G1 X60.20487667437049 Y202.0379596036161 F300
G1 X60.08136586708028 Y201.6311379239334 F300
G1 X59.75730916135497 Y201.3465537442493 F300
G1 X59.333297833235 Y201.24405250727133 F300
G1 X58.95003233844788 Y201.31726767654132 F300
G1 X58.63616209105579 Y201.53500322341372 F300
G1 X58.51392459105723 Y201.88325276768043 F300
G1 X58.581409877514766 Y202.05196598382426 F300
G1 X58.75075974730443 Y202.1194512702818 F300
G1 X58.871087286365494 Y202.08889189528216 F300
G1 X58.95639887490615 Y202.00230699944981 F300
G1 X58.987594903551596 Y201.88325276768043 F300
G1 X58.91756300251077 Y201.71581285882826 F300
G1 X58.75075974730443 Y201.64832757237073 F300
G1 X58.730386830638 Y201.64832757237073 F300;svg > g > g > g#figure_1 > g#text_1 > g > use > path#Cmmi10-74
M3 S90
G4 P0.2
G0 X60.63270792436539 Y201.66424391351637
M3 S30
G4 P0.2
G1 X60.64480434363608 Y201.77756826247332 F300
G1 X60.938938328007595 Y202.9471010098553 F300
G1 X60.51110707801268 Y202.9471010098553 F300
G1 X60.469724591033994 Y203.00121656975048 F300
G1 X60.523203497283355 Y203.0903480801661 F300
G1 X60.974590932173825 Y203.0903480801661 F300
G1 X61.13821091915106 Y203.7550144864082 F300
G1 X61.20187628373364 Y203.8466926114071 F300
G1 X61.30883409623237 Y203.8842551765108 F300
G1 X61.39541899206468 Y203.85305914786537 F300
G1 X61.430434942585094 Y203.77093082755383 F300
G1 X61.42916163529344 Y203.75183121817906 F300
G1 X61.42661502071012 Y203.73718818432505 F300
G1 X61.263631687378734 Y203.0903480801661 F300
G1 X61.683186439977916 Y203.0903480801661 F300
G1 X61.725205580602434 Y203.0368691739167 F300
G1 X61.716929083206686 Y203.00248987704208 F300
G1 X61.701012742061046 Y202.96301735100093 F300
G1 X61.67109002070723 Y202.9471010098553 F300
G1 X61.22734242956667 Y202.9471010098553 F300
G1 X60.93511840613264 Y201.7692917650776 F300
G1 X60.905195684778825 Y201.57065582757994 F300
G1 X61.02488657019407 Y201.39557607497787 F300
G1 X61.3419400858153 Y201.56365263747588 F300
G1 X61.55394574987529 Y201.93291175205482 F300
G1 X61.58577843216658 Y201.9564679369504 F300
G1 X61.63543741654098 Y201.9564679369504 F300
G1 X61.66090356237401 Y201.94564482497134 F300
G1 X61.67109002070723 Y201.92081533278414 F300
G1 X61.667270098832276 Y201.90871891351344 F300
G1 X61.40624210404371 Y201.4751577807061 F300
G1 X61.01470011186086 Y201.28798160883332 F300
G1 X60.742849005093255 Y201.3930294603946 F300
G1 X60.63270792436539 Y201.66424391351637 F300;svg > g > g > g#figure_1 > g#text_1 > g > use > path#Cmr10-a2
M3 S90
G4 P0.2
G0 X62.071147251764984 Y201.33382067133277
M3 S30
G4 P0.2
G1 X62.03740460853622 Y201.36565335362405 F300
G1 X62.039951223119516 Y201.3713832364365 F300
G1 X62.04122453041117 Y201.37965973383223 F300
G1 X63.443772512165346 Y204.20703857494448 F300
G1 X63.51762433508114 Y204.25033102286065 F300
G1 X63.57301320226798 Y204.25033102286065 F300
G1 X63.64686502518377 Y204.20703857494448 F300
G1 X65.04941300693795 Y201.37965973383223 F300
G1 X65.05195962152126 Y201.37265654372817 F300
G1 X65.0532329288129 Y201.36565335362405 F300
G1 X65.01949028558414 Y201.33382067133277 F300
G1 X62.071147251764984 Y201.33382067133277 F300
M3 S90
G4 P0.2
G0 X62.33981509030347 Y201.66042399164138
M3 S30
G4 P0.2
G1 X64.48661118402796 Y201.66042399164138 F300
G1 X63.41384979081153 Y203.82249977286574 F300
G1 X62.33981509030347 Y201.66042399164138 F300;svg > g > g > g#figure_1 > g#text_1 > g > use > path#Cmmi10-74
M3 S90
G4 P0.2
G0 X65.49713963243263 Y201.66424391351637
M3 S30
G4 P0.2
G1 X65.50923605170333 Y201.77756826247332 F300
G1 X65.80337003607482 Y202.9471010098553 F300
G1 X65.37553878607991 Y202.9471010098553 F300
G1 X65.33415629910124 Y203.00121656975048 F300
G1 X65.38763520535059 Y203.0903480801661 F300
G1 X65.83902264024107 Y203.0903480801661 F300
G1 X66.0026426272183 Y203.7550144864082 F300
G1 X66.06630799180087 Y203.8466926114071 F300
G1 X66.1732658042996 Y203.8842551765108 F300
G1 X66.2598507001319 Y203.85305914786537 F300
G1 X66.29486665065234 Y203.77093082755383 F300
G1 X66.29359334336067 Y203.75183121817906 F300
G1 X66.29104672877736 Y203.73718818432505 F300
G1 X66.12806339544598 Y203.0903480801661 F300
G1 X66.54761814804515 Y203.0903480801661 F300
G1 X66.58963728866966 Y203.0368691739167 F300
G1 X66.58136079127392 Y203.00248987704208 F300
G1 X66.56544445012828 Y202.96301735100093 F300
G1 X66.53552172877447 Y202.9471010098553 F300
G1 X66.0917741376339 Y202.9471010098553 F300
G1 X65.79955011419987 Y201.7692917650776 F300
G1 X65.76962739284606 Y201.57065582757994 F300
G1 X65.8893182782613 Y201.39557607497787 F300
G1 X66.20637179388254 Y201.56365263747588 F300
G1 X66.41837745794253 Y201.93291175205482 F300
G1 X66.4502101402338 Y201.9564679369504 F300
G1 X66.49986912460822 Y201.9564679369504 F300
G1 X66.52533527044126 Y201.94564482497134 F300
G1 X66.53552172877447 Y201.92081533278414 F300
G1 X66.53170180689952 Y201.90871891351344 F300
G1 X66.27067381211096 Y201.4751577807061 F300
G1 X65.87913181992809 Y201.28798160883332 F300
G1 X65.60728071316049 Y201.3930294603946 F300
G1 X65.49713963243263 Y201.66424391351637 F300;svg > g > g > g#figure_1 > g#text_1 > g > use > path#Cmr10-2b
M3 S90
G4 P0.2
G0 X67.7363301046977 Y202.27097483798832
M3 S30
G4 P0.2
G1 X67.68030458386504 Y202.29644098382133 F300
G1 X67.65865835990697 Y202.35246650465402 F300
G1 X67.68030458386504 Y202.40785537184087 F300
G1 X67.7363301046977 Y202.43395817131974 F300
G1 X68.93451226614182 Y202.43395817131974 F300
G1 X68.93451226614182 Y203.63596025463875 F300
G1 X68.95806845103736 Y203.6881658535965 F300
G1 X69.01600393280751 Y203.70917542390873 F300
G1 X69.07139279999436 Y203.6881658535965 F300
G1 X69.09749559947322 Y203.63596025463875 F300
G1 X69.09749559947322 Y202.43395817131974 F300
G1 X70.29504110727149 Y202.43395817131974 F300
G1 X70.34661005258337 Y202.40785537184087 F300
G1 X70.36889293018729 Y202.35246650465402 F300
G1 X70.34661005258337 Y202.29644098382133 F300
G1 X70.29504110727149 Y202.27097483798832 F300
G1 X69.09749559947322 Y202.27097483798832 F300
G1 X69.09749559947322 Y201.06897275466923 F300
G1 X69.07139279999436 Y201.01676715571153 F300
G1 X69.01600393280751 Y200.99575758539928 F300
G1 X68.95806845103736 Y201.01676715571153 F300
G1 X68.93451226614182 Y201.06897275466923 F300
G1 X68.93451226614182 Y202.27097483798832 F300
G1 X67.7363301046977 Y202.27097483798832 F300;svg > g > g > g#figure_1 > g#text_1 > g > use > path#Cmr10-28
M3 S90
G4 P0.2
G0 X72.57402244695275 Y200.32281468176146
M3 S30
G4 P0.2
G1 X72.18311710841573 Y200.73409293696488 F300
G1 X71.91444926987725 Y201.2287728197715 F300
G1 X71.75846912664993 Y201.77756826247332 F300
G1 X71.70690018133806 Y202.35246650465402 F300
G1 X71.75846912664993 Y202.93118466870965 F300
G1 X71.91635923081475 Y203.48252672599477 F300
G1 X72.18821033758233 Y203.9778432624472 F300
G1 X72.57402244695275 Y204.3821183275466 F300
G1 X72.59439536361918 Y204.38975817129648 F300
G1 X72.6319579287229 Y204.38975817129648 F300
G1 X72.65360415268097 Y204.37893505931746 F300
G1 X72.66379061101419 Y204.35410556713026 F300
G1 X72.65615076726428 Y204.32800276765136 F300
G1 X72.32445421778905 Y203.91035797598968 F300
G1 X72.11117524643743 Y203.43541435620364 F300
G1 X71.99530428289714 Y202.91399502027235 F300
G1 X71.95965167873089 Y202.35246650465402 F300
G1 X72.6516941917435 Y200.38457008540652 F300
G1 X72.66379061101419 Y200.35082744217777 F300
G1 X72.65296749903514 Y200.3285445645739 F300
G1 X72.6319579287229 Y200.31517483801153 F300
G1 X72.59439536361918 Y200.31517483801153 F300
G1 X72.57402244695275 Y200.32281468176146 F300;svg > g > g > g#figure_1 > g#text_1 > g > use > path#Cmr10-a2
M3 S90
G4 P0.2
G0 X73.1135067973422 Y201.33382067133277
M3 S30
G4 P0.2
G1 X73.07976415411343 Y201.36565335362405 F300
G1 X73.08231076869673 Y201.3713832364365 F300
G1 X73.08358407598838 Y201.37965973383223 F300
G1 X74.48613205774257 Y204.20703857494448 F300
G1 X74.55998388065835 Y204.25033102286065 F300
G1 X74.61537274784519 Y204.25033102286065 F300
G1 X74.68922457076098 Y204.20703857494448 F300
G1 X76.09177255251517 Y201.37965973383223 F300
G1 X76.09431916709846 Y201.37265654372817 F300
G1 X76.09559247439013 Y201.36565335362405 F300
G1 X76.06184983116135 Y201.33382067133277 F300
G1 X73.1135067973422 Y201.33382067133277 F300
M3 S90
G4 P0.2
G0 X73.38217463588067 Y201.66042399164138
M3 S30
G4 P0.2
G1 X75.52897072960516 Y201.66042399164138 F300
G1 X74.45620933638875 Y203.82249977286574 F300
G1 X73.38217463588067 Y201.66042399164138 F300;svg > g > g > g#figure_1 > g#text_1 > g > use > path#Cmmi10-74
M3 S90
G4 P0.2
G0 X76.53949923621818 Y201.66424391351637
M3 S30
G4 P0.2
G1 X76.55159565548885 Y201.77756826247332 F300
G1 X76.8457296398604 Y202.9471010098553 F300
G1 X76.41789838986546 Y202.9471010098553 F300
G1 X76.37651590288678 Y203.00121656975048 F300
G1 X76.42999480913613 Y203.0903480801661 F300
G1 X76.88138224402661 Y203.0903480801661 F300
G1 X77.04500223100385 Y203.7550144864082 F300
G1 X77.10866759558643 Y203.8466926114071 F300
G1 X77.21562540808515 Y203.8842551765108 F300
G1 X77.30221030391746 Y203.85305914786537 F300
G1 X77.33722625443787 Y203.77093082755383 F300
G1 X77.33595294714623 Y203.75183121817906 F300
G1 X77.33340633256292 Y203.73718818432505 F300
G1 X77.17042299923152 Y203.0903480801661 F300
G1 X77.5899777518307 Y203.0903480801661 F300
G1 X77.6319968924552 Y203.0368691739167 F300
G1 X77.62372039505946 Y203.00248987704208 F300
G1 X77.60780405391382 Y202.96301735100093 F300
G1 X77.57788133256001 Y202.9471010098553 F300
G1 X77.13413374141945 Y202.9471010098553 F300
G1 X76.84190971798542 Y201.7692917650776 F300
G1 X76.8119869966316 Y201.57065582757994 F300
G1 X76.93167788204686 Y201.39557607497787 F300
G1 X77.2487313976681 Y201.56365263747588 F300
G1 X77.46073706172807 Y201.93291175205482 F300
G1 X77.49256974401936 Y201.9564679369504 F300
G1 X77.54222872839377 Y201.9564679369504 F300
G1 X77.5676948742268 Y201.94564482497134 F300
G1 X77.57788133256001 Y201.92081533278414 F300
G1 X77.57406141068506 Y201.90871891351344 F300
G1 X77.3130334158965 Y201.4751577807061 F300
G1 X76.92149142371366 Y201.28798160883332 F300
G1 X76.64964031694605 Y201.3930294603946 F300
G1 X76.53949923621818 Y201.66424391351637 F300;svg > g > g > g#figure_1 > g#text_1 > g > use > path#Cmr10-29
M3 S90
G4 P0.2
G0 X78.02186766517973 Y200.31517483801153
M3 S30
G4 P0.2
G1 X77.98557840736767 Y200.35082744217777 F300
G1 X77.99385490476341 Y200.37693024165665 F300
G1 X78.6903539932968 Y202.35246650465402 F300
G1 X78.0014947485133 Y204.32036292390143 F300
G1 X77.98557840736767 Y204.35410556713026 F300
G1 X77.99640151934669 Y204.37893505931746 F300
G1 X78.02186766517973 Y204.38975817129648 F300
G1 X78.05943023028345 Y204.38975817129648 F300
G1 X78.07916649330404 Y204.3821183275466 F300
G1 X78.5668431860066 Y203.82058981192824 F300
G1 X78.85206401933654 Y203.11645087964496 F300
G1 X78.94310549068963 Y202.35246650465402 F300
G1 X78.89408315996103 Y201.7845714525774 F300
G1 X78.73873967037956 Y201.23386604893813 F300
G1 X78.46943517819524 Y200.73218297602742 F300
G1 X78.07916649330404 Y200.32281468176146 F300
G1 X78.05943023028345 Y200.31517483801153 F300
G1 X78.02186766517973 Y200.31517483801153 F300;svg > g > g > g#figure_1 > g#text_1 > g > use > path#Cmr10-32
M3 S90
G4 P0.2
G0 X79.66276603885817 Y202.89292174093927
M3 S30
G4 P0.2
G1 X79.66276603885817 Y202.96957483989667 F300
G1 X79.6681139294831 Y202.98472719666734 F300
G1 X80.11109753624868 Y203.47495050395315 F300
G1 X80.27376254275715 Y203.6572244427531 F300
G1 X80.39765534223486 Y203.8274656276469 F300
G1 X80.49480868858787 Y204.02310929300916 F300
G1 X80.53046129275411 Y204.23390531514204 F300
G1 X80.48723251020255 Y204.45762540628525 F300
G1 X80.35843747765199 Y204.6283122487311 F300
G1 X80.15165237348778 Y204.69248693623038 F300
G1 X79.92882359744877 Y204.61761646748124 F300
G1 X79.78933278364833 Y204.42509240498353 F300
G1 X79.82008315474172 Y204.42776635029603 F300
G1 X79.92926925500083 Y204.38453756774445 F300
G1 X79.97472632531279 Y204.2731231797249 F300
G1 X79.92926925500083 Y204.1621544492575 F300
G1 X79.82008315474172 Y204.11714303649762 F300
G1 X79.70777745161806 Y204.16349142191373 F300
G1 X79.66276603885817 Y204.2731231797249 F300
G1 X79.70287521854517 Y204.4741147357121 F300
G1 X79.81919183963757 Y204.64123631774143 F300
G1 X79.99076999718761 Y204.75354202086504 F300
G1 X80.19309852583103 Y204.7927598854479 F300
G1 X80.49659131879619 Y204.72368296487585 F300
G1 X80.7194200948352 Y204.52848495706567 F300
G1 X80.80186674196963 Y204.23390531514204 F300
G1 X80.74749652061612 Y203.99859812764484 F300
G1 X80.6080057068157 Y203.79582394144936 F300
G1 X80.39097047895369 Y203.58903883728513 F300
G1 X80.21716403364324 Y203.43484132426616 F300
G1 X79.89406230838668 Y203.12421801046773 F300
G1 X80.16814170291467 Y203.12421801046773 F300
G1 X80.50595012738981 Y203.1273376133323 F300
G1 X80.64989751671102 Y203.13803339458218 F300
G1 X80.71852877973105 Y203.4014170078603 F300
G1 X80.80186674196963 Y203.4014170078603 F300
G1 X80.7212027250435 Y202.89292174093927 F300
G1 X79.66276603885817 Y202.89292174093927 F300;svg > g > g > g#figure_1 > g#text_1 > g > use > path#Cmr10-a2
M3 S90
G4 P0.2
G0 X62.14074305597249 Y195.5796540407344
M3 S30
G4 P0.2
G1 X62.10700041274374 Y195.6114867230257 F300
G1 X62.10954702732703 Y195.61721660583814 F300
G1 X62.11082033461869 Y195.62549310323385 F300
G1 X63.51336831637286 Y198.45287194434613 F300
G1 X63.58722013928865 Y198.49616439226224 F300
G1 X63.6426090064755 Y198.49616439226224 F300
G1 X63.71646082939128 Y198.45287194434613 F300
G1 X65.11900881114546 Y195.62549310323385 F300
G1 X65.12155542572877 Y195.6184899131298 F300
G1 X65.12282873302041 Y195.6114867230257 F300
G1 X65.08908608979165 Y195.5796540407344 F300
G1 X62.14074305597249 Y195.5796540407344 F300
M3 S90
G4 P0.2
G0 X62.40941089451097 Y195.90625736104303
M3 S30
G4 P0.2
G1 X64.55620698823549 Y195.90625736104303 F300
G1 X63.48344559501905 Y198.0683331422674 F300
G1 X62.40941089451097 Y195.90625736104303 F300;svg > g > g > g#figure_1 > g#text_1 > g > use > path#Cmmi10-74
M3 S90
G4 P0.2
G0 X65.56673549484849 Y195.910077282918
M3 S30
G4 P0.2
G1 X65.57883191411918 Y196.02340163187495 F300
G1 X65.87296589849068 Y197.19293437925688 F300
G1 X65.44513464849575 Y197.19293437925688 F300
G1 X65.40375216151708 Y197.24704993915213 F300
G1 X65.45723106776644 Y197.3361814495677 F300
G1 X65.90861850265692 Y197.3361814495677 F300
G1 X66.07223848963415 Y198.00084785580984 F300
G1 X66.13590385421672 Y198.09252598080874 F300
G1 X66.24286166671544 Y198.13008854591243 F300
G1 X66.32944656254776 Y198.09889251726702 F300
G1 X66.36446251306819 Y198.01676419695548 F300
G1 X66.36318920577652 Y197.99766458758066 F300
G1 X66.36064259119321 Y197.98302155372667 F300
G1 X66.19765925786182 Y197.3361814495677 F300
G1 X66.617214010461 Y197.3361814495677 F300
G1 X66.65923315108552 Y197.28270254331838 F300
G1 X66.65095665368978 Y197.24832324644376 F300
G1 X66.63504031254413 Y197.20885072040255 F300
G1 X66.60511759119032 Y197.19293437925688 F300
G1 X66.16137000004976 Y197.19293437925688 F300
G1 X65.86914597661573 Y196.01512513447923 F300
G1 X65.83922325526191 Y195.8164891969816 F300
G1 X65.95891414067715 Y195.6414094443795 F300
G1 X66.27596765629839 Y195.80948600687753 F300
G1 X66.48797332035836 Y196.17874512145644 F300
G1 X66.51980600264966 Y196.202301306352 F300
G1 X66.56946498702406 Y196.202301306352 F300
G1 X66.5949311328571 Y196.191478194373 F300
G1 X66.60511759119032 Y196.16664870218577 F300
G1 X66.60129766931537 Y196.15455228291506 F300
G1 X66.3402696745268 Y195.72099115010775 F300
G1 X65.94872768234394 Y195.53381497823497 F300
G1 X65.67687657557634 Y195.6388628297962 F300
G1 X65.56673549484849 Y195.910077282918 F300;svg > g > g > g#figure_1 > g#text_1 > g > use > path#Cmmi10-3b
M3 S90
G4 P0.2
G0 X82.51078612250143 Y197.08370283284157
M3 S30
G4 P0.2
G1 X82.5335237527095 Y197.13190660888267 F300
G1 X82.8609456277056 Y197.59848278075214 F300
G1 X82.97736229437089 Y198.1550999682455 F300
G1 X82.97736229437089 Y198.2260413744947 F300
G1 X82.74452896104032 Y198.13236233803744 F300
G1 X82.5171526589597 Y198.2260413744947 F300
G1 X82.42347362250246 Y198.45341767657533 F300
G1 X82.5171526589597 Y198.68079397865594 F300
G1 X82.74452896104032 Y198.7717444994882 F300
G1 X83.04011815374515 Y198.57983890053214 F300
G1 X83.12834015895243 Y198.1550999682455 F300
G1 X82.99828091416231 Y197.54027444741948 F300
G1 X82.63356932562499 Y197.01548994221739 F300
G1 X82.59627961208375 Y197.0036663745092 F300
G1 X82.53898078395943 Y197.03004202555056 F300
G1 X82.51078612250143 Y197.08370283284157 F300;svg > g > g > g#figure_1 > g#text_1 > g > use > path#Cmr10-4e
M3 S90
G4 P0.2
G0 X89.85720073274751 Y198.13236233803744
M3 S30
G4 P0.2
G1 X89.85720073274751 Y198.33700100991 F300
G1 X90.45656466503206 Y198.68079397865594 F300
G1 X90.45656466503206 Y201.86951923903473 F300
G1 X89.85720073274751 Y201.90408043695098 F300
G1 X89.85720073274751 Y202.10871910882358 F300
G1 X90.97134461294262 Y202.10871910882358 F300
G1 X91.01136284210881 Y202.0859814786155 F300
G1 X93.07139213895935 Y199.0536911140682 F300
G1 X93.07139213895935 Y201.5602874682051 F300
G1 X92.4720282066748 Y201.90408043695098 F300
G1 X92.4720282066748 Y202.10871910882358 F300
G1 X93.8562951337417 Y202.10871910882358 F300
G1 X93.8562951337417 Y201.90408043695098 F300
G1 X93.25965971708212 Y201.5602874682051 F300
G1 X93.25965971708212 Y198.1832946297035 F300
G1 X93.23692208687405 Y198.14964293699558 F300
G1 X93.19963237333282 Y198.13236233803744 F300
G1 X93.12869096708366 Y198.13236233803744 F300
G1 X93.08867273791748 Y198.1550999682455 F300
G1 X90.64483224315482 Y201.75310257236947 F300
G1 X90.64483224315482 Y198.68079397865594 F300
G1 X91.24419617543937 Y198.33700100991 F300
G1 X91.24419617543937 Y198.13236233803744 F300
G1 X89.85720073274751 Y198.13236233803744 F300;svg > g > g > g#figure_1 > g#text_1 > g > use > path#Cmr10-6f
M3 S90
G4 P0.2
G0 X95.49886153997218 Y198.06687796303822
M3 S30
G4 P0.2
G1 X94.85038432643822 Y198.24423147866113 F300
G1 X94.37835112331882 Y198.72081220782212 F300
G1 X94.20554513373753 Y199.37201793698108 F300
G1 X94.30104318061142 Y199.8858883796833 F300
G1 X94.57389474310818 Y200.32790791092805 F300
G1 X94.9868101076866 Y200.6316826505078 F300
G1 X95.49886153997218 Y200.7417327807148 F300
G1 X96.15097677433945 Y200.55255569738372 F300
G1 X96.61573393579226 Y200.04596129634805 F300
G1 X96.78672091495689 Y199.37201793698108 F300
G1 X96.61300542016728 Y198.72172171303046 F300
G1 X96.14188172225623 Y198.24423147866113 F300
G1 X95.49886153997218 Y198.06687796303822 F300
M3 S90
G4 P0.2
G0 X95.49886153997218 Y198.23786494220286
M3 S30
G4 P0.2
G1 X96.1209631024648 Y198.57529137449052 F300
G1 X96.27739799829627 Y199.43659280677198 F300
G1 X96.24647482121331 Y199.92135908280787 F300
G1 X96.11004903996492 Y200.26969957759542 F300
G1 X95.9436095868419 Y200.4388675463434 F300
G1 X95.7298758628861 Y200.54982718175873 F300
G1 X95.49886153997218 Y200.58802640050828 F300
G1 X95.15324956080963 Y200.50526142655096 F300
G1 X94.88221700872951 Y200.26969957759542 F300
G1 X94.7439722170645 Y199.90680699947472 F300
G1 X94.71486805039817 Y199.43659280677198 F300
G1 X94.77125737331417 Y198.84996194740393 F300
G1 X95.00045268581145 Y198.41339944740912 F300
G1 X95.49886153997218 Y198.23786494220286 F300;svg > g > g > g#figure_1 > g#text_1 > g > use > path#Cmr10-77
M3 S90
G4 P0.2
G0 X98.24192924827295 Y198.13236233803744
M3 S30
G4 P0.2
G1 X97.48885893578189 Y200.24969046301234 F300
G1 X97.34060958682532 Y200.40703486405212 F300
G1 X97.05957247745367 Y200.43704853592675 F300
G1 X97.05957247745367 Y200.64168720779932 F300
G1 X98.25830034202275 Y200.64168720779932 F300
G1 X98.25830034202275 Y200.43704853592675 F300
G1 X97.91450737327683 Y200.29243720780346 F300
G1 X97.91905489931845 Y200.27515660884535 F300
G1 X97.92087390973508 Y200.24969046301234 F300
G1 X98.48021961285346 Y198.68079397865594 F300
G1 X98.96316687847272 Y200.0477803067647 F300
G1 X98.88676844097363 Y200.24969046301234 F300
G1 X98.74124760764202 Y200.40703486405212 F300
G1 X98.46021049827036 Y200.43704853592675 F300
G1 X98.46021049827036 Y200.64168720779932 F300
G1 X99.60891557638173 Y200.64168720779932 F300
G1 X99.60891557638173 Y200.43704853592675 F300
G1 X99.26512260763579 Y200.29243720780346 F300
G1 X99.27057963888574 Y200.24969046301234 F300
G1 X99.85357247742047 Y198.60985257240677 F300
G1 X100.38199500345586 Y200.09325556718082 F300
G1 X100.39290906595575 Y200.1760205411382 F300
G1 X100.28922547220697 Y200.36701663488594 F300
G1 X100.05821114929306 Y200.43704853592675 F300
G1 X100.05821114929306 Y200.64168720779932 F300
G1 X101.04684331073963 Y200.64168720779932 F300
G1 X101.04684331073963 Y200.43704853592675 F300
G1 X100.74397807636824 Y200.34427900467787 F300
G1 X100.55843901387043 Y200.09325556718082 F300
G1 X99.86448653992035 Y198.13236233803744 F300
G1 X99.77626453471306 Y198.06687796303822 F300
G1 X99.73078927429694 Y198.06687796303822 F300
G1 X99.64256726908965 Y198.13236233803744 F300
G1 X99.05411739930497 Y199.7922093432261 F300
G1 X98.46657703472862 Y198.13236233803744 F300
G1 X98.37562651389636 Y198.06687796303822 F300
G1 X98.33287976910519 Y198.06687796303822 F300
G1 X98.24192924827295 Y198.13236233803744 F300;svg > g > g > g#figure_1 > g#text_1 > g > use > path#Cmr10-77
M3 S90
G4 P0.2
G0 X104.38393160095002 Y198.13236233803744
M3 S30
G4 P0.2
G1 X103.63086128845897 Y200.24969046301234 F300
G1 X103.4826119395024 Y200.40703486405212 F300
G1 X103.20157483013075 Y200.43704853592675 F300
G1 X103.20157483013075 Y200.64168720779932 F300
G1 X104.40030269469983 Y200.64168720779932 F300
G1 X104.40030269469983 Y200.43704853592675 F300
G1 X104.05650972595392 Y200.29243720780346 F300
G1 X104.06105725199554 Y200.27515660884535 F300
G1 X104.06287626241217 Y200.24969046301234 F300
G1 X104.62222196553051 Y198.68079397865594 F300
G1 X105.10516923114979 Y200.0477803067647 F300
G1 X105.0287707936507 Y200.24969046301234 F300
G1 X104.8832499603191 Y200.40703486405212 F300
G1 X104.60221285094744 Y200.43704853592675 F300
G1 X104.60221285094744 Y200.64168720779932 F300
G1 X105.7509179290588 Y200.64168720779932 F300
G1 X105.7509179290588 Y200.43704853592675 F300
G1 X105.40712496031287 Y200.29243720780346 F300
G1 X105.4125819915628 Y200.24969046301234 F300
G1 X105.99557483009754 Y198.60985257240677 F300
G1 X106.52399735613294 Y200.09325556718082 F300
G1 X106.53491141863282 Y200.1760205411382 F300
G1 X106.43122782488405 Y200.36701663488594 F300
G1 X106.20021350197014 Y200.43704853592675 F300
G1 X106.20021350197014 Y200.64168720779932 F300
G1 X107.1888456634167 Y200.64168720779932 F300
G1 X107.1888456634167 Y200.43704853592675 F300
G1 X106.88598042904532 Y200.34427900467787 F300
G1 X106.70044136654751 Y200.09325556718082 F300
G1 X106.00648889259742 Y198.13236233803744 F300
G1 X105.91826688739013 Y198.06687796303822 F300
G1 X105.872791626974 Y198.06687796303822 F300
G1 X105.78456962176674 Y198.13236233803744 F300
G1 X105.19611975198205 Y199.7922093432261 F300
G1 X104.6085793874057 Y198.13236233803744 F300
G1 X104.51762886657345 Y198.06687796303822 F300
G1 X104.47488212178227 Y198.06687796303822 F300
G1 X104.38393160095002 Y198.13236233803744 F300;svg > g > g > g#figure_1 > g#text_1 > g > use > path#Cmr10-65
M3 S90
G4 P0.2
G0 X108.74944292002317 Y198.06687796303822
M3 S30
G4 P0.2
G1 X108.0964181804476 Y198.25332653074435 F300
G1 X107.63075151378645 Y198.75082587969678 F300
G1 X107.46158354503847 Y199.40839814531398 F300
G1 X107.61619943045332 Y200.0559658536396 F300
G1 X108.04821440440651 Y200.55255569738372 F300
G1 X108.66667794606583 Y200.7417327807148 F300
G1 X109.13143510751863 Y200.65169176509087 F300
G1 X109.45703797209812 Y200.40339684321881 F300
G1 X109.64985307626249 Y200.0277711921816 F300
G1 X109.7153374512617 Y199.55391897864558 F300
G1 X109.65621961272075 Y199.47661103593816 F300
G1 X107.9709064616991 Y199.47661103593816 F300
G1 X107.9709064616991 Y199.41385517656394 F300
G1 X108.16554057628012 Y198.58438642657376 F300
G1 X108.80037521168923 Y198.23786494220286 F300
G1 X109.13143510751863 Y198.3169918953269 F300
G1 X109.39519161793218 Y198.53891116615762 F300
G1 X109.54798849293037 Y198.84268590573737 F300
G1 X109.5689071127218 Y198.8781566088619 F300
G1 X109.60437781584635 Y198.89452770261173 F300
G1 X109.65621961272075 Y198.89452770261173 F300
G1 X109.7153374512617 Y198.81994827552933 F300
G1 X109.36063042001592 Y198.27879267657735 F300
G1 X108.74944292002317 Y198.06687796303822 F300
M3 S90
G4 P0.2
G0 X107.97636349294903 Y199.62213186926977
M3 S30
G4 P0.2
G1 X109.3033315918916 Y199.62213186926977 F300
G1 X109.242394742934 Y200.06506090572285 F300
G1 X109.03866557626975 Y200.4388675463434 F300
G1 X108.66667794606583 Y200.58802640050828 F300
G1 X108.15644552419688 Y200.27970413488697 F300
G1 X107.97636349294903 Y199.62213186926977 F300;svg > g > g > g#figure_1 > g#text_1 > g > use > path#Cmr10-63
M3 S90
G4 P0.2
G0 X113.2713891349278 Y198.06687796303822
M3 S30
G4 P0.2
G1 X112.63109746826873 Y198.24968850991107 F300
G1 X112.17998288494077 Y198.7390023119886 F300
G1 X112.01536244223438 Y199.38838903073085 F300
G1 X112.17816387452412 Y200.0477803067647 F300
G1 X112.63018796306042 Y200.55255569738372 F300
G1 X113.2713891349278 Y200.7417327807148 F300
G1 X113.89167168700378 Y200.6080355150914 F300
G1 X114.1717992911671 Y200.17056350988827 F300
G1 X114.09085332762642 Y199.9722913744739 F300
G1 X113.89349069742043 Y199.88861689530827 F300
G1 X113.69612806721442 Y199.9722913744739 F300
G1 X113.61518210367373 Y200.17056350988827 F300
G1 X113.68066647867295 Y200.34791702551115 F300
G1 X113.84255840575435 Y200.443415072385 F300
G1 X113.27684616617773 Y200.57074580155015 F300
G1 X112.82755059326641 Y200.3861162442607 F300
G1 X112.5892602286859 Y199.92863512447448 F300
G1 X112.52104733806172 Y199.38838903073085 F300
G1 X112.60472181722737 Y198.84450491615402 F300
G1 X112.87484486409919 Y198.40976142657584 F300
G1 X113.34233054117695 Y198.23786494220286 F300
G1 X113.81072572346307 Y198.40703291095085 F300
G1 X114.07539173908495 Y198.8490524421956 F300
G1 X114.12086699950105 Y198.88270413490355 F300
G1 X114.19180840575022 Y198.88270413490355 F300
G1 X114.22273158283316 Y198.86724254636206 F300
G1 X114.23728366616632 Y198.83177184323748 F300
G1 X114.23728366616632 Y198.81449124427937 F300
G1 X113.88712416096214 Y198.26878811928583 F300
G1 X113.2713891349278 Y198.06687796303822 F300;svg > g > g > g#figure_1 > g#text_1 > g > use > path#Cmr10-61
M3 S90
G4 P0.2
G0 X114.6380344204116 Y198.703531608864
M3 S30
G4 P0.2
G1 X114.91088598290834 Y199.26742483802394 F300
G1 X115.56572973290056 Y199.574837598437 F300
G1 X116.29242439435026 Y199.6639691088526 F300
G1 X116.29242439435026 Y199.90316897864142 F300
G1 X116.21875447247615 Y200.22786233801256 F300
G1 X116.00502074852035 Y200.48707132238448 F300
G1 X115.69851749331566 Y200.58802640050828 F300
G1 X115.11006762353097 Y200.41431090571868 F300
G1 X115.29287817040382 Y200.33063642655299 F300
G1 X115.36563858706961 Y200.13600231197202 F300
G1 X115.28287361311224 Y199.93682067134935 F300
G1 X115.08732999332291 Y199.85496520260034 F300
G1 X114.8881483527003 Y199.93682067134935 F300
G1 X114.80629288395126 Y200.13600231197202 F300
G1 X115.08460147769794 Y200.59257392654987 F300
G1 X115.69851749331566 Y200.7417327807148 F300
G1 X116.17236970685168 Y200.64077770259098 F300
G1 X116.56345694643039 Y200.3515550463444 F300
G1 X116.71625382142855 Y199.91408304114128 F300
G1 X116.71625382142855 Y198.60439554115686 F300
G1 X116.76445759746967 Y198.39520934324264 F300
G1 X116.9145259568429 Y198.29971129636877 F300
G1 X117.05822777975784 Y198.39611884845095 F300
G1 X117.10552205059061 Y198.60439554115686 F300
G1 X117.10552205059061 Y198.97638317136077 F300
G1 X117.27559952454693 Y198.97638317136077 F300
G1 X117.27559952454693 Y198.60439554115686 F300
G1 X117.20738663392274 Y198.3551911140765 F300
G1 X117.02366658184157 Y198.16783304116203 F300
G1 X116.77537165996955 Y198.09780114012122 F300
G1 X116.48160147768135 Y198.22967939532796 F300
G1 X116.34335668601632 Y198.54436819740755 F300
G1 X116.02502986310344 Y198.19602770262003 F300
G1 X115.57664379540044 Y198.06687796303822 F300
G1 X115.14008129540562 Y198.13236233803744 F300
G1 X114.78173624332653 Y198.33791051511835 F300
G1 X114.6380344204116 Y198.703531608864 F300
M3 S90
G4 P0.2
G0 X115.11006762353097 Y198.703531608864
M3 S30
G4 P0.2
G1 X115.26013598290419 Y198.35973864011808 F300
G1 X115.61575251935831 Y198.22058434324475 F300
G1 X115.95681697247926 Y198.31426337970194 F300
G1 X116.20147387351803 Y198.5698343432406 F300
G1 X116.29242439435026 Y198.91089879636152 F300
G1 X116.29242439435026 Y199.51662926510434 F300
G1 X115.75035929019005 Y199.4293167651054 F300
G1 X115.29196866519548 Y199.1582842130253 F300
G1 X115.11006762353097 Y198.703531608864 F300;svg > g > g > g#figure_1 > g#text_1 > g > use > path#Cmr10-6e
M3 S90
G4 P0.2
G0 X117.48933324850272 Y198.13236233803744
M3 S30
G4 P0.2
G1 X117.48933324850272 Y198.33700100991 F300
G1 X117.81584561829052 Y198.367924186993 F300
G1 X117.94408585266399 Y198.52163056719948 F300
G1 X117.94408585266399 Y200.11053616613896 F300
G1 X117.89679158183122 Y200.33609345780292 F300
G1 X117.76218481099947 Y200.4215869473853 F300
G1 X117.48933324850272 Y200.43704853592675 F300
G1 X117.48933324850272 Y200.64168720779932 F300
G1 X118.33335408182603 Y200.70444306717357 F300
G1 X118.33335408182603 Y200.13600231197202 F300
G1 X118.67805655578029 Y200.5452796557171 F300
G1 X119.17737491514934 Y200.70444306717357 F300
G1 X119.78401488910046 Y200.5107184578009 F300
G1 X119.98774405576472 Y199.92044957759956 F300
G1 X119.98774405576472 Y198.52163056719948 F300
G1 X120.11507478492987 Y198.367924186993 F300
G1 X120.44249665992598 Y198.33700100991 F300
G1 X120.44249665992598 Y198.13236233803744 F300
G1 X119.10916202452516 Y198.13236233803744 F300
G1 X119.10916202452516 Y198.33700100991 F300
G1 X119.43567439431295 Y198.367924186993 F300
G1 X119.56391462868643 Y198.52163056719948 F300
G1 X119.56391462868643 Y199.90316897864142 F300
G1 X119.48114965472905 Y200.37065465571925 F300
G1 X119.1428137172331 Y200.55437470780038 F300
G1 X118.58710603494802 Y200.28425166092856 F300
G1 X118.36973429015893 Y199.67033564531087 F300
G1 X118.36973429015893 Y198.52163056719948 F300
G1 X118.4979745245324 Y198.367924186993 F300
G1 X118.82175837869522 Y198.33700100991 F300
G1 X118.82175837869522 Y198.13236233803744 F300
G1 X117.48933324850272 Y198.13236233803744 F300;svg > g > g > g#figure_1 > g#text_1 > g > use > path#Cmr10-73
M3 S90
G4 P0.2
G0 X122.67931100981608 Y198.11508173907933
M3 S30
G4 P0.2
G1 X122.67931100981608 Y199.06460517656805 F300
G1 X122.73024330148216 Y199.11008043698416 F300
G1 X122.80118470773131 Y199.11008043698416 F300
G1 X122.84665996814743 Y199.06460517656805 F300
G1 X123.63065345772145 Y198.22058434324475 F300
G1 X124.09268210354931 Y198.34518655678494 F300
G1 X124.27913067125543 Y198.73172627032199 F300
G1 X124.13360983792381 Y199.05187210365153 F300
G1 X123.7898168691779 Y199.23195413489938 F300
G1 X123.40054864001586 Y199.3092620776068 F300
G1 X123.04402259835342 Y199.43932132239695 F300
G1 X122.78117559314822 Y199.67397366614415 F300
G1 X122.67931100981608 Y200.01412861405677 F300
G1 X122.81391778064781 Y200.43250100988513 F300
G1 X123.164077285852 Y200.66897236404898 F300
G1 X123.63065345772145 Y200.7417327807148 F300
G1 X124.15089043688194 Y200.58256936925835 F300
G1 X124.31914890042161 Y200.72718069738164 F300
G1 X124.34734356187961 Y200.7417327807148 F300
G1 X124.39009030667076 Y200.7417327807148 F300
G1 X124.42101348375374 Y200.725361686965 F300
G1 X124.4355655670869 Y200.69352900467368 F300
G1 X124.4355655670869 Y199.93136364009942 F300
G1 X124.39009030667076 Y199.8777028328084 F300
G1 X124.31914890042161 Y199.8777028328084 F300
G1 X124.26730710354724 Y199.93136364009942 F300
G1 X124.09813913479923 Y200.42067744217695 F300
G1 X123.6251964264715 Y200.60530699946645 F300
G1 X123.17226283272689 Y200.5079899421759 F300
G1 X122.98035723377083 Y200.1760205411382 F300
G1 X123.11769252022755 Y199.910445020308 F300
G1 X123.44056686918205 Y199.7612861661431 F300
G1 X123.83529212959401 Y199.68670673906067 F300
G1 X124.20637025458961 Y199.53300035885417 F300
G1 X124.47922181708635 Y199.26014879635738 F300
G1 X124.58017689521019 Y198.88816116615348 F300
G1 X124.50741647854437 Y198.5225400724078 F300
G1 X124.30550632229678 Y198.26515009845252 F300
G1 X123.99991257230042 Y198.11508173907933 F300
G1 X123.63065345772145 Y198.06687796303822 F300
G1 X123.00855189522885 Y198.31153486407698 F300
G1 X122.79572767648138 Y198.0814300463714 F300
G1 X122.76389499419008 Y198.06687796303822 F300
G1 X122.73024330148216 Y198.06687796303822 F300
G1 X122.67931100981608 Y198.11508173907933 F300;svg > g > g > g#figure_1 > g#text_1 > g > use > path#Cmr10-65
M3 S90
G4 P0.2
G0 X126.22899615702393 Y198.06687796303822
M3 S30
G4 P0.2
G1 X125.57597141744836 Y198.25332653074435 F300
G1 X125.11030475078722 Y198.75082587969678 F300
G1 X124.94113678203921 Y199.40839814531398 F300
G1 X125.09575266745406 Y200.0559658536396 F300
G1 X125.52776764140725 Y200.55255569738372 F300
G1 X126.14623118306659 Y200.7417327807148 F300
G1 X126.6109883445194 Y200.65169176509087 F300
G1 X126.93659120909886 Y200.40339684321881 F300
G1 X127.12940631326325 Y200.0277711921816 F300
G1 X127.19489068826248 Y199.55391897864558 F300
G1 X127.13577284972149 Y199.47661103593816 F300
G1 X125.45045969869983 Y199.47661103593816 F300
G1 X125.45045969869983 Y199.41385517656394 F300
G1 X125.64509381328087 Y198.58438642657376 F300
G1 X126.27992844868999 Y198.23786494220286 F300
G1 X126.6109883445194 Y198.3169918953269 F300
G1 X126.87474485493291 Y198.53891116615762 F300
G1 X127.02754172993112 Y198.84268590573737 F300
G1 X127.04846034972253 Y198.8781566088619 F300
G1 X127.0839310528471 Y198.89452770261173 F300
G1 X127.13577284972149 Y198.89452770261173 F300
G1 X127.19489068826248 Y198.81994827552933 F300
G1 X126.84018365701668 Y198.27879267657735 F300
G1 X126.22899615702393 Y198.06687796303822 F300
M3 S90
G4 P0.2
G0 X125.45591672994979 Y199.62213186926977
M3 S30
G4 P0.2
G1 X126.78288482889235 Y199.62213186926977 F300
G1 X126.72194797993474 Y200.06506090572285 F300
G1 X126.5182188132705 Y200.4388675463434 F300
G1 X126.14623118306659 Y200.58802640050828 F300
G1 X125.63599876119763 Y200.27970413488697 F300
G1 X125.45591672994979 Y199.62213186926977 F300;svg > g > g > g#figure_1 > g#text_1 > g > use > path#Cmr10-74
M3 S90
G4 P0.2
G0 X127.95671495200345 Y198.83177184323748
M3 S30
G4 P0.2
G1 X127.95671495200345 Y200.43704853592675 F300
G1 X127.47376768638416 Y200.43704853592675 F300
G1 X127.47376768638416 Y200.58802640050828 F300
G1 X128.03311338950255 Y200.94273343175408 F300
G1 X128.21228591554205 Y201.7139938484116 F300
G1 X128.38054437908173 Y201.7139938484116 F300
G1 X128.38054437908173 Y200.64168720779932 F300
G1 X129.20182758219698 Y200.64168720779932 F300
G1 X129.20182758219698 Y200.43704853592675 F300
G1 X128.38054437908173 Y200.43704853592675 F300
G1 X128.38054437908173 Y198.84268590573737 F300
G1 X128.46149034262245 Y198.41976598386736 F300
G1 X128.75253200928566 Y198.23786494220286 F300
G1 X129.03993565511558 Y198.42977054115892 F300
G1 X129.12815766032284 Y198.84268590573737 F300
G1 X129.12815766032284 Y199.18647887448327 F300
G1 X129.29550661865423 Y199.18647887448327 F300
G1 X129.29550661865423 Y198.83177184323748 F300
G1 X129.22820323323833 Y198.47160778074175 F300
G1 X129.03084060303232 Y198.18056611407852 F300
G1 X128.71251378011945 Y198.06687796303822 F300
G1 X128.15953461345939 Y198.27606416095242 F300
G1 X127.95671495200345 Y198.83177184323748 F300;svg > g > g > g#figure_1 > g#text_1 > g > use > path#Cmr10-a2
M3 S90
G4 P0.2
G0 X131.87634135724855 Y198.13236233803744
M3 S30
G4 P0.2
G1 X131.82813758120744 Y198.17783759845358 F300
G1 X131.83177560204072 Y198.18602314532845 F300
G1 X131.83359461245738 Y198.19784671303668 F300
G1 X133.83723458639193 Y202.23695934319701 F300
G1 X133.94273719055732 Y202.29880569736298 F300
G1 X134.0218641436814 Y202.29880569736298 F300
G1 X134.12736674784682 Y202.23695934319701 F300
G1 X136.13100672178135 Y198.19784671303668 F300
G1 X136.13464474261465 Y198.1878421557451 F300
G1 X136.1364637530313 Y198.17783759845358 F300
G1 X136.0882599769902 Y198.13236233803744 F300
G1 X131.87634135724855 Y198.13236233803744 F300
M3 S90
G4 P0.2
G0 X132.26015255516066 Y198.59893850990693
M3 S30
G4 P0.2
G1 X135.32700411762426 Y198.59893850990693 F300
G1 X133.79448784160076 Y201.68761819737026 F300
G1 X132.26015255516066 Y198.59893850990693 F300;svg > g > g > g#figure_1 > g#text_1 > g > use > path#Cmmi10-74
M3 S90
G4 P0.2
G0 X136.7706162449821 Y198.60439554115686
M3 S30
G4 P0.2
G1 X136.78789684394022 Y198.76628746823826 F300
G1 X137.20808825018523 Y200.43704853592675 F300
G1 X136.59690075019248 Y200.43704853592675 F300
G1 X136.53778291165156 Y200.51435647863417 F300
G1 X136.6141813491506 Y200.64168720779932 F300
G1 X137.2590205418513 Y200.64168720779932 F300
G1 X137.49276338039022 Y201.59121064528804 F300
G1 X137.58371390122247 Y201.72217939528647 F300
G1 X137.73651077622065 Y201.7758402025775 F300
G1 X137.8602034845525 Y201.7312744473697 F300
G1 X137.91022627101026 Y201.6139482754961 F300
G1 X137.9084072605936 Y201.58666311924645 F300
G1 X137.9047692397603 Y201.56574449945504 F300
G1 X137.67193590642972 Y200.64168720779932 F300
G1 X138.27129983871427 Y200.64168720779932 F300
G1 X138.33132718246355 Y200.56528877030024 F300
G1 X138.3195036147554 Y200.51617548905082 F300
G1 X138.29676598454733 Y200.45978616613482 F300
G1 X138.25401923975613 Y200.43704853592675 F300
G1 X137.62009410955537 Y200.43704853592675 F300
G1 X137.2026312189353 Y198.75446390053006 F300
G1 X137.15988447414415 Y198.47069827553344 F300
G1 X137.33087145330876 Y198.22058434324475 F300
G1 X137.78380504705342 Y198.4606937182419 F300
G1 X138.08667028142483 Y198.98820673906897 F300
G1 X138.1321455418409 Y199.02185843177688 F300
G1 X138.2030869480901 Y199.02185843177688 F300
G1 X138.239467156423 Y199.0063968432354 F300
G1 X138.25401923975613 Y198.97092614011083 F300
G1 X138.2485622085062 Y198.9536455411527 F300
G1 X137.87566507309398 Y198.33427249428507 F300
G1 X137.31631936997564 Y198.06687796303822 F300
G1 X136.9279606460219 Y198.21694632241145 F300
G1 X136.7706162449821 Y198.60439554115686 F300;svg > g > g > g#figure_1 > g#text_1 > g > use > path#Cmr10-74
M3 S90
G4 P0.2
G0 X141.04222116584805 Y198.83177184323748
M3 S30
G4 P0.2
G1 X141.04222116584805 Y200.43704853592675 F300
G1 X140.5592739002288 Y200.43704853592675 F300
G1 X140.5592739002288 Y200.58802640050828 F300
G1 X141.11861960334713 Y200.94273343175408 F300
G1 X141.29779212938666 Y201.7139938484116 F300
G1 X141.46605059292634 Y201.7139938484116 F300
G1 X141.46605059292634 Y200.64168720779932 F300
G1 X142.2873337960416 Y200.64168720779932 F300
G1 X142.2873337960416 Y200.43704853592675 F300
G1 X141.46605059292634 Y200.43704853592675 F300
G1 X141.46605059292634 Y198.84268590573737 F300
G1 X141.54699655646704 Y198.41976598386736 F300
G1 X141.83803822313024 Y198.23786494220286 F300
G1 X142.12544186896017 Y198.42977054115892 F300
G1 X142.21366387416748 Y198.84268590573737 F300
G1 X142.21366387416748 Y199.18647887448327 F300
G1 X142.38101283249878 Y199.18647887448327 F300
G1 X142.38101283249878 Y198.83177184323748 F300
G1 X142.31370944708294 Y198.47160778074175 F300
G1 X142.11634681687693 Y198.18056611407852 F300
G1 X141.79801999396406 Y198.06687796303822 F300
G1 X141.24504082730397 Y198.27606416095242 F300
G1 X141.04222116584805 Y198.83177184323748 F300;svg > g > g > g#figure_1 > g#text_1 > g > use > path#Cmr10-6f
M3 S90
G4 P0.2
G0 X144.16307457822765 Y198.06687796303822
M3 S30
G4 P0.2
G1 X143.51459736469369 Y198.24423147866113 F300
G1 X143.04256416157426 Y198.72081220782212 F300
G1 X142.86975817199303 Y199.37201793698108 F300
G1 X142.96525621886684 Y199.8858883796833 F300
G1 X143.23810778136362 Y200.32790791092805 F300
G1 X143.65102314594205 Y200.6316826505078 F300
G1 X144.16307457822765 Y200.7417327807148 F300
G1 X144.8151898125949 Y200.55255569738372 F300
G1 X145.2799469740477 Y200.04596129634805 F300
G1 X145.45093395321234 Y199.37201793698108 F300
G1 X145.27721845842277 Y198.72172171303046 F300
G1 X144.80609476051168 Y198.24423147866113 F300
G1 X144.16307457822765 Y198.06687796303822 F300
M3 S90
G4 P0.2
G0 X144.16307457822765 Y198.23786494220286
M3 S30
G4 P0.2
G1 X144.78517614072024 Y198.57529137449052 F300
G1 X144.94161103655173 Y199.43659280677198 F300
G1 X144.91068785946877 Y199.92135908280787 F300
G1 X144.7742620782204 Y200.26969957759542 F300
G1 X144.60782262509736 Y200.4388675463434 F300
G1 X144.39408890114154 Y200.54982718175873 F300
G1 X144.16307457822765 Y200.58802640050828 F300
G1 X143.8174625990651 Y200.50526142655096 F300
G1 X143.54643004698494 Y200.26969957759542 F300
G1 X143.40818525531992 Y199.90680699947472 F300
G1 X143.3790810886536 Y199.43659280677198 F300
G1 X143.4354704115696 Y198.84996194740393 F300
G1 X143.66466572406688 Y198.41339944740912 F300
G1 X144.16307457822765 Y198.23786494220286 F300;svg > g > g > g#figure_1 > g#text_1 > g > use > path#Cmr10-7a
M3 S90
G4 P0.2
G0 X147.78404223251798 Y198.13236233803744
M3 S30
G4 P0.2
G1 X147.7185578575188 Y198.19784671303668 F300
G1 X147.7185578575188 Y198.2433219734528 F300
G1 X147.73583845647693 Y198.283340202619 F300
G1 X149.36112426374925 Y200.48889033280113 F300
G1 X148.8381587689638 Y200.48889033280113 F300
G1 X148.43070043563532 Y200.45705765050982 F300
G1 X148.16603442001346 Y200.3388219734279 F300
G1 X148.0150565554319 Y200.1005316088474 F300
G1 X147.96867178980747 Y199.68124970781074 F300
G1 X147.8013228314761 Y199.68124970781074 F300
G1 X147.86680720647536 Y200.64168720779932 F300
G1 X149.81587686791053 Y200.64168720779932 F300
G1 X149.86044262311833 Y200.62349710363287 F300
G1 X149.8786327272848 Y200.57711233800842 F300
G1 X149.8786327272848 Y200.54255114009217 F300
G1 X149.86771866478492 Y200.50253291092596 F300
G1 X148.23879483667926 Y198.29971129636877 F300
G1 X148.796321529381 Y198.29971129636877 F300
G1 X149.21833194604264 Y198.3306344734518 F300
G1 X149.50664509708088 Y198.48161233803333 F300
G1 X149.65853246687072 Y198.77993004636306 F300
G1 X149.72219783145331 Y199.2437777026076 F300
G1 X149.890456294993 Y199.2437777026076 F300
G1 X149.7904107220775 Y198.13236233803744 F300
G1 X147.78404223251798 Y198.13236233803744 F300;svg > g > g > g#figure_1 > g#text_1 > g > use > path#Cmr10-65
M3 S90
G4 P0.2
G0 X151.58998042851442 Y198.06687796303822
M3 S30
G4 P0.2
G1 X150.93695568893884 Y198.25332653074435 F300
G1 X150.47128902227772 Y198.75082587969678 F300
G1 X150.30212105352973 Y199.40839814531398 F300
G1 X150.45673693894454 Y200.0559658536396 F300
G1 X150.88875191289776 Y200.55255569738372 F300
G1 X151.5072154545571 Y200.7417327807148 F300
G1 X151.9719726160099 Y200.65169176509087 F300
G1 X152.29757548058936 Y200.40339684321881 F300
G1 X152.49039058475375 Y200.0277711921816 F300
G1 X152.55587495975294 Y199.55391897864558 F300
G1 X152.496757121212 Y199.47661103593816 F300
G1 X150.81144397019034 Y199.47661103593816 F300
G1 X150.81144397019034 Y199.41385517656394 F300
G1 X151.00607808477136 Y198.58438642657376 F300
G1 X151.64091272018052 Y198.23786494220286 F300
G1 X151.9719726160099 Y198.3169918953269 F300
G1 X152.23572912642342 Y198.53891116615762 F300
G1 X152.3885260014216 Y198.84268590573737 F300
G1 X152.40944462121303 Y198.8781566088619 F300
G1 X152.44491532433761 Y198.89452770261173 F300
G1 X152.496757121212 Y198.89452770261173 F300
G1 X152.55587495975294 Y198.81994827552933 F300
G1 X152.20116792850718 Y198.27879267657735 F300
G1 X151.58998042851442 Y198.06687796303822 F300
M3 S90
G4 P0.2
G0 X150.81690100144027 Y199.62213186926977
M3 S30
G4 P0.2
G1 X152.14386910038286 Y199.62213186926977 F300
G1 X152.0829322514252 Y200.06506090572285 F300
G1 X151.879203084761 Y200.4388675463434 F300
G1 X151.5072154545571 Y200.58802640050828 F300
G1 X150.99698303268812 Y200.27970413488697 F300
G1 X150.81690100144027 Y199.62213186926977 F300;svg > g > g > g#figure_1 > g#text_1 > g > use > path#Cmr10-72
M3 S90
G4 P0.2
G0 X152.87477024524918 Y198.13236233803744
M3 S30
G4 P0.2
G1 X152.87477024524918 Y198.33700100991 F300
G1 X153.20128261503697 Y198.367924186993 F300
G1 X153.32952284941044 Y198.52163056719948 F300
G1 X153.32952284941044 Y200.11053616613896 F300
G1 X153.28222857857764 Y200.33609345780292 F300
G1 X153.14762180774594 Y200.4215869473853 F300
G1 X152.87477024524918 Y200.43704853592675 F300
G1 X152.87477024524918 Y200.64168720779932 F300
G1 X153.7069675108643 Y200.70444306717357 F300
G1 X153.7069675108643 Y200.13600231197202 F300
G1 X153.97436204211112 Y200.54618916092545 F300
G1 X154.39546295356445 Y200.70444306717357 F300
G1 X154.7046947243941 Y200.60166897863317 F300
G1 X154.8411205056425 Y200.33245543696964 F300
G1 X154.76563157335173 Y200.1487353848885 F300
G1 X154.58009251085394 Y200.07051793697278 F300
G1 X154.3945534483561 Y200.14691637447186 F300
G1 X154.31815501085703 Y200.33245543696964 F300
G1 X154.42911464627238 Y200.55437470780038 F300
G1 X154.39546295356445 Y200.55437470780038 F300
G1 X154.00983274523568 Y200.3833877286357 F300
G1 X153.79791803169655 Y199.95955830155742 F300
G1 X153.73607167753062 Y199.47661103593816 F300
G1 X153.73607167753062 Y198.52163056719948 F300
G1 X154.30087441189892 Y198.33700100991 F300
G1 X154.30087441189892 Y198.13236233803744 F300
G1 X152.87477024524918 Y198.13236233803744 F300;svg > g > g > g#figure_1 > g#text_1 > g > use > path#Cmr10-6f
M3 S90
G4 P0.2
G0 X156.45560593129002 Y198.06687796303822
M3 S30
G4 P0.2
G1 X155.80712871775603 Y198.24423147866113 F300
G1 X155.33509551463663 Y198.72081220782212 F300
G1 X155.16228952505537 Y199.37201793698108 F300
G1 X155.2577875719292 Y199.8858883796833 F300
G1 X155.53063913442597 Y200.32790791092805 F300
G1 X155.94355449900442 Y200.6316826505078 F300
G1 X156.45560593129002 Y200.7417327807148 F300
G1 X157.10772116565724 Y200.55255569738372 F300
G1 X157.57247832711008 Y200.04596129634805 F300
G1 X157.74346530627471 Y199.37201793698108 F300
G1 X157.5697498114851 Y198.72172171303046 F300
G1 X157.09862611357403 Y198.24423147866113 F300
G1 X156.45560593129002 Y198.06687796303822 F300
M3 S90
G4 P0.2
G0 X156.45560593129002 Y198.23786494220286
M3 S30
G4 P0.2
G1 X157.0777074937826 Y198.57529137449052 F300
G1 X157.23414238961408 Y199.43659280677198 F300
G1 X157.2032192125311 Y199.92135908280787 F300
G1 X157.06679343128275 Y200.26969957759542 F300
G1 X156.90035397815973 Y200.4388675463434 F300
G1 X156.68662025420394 Y200.54982718175873 F300
G1 X156.45560593129002 Y200.58802640050828 F300
G1 X156.10999395212744 Y200.50526142655096 F300
G1 X155.83896140004734 Y200.26969957759542 F300
G1 X155.70071660838227 Y199.90680699947472 F300
G1 X155.67161244171598 Y199.43659280677198 F300
G1 X155.72800176463198 Y198.84996194740393 F300
G1 X155.95719707712925 Y198.41339944740912 F300
G1 X156.45560593129002 Y198.23786494220286 F300;svg > g > g > g#figure_1 > g#text_1 > g > path
M3 S90
G4 P0.2
G0 X47.54236590770835 Y198.85996644648714
M3 S30
G4 P0.2
G1 X47.54236590770835 Y199.22376852981617 F300
G1 X81.20655565376693 Y199.22376852981617 F300
G1 X81.20655565376693 Y198.85996644648714 F300
G1 X47.54236590770835 Y198.85996644648714 F300;svg > g > g > g#layer1 > polyline
M3 S90
G4 P0.2
G0 X14.999999999999998 Y185.38232080670198
M3 S30
G4 P0.2
G1 X14.999999999999998 Y185.38232080670198 F300
G1 X15.37184541666225 Y185.94008893169539 F300
G1 X15.7436908333245 Y186.68377976501986 F300;svg > g > g > g#layer1 > polyline
M3 S90
G4 P0.2
G0 X16.301458958317877 Y188.35708414
M3 S30
G4 P0.2
G1 X16.301458958317877 Y188.35708414 F300
G1 X15.185922708331125 Y185.01047539003974 F300
G1 X15.185922708331125 Y184.63860351504417 F300
G1 X15.557768124993377 Y184.45268080671303 F300
G1 X15.929613541655625 Y184.63860351504417 F300
G1 X16.115536249986754 Y184.8245262233753 F300
G1 X16.487381666649007 Y185.38232080670198 F300;svg > g > g > g#layer1 > polyline
M3 S90
G4 P0.2
G0 X16.487381666649007 Y188.35708414
M3 S30
G4 P0.2
G1 X16.487381666649007 Y188.35708414 F300
G1 X15.37184541666225 Y185.01047539003974 F300
G1 X15.37184541666225 Y184.63860351504417 F300
G1 X15.557768124993377 Y184.45268080671303 F300;svg > g > g > g#layer1 > line
M3 S90
G4 P0.2
G0 X15.37184541666225 Y186.86970247335103
M3 S30
G4 P0.2
G1 X16.487381666649007 Y186.86970247335103 F300;svg > g > g > g#layer1 > polyline
M3 S90
G4 P0.2
G0 X16.487381666649007 Y185.38232080670198
M3 S30
G4 P0.2
G1 X16.487381666649007 Y185.38232080670198 F300
G1 X16.859227083311254 Y185.94008893169539 F300
G1 X17.231072499973504 Y186.68377976501986 F300;svg > g > g > g#layer1 > line
M3 S90
G4 P0.2
G0 X17.78884062496688 Y188.35708414
M3 S30
G4 P0.2
G1 X16.487381666649007 Y184.45268080671303 F300;svg > g > g > g#layer1 > line
M3 S90
G4 P0.2
G0 X17.974763333298007 Y188.35708414
M3 S30
G4 P0.2
G1 X16.67330437498013 Y184.45268080671303 F300;svg > g > g > g#layer1 > polyline
M3 S90
G4 P0.2
G0 X17.04514979164238 Y185.56824351503312
M3 S30
G4 P0.2
G1 X17.04514979164238 Y185.56824351503312 F300
G1 X17.41699520830463 Y185.94008893169539 F300
G1 X17.78884062496688 Y186.1260116400265 F300
G1 X17.974763333298007 Y186.1260116400265 F300
G1 X18.346608749960257 Y185.94008893169539 F300
G1 X18.346608749960257 Y185.56824351503312 F300
G1 X18.160686041629134 Y185.01047539003974 F300
G1 X18.160686041629134 Y184.63860351504417 F300
G1 X18.346608749960257 Y184.45268080671303 F300;svg > g > g > g#layer1 > polyline
M3 S90
G4 P0.2
G0 X17.974763333298007 Y186.1260116400265
M3 S30
G4 P0.2
G1 X17.974763333298007 Y186.1260116400265 F300
G1 X18.160686041629134 Y185.94008893169539 F300
G1 X18.160686041629134 Y185.56824351503312 F300
G1 X17.974763333298007 Y185.01047539003974 F300
G1 X17.974763333298007 Y184.63860351504417 F300
G1 X18.346608749960257 Y184.45268080671303 F300
G1 X18.718480624955845 Y184.63860351504417 F300
G1 X18.904403333286968 Y184.8245262233753 F300
G1 X19.276248749949218 Y185.38232080670198 F300;svg > g > g > g#layer1 > polyline
M3 S90
G4 P0.2
G0 X19.834016874942595 Y186.1260116400265
M3 S30
G4 P0.2
G1 X19.834016874942595 Y186.1260116400265 F300
G1 X19.462171458280345 Y185.01047539003974 F300
G1 X19.462171458280345 Y184.63860351504417 F300
G1 X19.834016874942595 Y184.45268080671303 F300
G1 X20.01993958327372 Y184.45268080671303 F300
G1 X20.39178499993597 Y184.63860351504417 F300
G1 X20.76363041659822 Y185.01047539003974 F300
G1 X21.135475833260475 Y185.56824351503312 F300;svg > g > g > g#layer1 > polyline
M3 S90
G4 P0.2
G0 X20.01993958327372 Y186.1260116400265
M3 S30
G4 P0.2
G1 X20.01993958327372 Y186.1260116400265 F300
G1 X19.648094166611468 Y185.01047539003974 F300
G1 X19.648094166611468 Y184.63860351504417 F300
G1 X19.834016874942595 Y184.45268080671303 F300;svg > g > g > g#layer1 > polyline
M3 S90
G4 P0.2
G0 X21.3213985415916 Y186.1260116400265
M3 S30
G4 P0.2
G1 X21.3213985415916 Y186.1260116400265 F300
G1 X20.94955312492935 Y185.01047539003974 F300
G1 X20.94955312492935 Y184.63860351504417 F300
G1 X21.3213985415916 Y184.45268080671303 F300
G1 X21.693243958253852 Y184.63860351504417 F300
G1 X21.879166666584975 Y184.8245262233753 F300
G1 X22.251012083247225 Y185.38232080670198 F300;svg > g > g > g#layer1 > polyline
M3 S90
G4 P0.2
G0 X21.507321249922725 Y186.1260116400265
M3 S30
G4 P0.2
G1 X21.507321249922725 Y186.1260116400265 F300
G1 X21.135475833260475 Y185.01047539003974 F300
G1 X21.135475833260475 Y184.63860351504417 F300
G1 X21.3213985415916 Y184.45268080671303 F300;svg > g > g > g#layer1 > polyline
M3 S90
G4 P0.2
G0 X22.251012083247225 Y185.38232080670198
M3 S30
G4 P0.2
G1 X22.251012083247225 Y185.38232080670198 F300
G1 X22.62285749990948 Y185.94008893169539 F300
G1 X22.808780208240602 Y186.3119343483576 F300
G1 X22.808780208240602 Y185.94008893169539 F300
G1 X23.36654833323398 Y185.56824351503312 F300
G1 X23.552471041565106 Y185.19639809837085 F300
G1 X23.552471041565106 Y184.8245262233753 F300
G1 X23.36654833323398 Y184.63860351504417 F300
G1 X22.994702916571725 Y184.45268080671303 F300;svg > g > g > g#layer1 > polyline
M3 S90
G4 P0.2
G0 X22.808780208240602 Y185.94008893169539
M3 S30
G4 P0.2
G1 X22.808780208240602 Y185.94008893169539 F300
G1 X23.180625624902856 Y185.56824351503312 F300
G1 X23.36654833323398 Y185.19639809837085 F300
G1 X23.36654833323398 Y184.8245262233753 F300
G1 X22.994702916571725 Y184.45268080671303 F300;svg > g > g > g#layer1 > polyline
M3 S90
G4 P0.2
G0 X22.251012083247225 Y184.63860351504417
M3 S30
G4 P0.2
G1 X22.251012083247225 Y184.63860351504417 F300
G1 X22.62285749990948 Y184.45268080671303 F300
G1 X23.552471041565106 Y184.45268080671303 F300
G1 X24.110239166558483 Y184.8245262233753 F300
G1 X24.482084583220733 Y185.38232080670198 F300;svg > g > g > g#figure_1 > g#text_1 > g > use > path#Cmmi10-64
M3 S90
G4 P0.2
G0 X30.70859550780408 Y179.57947436549247
M3 S30
G4 P0.2
G1 X30.30304713541307 Y179.77365372746934 F300
G1 X30.155343489581487 Y180.2320443524639 F300
G1 X30.29031406249655 Y180.7731999514158 F300
G1 X30.65575325520054 Y181.2398670738061 F300
G1 X31.149796484361342 Y181.42576993838722 F300
G1 X31.365622070296286 Y181.3589213055755 F300
G1 X31.51587233071117 Y181.1812949383901 F300
G1 X31.74506764320844 Y182.09043634462935 F300
G1 X31.764803906229044 Y182.19994077171137 F300
G1 X31.499955989565517 Y182.2655160972314 F300
G1 X31.458573502586844 Y182.31899500348075 F300
G1 X31.467486653628406 Y182.35464760764702 F300
G1 X31.485312955711525 Y182.39475678733402 F300
G1 X31.51587233071117 Y182.4087631675422 F300
G1 X32.0653044270588 Y182.45269226910418 F300
G1 X32.114963411433216 Y182.40048667014648 F300
G1 X31.52796874998186 Y180.0569645998618 F300
G1 X31.499955989565517 Y179.8621485842391 F300
G1 X31.617736914043284 Y179.68706883163702 F300
G1 X31.811279622374325 Y179.84877885767676 F300
G1 X31.923967317685488 Y180.224404508714 F300
G1 X31.95579999997677 Y180.24796069360954 F300
G1 X32.005458984351186 Y180.24796069360954 F300
G1 X32.03092513018422 Y180.23395431340137 F300
G1 X32.041111588517424 Y180.20848816756836 F300
G1 X31.885131445290114 Y179.75137084986542 F300
G1 X31.609460416647547 Y179.57947436549247 F300
G1 X31.36689537758793 Y179.65969272486655 F300
G1 X31.23574472654782 Y179.87424500350983 F300
G1 X30.70859550780408 Y179.57947436549247 F300
M3 S90
G4 P0.2
G0 X30.712415429679034 Y179.68706883163702
M3 S30
G4 P0.2
G1 X30.997636263008985 Y179.79720991236488 F300
G1 X31.23574472654782 Y180.0569645998618 F300
G1 X31.239564648422775 Y180.07288094100747 F300
G1 X31.462393424461798 Y180.97056258162178 F300
G1 X31.356708919254718 Y181.21694754255637 F300
G1 X31.140246679673957 Y181.32072208682598 F300
G1 X30.884311914051995 Y181.20803439151481 F300
G1 X30.684402669262703 Y180.94254982120543 F300
G1 X30.532242447910345 Y180.49498230818992 F300
G1 X30.459663932286205 Y180.05314467798684 F300
G1 X30.52014602863965 Y179.79911987330235 F300
G1 X30.712415429679034 Y179.68706883163702 F300;svg > g > g > g#figure_1 > g#text_1 > g > use > path#Cmmi10-79
M3 S90
G4 P0.2
G0 X32.4613825655541 Y179.04213868841555
M3 S30
G4 P0.2
G1 X32.75933647180056 Y178.89507169622976 F300
G1 X33.09357963585909 Y179.03067892279066 F300
G1 X33.32150164106472 Y179.3579188967451 F300
G1 X33.45583556033396 Y179.7507341962196 F300
G1 X33.06365691450528 Y179.57947436549247 F300
G1 X32.78925919315437 Y179.63486323267932 F300
G1 X32.61290613326064 Y179.80102983423987 F300
G1 X32.55051407596971 Y180.06906101913248 F300
G1 X32.586166680135946 Y180.3421854331918 F300
G1 X32.68675795617643 Y180.65478237329222 F300
G1 X32.79944565148758 Y180.95464624047614 F300
G1 X32.852924557736955 Y181.1991212404732 F300
G1 X32.76379304732134 Y181.32072208682598 F300
G1 X32.49767182336617 Y181.15455548526546 F300
G1 X32.34360164107633 Y180.783386409749 F300
G1 X32.30985899784756 Y180.75728361027015 F300
G1 X32.262109974410635 Y180.75728361027015 F300
G1 X32.228367331181865 Y180.79548282901973 F300
G1 X32.228367331181865 Y180.80694259464457 F300
G1 X32.42891322961699 Y181.2379571128686 F300
G1 X32.77143289107126 Y181.42576993838722 F300
G1 X33.01718119836 Y181.33027189151335 F300
G1 X33.117772474400475 Y181.08770685245372 F300
G1 X33.08402983117171 Y180.9285434409973 F300
G1 X33.002538164506014 Y180.7114445477707 F300
G1 X32.90449350304885 Y180.4351368654823 F300
G1 X32.849104635862 Y180.2199479331932 F300
G1 X32.82745841190392 Y180.00921557642485 F300
G1 X32.88475724002824 Y179.78065691757342 F300
G1 X33.06811349002606 Y179.68706883163702 F300
G1 X33.52141088585401 Y179.99520919621673 F300
G1 X33.83018790407951 Y181.25069018578512 F300
G1 X33.89321661501626 Y181.34300496442984 F300
G1 X34.00081108116082 Y181.38184083682526 F300
G1 X34.08739597699312 Y181.35000815453395 F300
G1 X34.12432188845102 Y181.2666065269308 F300
G1 X34.120501966576064 Y181.23477384463948 F300
G1 X33.7162269014767 Y179.61321700872125 F300
G1 X33.519500924916535 Y179.21339851914263 F300
G1 X33.174434648878965 Y178.9058948082088 F300
G1 X32.753606588988134 Y178.7893871910227 F300
G1 X32.54414753951144 Y178.8307696780014 F300
G1 X32.377344284305096 Y178.95300717799992 F300
G1 X32.31367891972252 Y179.14400327174764 F300
G1 X32.37925424524257 Y179.33690932643285 F300
G1 X32.554333997844665 Y179.41840099309854 F300
G1 X32.66511173221834 Y179.3776551597657 F300
G1 X32.709677487426156 Y179.27133400091282 F300
G1 X32.63964558638532 Y179.1083506675814 F300
G1 X32.477298906699744 Y179.03831876654056 F300
G1 X32.46902240930401 Y179.0415020347697 F300
G1 X32.4613825655541 Y179.04213868841555 F300;svg > g > g > g#figure_1 > g#text_1 > g > use > path#Cmmi10-64
M3 S90
G4 P0.2
G0 X30.999637174467292 Y174.0971588707659
M3 S30
G4 P0.2
G1 X30.59408880207628 Y174.29133823274276 F300
G1 X30.4463851562447 Y174.74972885773732 F300
G1 X30.581355729159757 Y175.2908844566892 F300
G1 X30.946794921863752 Y175.7575515790795 F300
G1 X31.440838151024554 Y175.94345444366064 F300
G1 X31.656663736959494 Y175.87660581084893 F300
G1 X31.806913997374377 Y175.69897944366352 F300
G1 X32.03610930987165 Y176.60812084990275 F300
G1 X32.05584557289225 Y176.7176252769848 F300
G1 X31.790997656228726 Y176.78320060250485 F300
G1 X31.749615169250053 Y176.8366795087542 F300
G1 X31.758528320291614 Y176.87233211292045 F300
G1 X31.776354622374736 Y176.91244129260744 F300
G1 X31.806913997374377 Y176.9264476728156 F300
G1 X32.35634609372201 Y176.9703767743776 F300
G1 X32.40600507809643 Y176.9181711754199 F300
G1 X31.819010416645067 Y174.5746491051352 F300
G1 X31.790997656228726 Y174.37983308951252 F300
G1 X31.908778580706496 Y174.20475333691044 F300
G1 X32.10232128903753 Y174.36646336295019 F300
G1 X32.2150089843487 Y174.7420890139874 F300
G1 X32.24684166663998 Y174.76564519888296 F300
G1 X32.29650065101439 Y174.76564519888296 F300
G1 X32.32196679684742 Y174.75163881867476 F300
G1 X32.332153255180636 Y174.72617267284173 F300
G1 X32.176173111953325 Y174.26905535513885 F300
G1 X31.90050208331076 Y174.0971588707659 F300
G1 X31.657937044251142 Y174.17737723013997 F300
G1 X31.526786393211026 Y174.39192950878325 F300
G1 X30.999637174467292 Y174.0971588707659 F300
M3 S90
G4 P0.2
G0 X31.003457096342245 Y174.20475333691044
M3 S30
G4 P0.2
G1 X31.288677929672193 Y174.3148944176383 F300
G1 X31.526786393211026 Y174.5746491051352 F300
G1 X31.530606315085986 Y174.59056544628086 F300
G1 X31.753435091125006 Y175.48824708689523 F300
G1 X31.647750585917926 Y175.7346320478298 F300
G1 X31.43128834633717 Y175.8384065920994 F300
G1 X31.175353580715203 Y175.72571889678824 F300
G1 X30.975444335925914 Y175.46023432647885 F300
G1 X30.823284114573553 Y175.01266681346334 F300
G1 X30.750705598949413 Y174.57082918326026 F300
G1 X30.811187695302863 Y174.31680437857577 F300
G1 X31.003457096342245 Y174.20475333691044 F300;svg > g > g > g#figure_1 > g#text_1 > g > use > path#Cmmi10-74
M3 S90
G4 P0.2
G0 X32.66265606815588 Y174.47342117544892
M3 S30
G4 P0.2
G1 X32.67475248742657 Y174.5867455244059 F300
G1 X32.96888647179807 Y175.75627827178783 F300
G1 X32.541055221803155 Y175.75627827178783 F300
G1 X32.499672734824486 Y175.81039383168306 F300
G1 X32.553151641073846 Y175.89952534209866 F300
G1 X33.004539075964324 Y175.89952534209866 F300
G1 X33.16815906294154 Y176.5641917483408 F300
G1 X33.23182442752412 Y176.65586987333967 F300
G1 X33.33878224002285 Y176.69343243844338 F300
G1 X33.42536713585516 Y176.66223640979794 F300
G1 X33.46038308637558 Y176.58010808948643 F300
G1 X33.459109779083924 Y176.5610084801116 F300
G1 X33.45656316450062 Y176.54636544625762 F300
G1 X33.29357983116922 Y175.89952534209866 F300
G1 X33.71313458376841 Y175.89952534209866 F300
G1 X33.755153724392905 Y175.8460464358493 F300
G1 X33.74687722699717 Y175.81166713897468 F300
G1 X33.73096088585153 Y175.7721946129335 F300
G1 X33.70103816449772 Y175.75627827178783 F300
G1 X33.25729057335715 Y175.75627827178783 F300
G1 X32.96506654992312 Y174.5784690270102 F300
G1 X32.93514382856931 Y174.37983308951252 F300
G1 X33.054834713984555 Y174.20475333691044 F300
G1 X33.37188822960579 Y174.37282989940846 F300
G1 X33.583893893665774 Y174.7420890139874 F300
G1 X33.61572657595706 Y174.76564519888296 F300
G1 X33.66538556033147 Y174.76564519888296 F300
G1 X33.6908517061645 Y174.75482208690394 F300
G1 X33.70103816449772 Y174.72999259471672 F300
G1 X33.69721824262276 Y174.71789617544601 F300
G1 X33.4361902478342 Y174.28433504263867 F300
G1 X33.044648255651346 Y174.0971588707659 F300
G1 X32.77279714888374 Y174.20220672232713 F300
G1 X32.66265606815588 Y174.47342117544892 F300;svg > g > g > g#figure_1 > g#text_1 > g > use > path#Cmr10-3d
M3 S90
G4 P0.2
G0 X36.30349636759182 Y177.3796540890186
M3 S30
G4 P0.2
G1 X36.22345990925943 Y177.41603429735147 F300
G1 X36.192536732176464 Y177.49607075568386 F300
G1 X36.22345990925943 Y177.5779262244329 F300
G1 X36.30349636759182 Y177.61248742234918 F300
G1 X39.95879779984007 Y177.61248742234918 F300
G1 X40.0324677217142 Y177.5779262244329 F300
G1 X40.064300404005486 Y177.49607075568386 F300
G1 X40.0324677217142 Y177.41603429735147 F300
G1 X39.95879779984007 Y177.3796540890186 F300
G1 X36.30349636759182 Y177.3796540890186 F300
M3 S90
G4 P0.2
G0 X36.30349636759182 Y178.51107856817183
M3 S30
G4 P0.2
G1 X36.22345990925943 Y178.5447302608798 F300
G1 X36.192536732176464 Y178.6274952348371 F300
G1 X36.22345990925943 Y178.70662218796116 F300
G1 X36.30349636759182 Y178.7439119015024 F300
G1 X39.95879779984007 Y178.7439119015024 F300
G1 X40.0324677217142 Y178.70662218796116 F300
G1 X40.064300404005486 Y178.6274952348371 F300
G1 X40.0324677217142 Y178.5447302608798 F300
G1 X39.95879779984007 Y178.51107856817183 F300
G1 X36.30349636759182 Y178.51107856817183 F300;svg > g > g > g#figure_1 > g#text_1 > g > use > path#Cmr10-33
M3 S90
G4 P0.2
G0 X41.96391574156626 Y177.05587023485577
M3 S30
G4 P0.2
G1 X42.33044634052024 Y176.76028104215095 F300
G1 X42.82521717384769 Y176.66387349006874 F300
G1 X43.30543592384199 Y176.952186641107 F300
G1 X43.44822824154863 Y177.60703039109924 F300
G1 X43.41821456967399 Y177.93627127651195 F300
G1 X43.31725949155019 Y178.243684036925 F300
G1 X43.12262537696916 Y178.47106033900565 F300
G1 X42.81976014259776 Y178.55655382858794 F300
G1 X42.43322042906068 Y178.55655382858794 F300
G1 X42.38228813739462 Y178.61021463587898 F300
G1 X42.38228813739462 Y178.66114692754505 F300
G1 X42.43322042906068 Y178.70662218796116 F300
G1 X42.754275767598536 Y178.7329978390025 F300
G1 X43.093521210302846 Y178.8857947140007 F300
G1 X43.29179334571715 Y179.25960135462128 F300
G1 X43.35454920509141 Y179.67888325565798 F300
G1 X43.223580455092964 Y180.1363643754442 F300
G1 X42.82521717384769 Y180.3155369014837 F300
G1 X42.40229725197772 Y180.23186242231807 F300
G1 X42.08124191343986 Y179.97720096398774 F300
G1 X42.10034152281464 Y179.98174849002936 F300
G1 X42.12035063739773 Y179.98356750044601 F300
G1 X42.339541392603465 Y179.89261697961376 F300
G1 X42.42776339781075 Y179.67342622440802 F300
G1 X42.339541392603465 Y179.45696398482724 F300
G1 X42.12035063739773 Y179.366013463995 F300
G1 X41.902069387400324 Y179.45696398482724 F300
G1 X41.811118866568066 Y179.67342622440802 F300
G1 X41.96118722594129 Y180.1081697139862 F300
G1 X42.34954594989501 Y180.38829731814954 F300
G1 X42.82521717384769 Y180.4837953650234 F300
G1 X43.197204804051616 Y180.43104406294069 F300
G1 X43.552821340505716 Y180.28006619835918 F300
G1 X43.81293983008597 Y180.02813325565378 F300
G1 X43.91389490820977 Y179.67888325565798 F300
G1 X43.80475428321107 Y179.22685916712166 F300
G1 X43.504617564464624 Y178.86851411504256 F300
G1 X43.08715467384459 Y178.64477583379525 F300
G1 X43.56737342383888 Y178.4537797400475 F300
G1 X43.93208501237622 Y178.08997765671847 F300
G1 X44.07032980404125 Y177.61248742234918 F300
G1 X43.89388579362667 Y177.03131359423108 F300
G1 X43.4309476425905 Y176.62476476611093 F300
G1 X42.82521717384769 Y176.47833442757096 F300
G1 X42.27769503843753 Y176.58292752652804 F300
G1 X41.82930897073452 Y176.89397830777438 F300
G1 X41.65468397073659 Y177.39147765672678 F300
G1 X41.751091522818776 Y177.63249653693228 F300
G1 X41.99301990823257 Y177.72890408901443 F300
G1 X42.16491639260554 Y177.68524783901495 F300
G1 X42.28679009052076 Y177.5615551306831 F300
G1 X42.33135584572857 Y177.39147765672678 F300
G1 X42.231310272813076 Y177.152277786938 F300
G1 X41.99301990823257 Y177.05587023485577 F300
G1 X41.96391574156626 Y177.05587023485577 F300;svg > g > g > g#figure_1 > g#text_1 > g > use > path#Cmmi10-74
M3 S90
G4 P0.2
G0 X44.68151730403399 Y177.07860786506384
M3 S30
G4 P0.2
G1 X44.69879790299211 Y177.24049979214524 F300
G1 X45.11898930923713 Y178.91126085983376 F300
G1 X44.50780180924438 Y178.91126085983376 F300
G1 X44.448683970703414 Y178.98856880254115 F300
G1 X44.525082408202515 Y179.1158995317063 F300
G1 X45.16992160090319 Y179.1158995317063 F300
G1 X45.403664439442075 Y180.06542296919503 F300
G1 X45.49461496027433 Y180.19639171919346 F300
G1 X45.647411835272514 Y180.25005252648452 F300
G1 X45.77110454360437 Y180.2054867712767 F300
G1 X45.82112733006211 Y180.0881605994031 F300
G1 X45.81930831964547 Y180.0608754431534 F300
G1 X45.815670298812186 Y180.03995682336202 F300
G1 X45.58283696548161 Y179.1158995317063 F300
G1 X46.182200897766165 Y179.1158995317063 F300
G1 X46.24222824151545 Y179.03950109420725 F300
G1 X46.230404673807264 Y178.9903878129578 F300
G1 X46.207667043599194 Y178.93399849004183 F300
G1 X46.164920298808035 Y178.91126085983376 F300
G1 X45.53099516860723 Y178.91126085983376 F300
G1 X45.1135322779872 Y177.22867622443707 F300
G1 X45.07078553319602 Y176.94491059944042 F300
G1 X45.24177251236067 Y176.69479666715173 F300
G1 X45.69470610610529 Y176.9349060421489 F300
G1 X45.99757134047669 Y177.46241906297595 F300
G1 X46.04304660089282 Y177.49607075568386 F300
G1 X46.11398800714198 Y177.49607075568386 F300
G1 X46.15036821547488 Y177.4806091671424 F300
G1 X46.164920298808035 Y177.4451384640178 F300
G1 X46.1594632675581 Y177.42785786505968 F300
G1 X45.786566132145865 Y176.80848481819206 F300
G1 X45.227220429027504 Y176.5410902869452 F300
G1 X44.83886170507378 Y176.69115864631843 F300
G1 X44.68151730403399 Y177.07860786506384 F300;svg > g > g > g#figure_1 > g#text_1 > g > use > path#Cmr10-32
M3 S90
G4 P0.2
G0 X47.215821727066384 Y178.8338619375013
M3 S30
G4 P0.2
G1 X47.215821727066384 Y178.94336636458337 F300
G1 X47.2234615708163 Y178.9650125885414 F300
G1 X47.856295294767115 Y179.66533159894976 F300
G1 X48.088673875493534 Y179.92572294009256 F300
G1 X48.26566358903309 Y180.168924632798 F300
G1 X48.404454083823104 Y180.44841558331547 F300
G1 X48.45538637548917 Y180.74955275779107 F300
G1 X48.39363097184406 Y181.0691528879956 F300
G1 X48.20963806820043 Y181.31299123434687 F300
G1 X47.91423077653726 Y181.4046693593458 F300
G1 X47.59590395362438 Y181.29771154684707 F300
G1 X47.39663136248091 Y181.02267717185032 F300
G1 X47.440560464042896 Y181.02649709372528 F300
G1 X47.59654060727021 Y180.96474169008016 F300
G1 X47.66147927914443 Y180.80557827862373 F300
G1 X47.59654060727021 Y180.6470515208131 F300
G1 X47.440560464042896 Y180.5827495025847 F300
G1 X47.2801237452948 Y180.6489614817506 F300
G1 X47.215821727066384 Y180.80557827862373 F300
G1 X47.27312055519071 Y181.09270907289115 F300
G1 X47.439287156751234 Y181.33145419007582 F300
G1 X47.68439881039416 Y181.49189090882393 F300
G1 X47.97343956559906 Y181.5479164296566 F300
G1 X48.40700069840641 Y181.4492351145536 F300
G1 X48.725327521319294 Y181.17038081768192 F300
G1 X48.84310844579707 Y180.74955275779107 F300
G1 X48.765436701006315 Y180.41339963279503 F300
G1 X48.566164109862854 Y180.12372222394436 F300
G1 X48.2561137843457 Y179.82831493228116 F300
G1 X48.00781886247365 Y179.60803277082545 F300
G1 X47.546244969249976 Y179.16428517968492 F300
G1 X47.93778696143282 Y179.16428517968492 F300
G1 X48.42037042496876 Y179.16874175520567 F300
G1 X48.62600955257047 Y179.18402144270547 F300
G1 X48.724054214027646 Y179.56028374738852 F300
G1 X48.84310844579707 Y179.56028374738852 F300
G1 X48.727874135902596 Y178.8338619375013 F300
G1 X47.215821727066384 Y178.8338619375013 F300;svg > g > g > g#figure_1 > g#text_1 > g > use > path#Cmmi10-3a
M3 S90
G4 P0.2
G0 X49.9105492480969 Y176.92763000048228
M3 S30
G4 P0.2
G1 X50.00695680017908 Y177.152277786938 F300
G1 X50.231604586634745 Y177.2459568233952 F300
G1 X50.38712997725789 Y177.203210078604 F300
G1 X50.50718466475647 Y177.08406489631375 F300
G1 X50.54993140954763 Y176.92763000048228 F300
G1 X50.45534286788209 Y176.70298221402663 F300
G1 X50.231604586634745 Y176.60657466194442 F300
G1 X50.00695680017908 Y176.70298221402663 F300
G1 X49.9105492480969 Y176.92763000048228 F300;svg > g > g > g#figure_1 > g#text_1 > g > path
M3 S90
G4 P0.2
G0 X29.999999999999996 Y177.33417882860246
M3 S30
G4 P0.2
G1 X29.999999999999996 Y177.69798091193147 F300
G1 X34.116363703326115 Y177.69798091193147 F300
G1 X34.116363703326115 Y177.33417882860246 F300
G1 X29.999999999999996 Y177.33417882860246 F300;svg > g > g > g#layer1 > polyline
M3 S90
G4 P0.2
G0 X17.231072499973504 Y167.89761508168215
M3 S30
G4 P0.2
G1 X17.231072499973504 Y167.89761508168215 F300
G1 X17.04514979164238 Y167.71169237335099 F300
G1 X17.04514979164238 Y167.33984695668872 F300
G1 X17.231072499973504 Y167.1539242483576 F300
G1 X17.602917916635757 Y167.1539242483576 F300
G1 X17.78884062496688 Y167.52576966501988 F300
G1 X17.78884062496688 Y167.89761508168215 F300
G1 X17.602917916635757 Y168.26946049834436 F300
G1 X17.231072499973504 Y168.4553832066755 F300
G1 X16.67330437498013 Y168.4553832066755 F300
G1 X16.301458958317877 Y168.26946049834436 F300
G1 X16.115536249986754 Y168.08353779001325 F300
G1 X15.929613541655625 Y167.71169237335099 F300
G1 X15.929613541655625 Y167.33984695668872 F300
G1 X16.115536249986754 Y166.9680015400265 F300
G1 X16.487381666649007 Y166.78207883169534 F300;svg > g > g > g#layer1 > polyline
M3 S90
G4 P0.2
G0 X16.67330437498013 Y168.4553832066755
M3 S30
G4 P0.2
G1 X16.67330437498013 Y168.4553832066755 F300
G1 X16.301458958317877 Y168.08353779001325 F300
G1 X16.115536249986754 Y167.71169237335099 F300
G1 X16.115536249986754 Y167.1539242483576 F300
G1 X16.487381666649007 Y166.78207883169534 F300;svg > g > g > g#layer1 > polyline
M3 S90
G4 P0.2
G0 X16.487381666649007 Y166.78207883169534
M3 S30
G4 P0.2
G1 X16.487381666649007 Y166.78207883169534 F300
G1 X16.115536249986754 Y166.78207883169534 F300
G1 X15.557768124993377 Y166.59615612336427 F300
G1 X15.185922708331125 Y166.224310706702 F300
G1 X14.999999999999998 Y165.85246529003973 F300
G1 X14.999999999999998 Y165.294670706713 F300
G1 X15.185922708331125 Y164.92282529005078 F300
G1 X15.37184541666225 Y164.73690258171968 F300
G1 X15.7436908333245 Y164.55097987338854 F300
G1 X16.301458958317877 Y164.55097987338854 F300
G1 X16.859227083311254 Y164.73690258171968 F300
G1 X17.231072499973504 Y165.10874799838192 F300
G1 X17.41699520830463 Y165.48059341504418 F300
G1 X17.41699520830463 Y165.85246529003973 F300
G1 X17.231072499973504 Y166.224310706702 F300
G1 X16.859227083311254 Y166.224310706702 F300
G1 X16.487381666649007 Y166.03838799837087 F300
G1 X16.301458958317877 Y165.6665161233753 F300;svg > g > g > g#layer1 > polyline
M3 S90
G4 P0.2
G0 X16.115536249986754 Y166.78207883169534
M3 S30
G4 P0.2
G1 X16.115536249986754 Y166.78207883169534 F300
G1 X15.7436908333245 Y166.59615612336427 F300
G1 X15.37184541666225 Y166.224310706702 F300
G1 X15.185922708331125 Y165.85246529003973 F300
G1 X15.185922708331125 Y165.10874799838192 F300
G1 X15.37184541666225 Y164.73690258171968 F300;svg > g > g > g#layer1 > polyline
M3 S90
G4 P0.2
G0 X18.160686041629134 Y165.48059341504418
M3 S30
G4 P0.2
G1 X18.160686041629134 Y165.48059341504418 F300
G1 X18.532557916624715 Y166.03838799837087 F300
G1 X18.904403333286968 Y166.224310706702 F300
G1 X19.276248749949218 Y166.224310706702 F300
G1 X19.462171458280345 Y166.03838799837087 F300
G1 X19.462171458280345 Y165.6665161233753 F300
G1 X19.276248749949218 Y165.10874799838192 F300
G1 X19.09032604161809 Y164.73690258171968 F300
G1 X18.718480624955845 Y164.55097987338854 F300
G1 X18.532557916624715 Y164.55097987338854 F300
G1 X18.346608749960257 Y164.73690258171968 F300
G1 X18.346608749960257 Y164.92282529005078 F300
G1 X18.532557916624715 Y164.92282529005078 F300
G1 X18.346608749960257 Y164.73690258171968 F300;svg > g > g > g#layer1 > polyline
M3 S90
G4 P0.2
G0 X20.5777077082671 Y166.03838799837087
M3 S30
G4 P0.2
G1 X20.5777077082671 Y166.03838799837087 F300
G1 X20.39178499993597 Y165.85246529003973 F300
G1 X20.5777077082671 Y165.85246529003973 F300
G1 X20.5777077082671 Y166.03838799837087 F300
G1 X20.39178499993597 Y166.224310706702 F300
G1 X20.205862291604845 Y166.224310706702 F300
G1 X19.834016874942595 Y166.03838799837087 F300
G1 X19.648094166611468 Y165.6665161233753 F300
G1 X19.462171458280345 Y165.10874799838192 F300
G1 X19.462171458280345 Y164.73690258171968 F300
G1 X19.648094166611468 Y164.55097987338854 F300
G1 X20.205862291604845 Y164.55097987338854 F300
G1 X20.76363041659822 Y164.92282529005078 F300
G1 X21.135475833260475 Y165.48059341504418 F300;svg > g > g > g#layer1 > line
M3 S90
G4 P0.2
G0 X19.462171458280345 Y166.03838799837087
M3 S30
G4 P0.2
G1 X19.648094166611468 Y165.6665161233753 F300;svg > g > g > g#layer1 > line
M3 S90
G4 P0.2
G0 X19.834016874942595 Y166.03838799837087
M3 S30
G4 P0.2
G1 X19.462171458280345 Y165.6665161233753 F300;svg > g > g > g#layer1 > line
M3 S90
G4 P0.2
G0 X19.276248749949218 Y165.10874799838192
M3 S30
G4 P0.2
G1 X19.462171458280345 Y164.73690258171968 F300;svg > g > g > g#layer1 > line
M3 S90
G4 P0.2
G0 X19.462171458280345 Y165.10874799838192
M3 S30
G4 P0.2
G1 X19.09032604161809 Y164.73690258171968 F300;svg > g > g > g#layer1 > polyline
M3 S90
G4 P0.2
G0 X22.994702916571725 Y165.6665161233753
M3 S30
G4 P0.2
G1 X22.994702916571725 Y165.6665161233753 F300
G1 X22.808780208240602 Y166.03838799837087 F300
G1 X22.436934791578352 Y166.224310706702 F300
G1 X22.065089374916102 Y166.224310706702 F300
G1 X21.693243958253852 Y166.03838799837087 F300
G1 X21.507321249922725 Y165.85246529003973 F300
G1 X21.3213985415916 Y165.48059341504418 F300
G1 X21.3213985415916 Y165.10874799838192 F300
G1 X21.507321249922725 Y164.73690258171968 F300
G1 X21.879166666584975 Y164.55097987338854 F300
G1 X22.251012083247225 Y164.55097987338854 F300
G1 X22.62285749990948 Y164.73690258171968 F300
G1 X22.808780208240602 Y165.10874799838192 F300;svg > g > g > g#layer1 > polyline
M3 S90
G4 P0.2
G0 X22.065089374916102 Y166.224310706702
M3 S30
G4 P0.2
G1 X22.065089374916102 Y166.224310706702 F300
G1 X21.693243958253852 Y165.85246529003973 F300
G1 X21.507321249922725 Y165.48059341504418 F300
G1 X21.507321249922725 Y164.92282529005078 F300
G1 X21.879166666584975 Y164.55097987338854 F300;svg > g > g > g#layer1 > polyline
M3 S90
G4 P0.2
G0 X23.180625624902856 Y166.224310706702
M3 S30
G4 P0.2
G1 X23.180625624902856 Y166.224310706702 F300
G1 X22.808780208240602 Y165.10874799838192 F300
G1 X22.808780208240602 Y164.73690258171968 F300
G1 X23.180625624902856 Y164.55097987338854 F300
G1 X23.552471041565106 Y164.73690258171968 F300
G1 X23.738393749896233 Y164.92282529005078 F300
G1 X24.110239166558483 Y165.48059341504418 F300;svg > g > g > g#layer1 > polyline
M3 S90
G4 P0.2
G0 X23.36654833323398 Y166.224310706702
M3 S30
G4 P0.2
G1 X23.36654833323398 Y166.224310706702 F300
G1 X22.994702916571725 Y165.10874799838192 F300
G1 X22.994702916571725 Y164.73690258171968 F300
G1 X23.180625624902856 Y164.55097987338854 F300;svg > g > g > g#layer1 > polyline
M3 S90
G4 P0.2
G0 X24.110239166558483 Y165.48059341504418
M3 S30
G4 P0.2
G1 X24.110239166558483 Y165.48059341504418 F300
G1 X24.482084583220733 Y166.03838799837087 F300
G1 X24.853929999882986 Y166.224310706702 F300
G1 X25.225775416545236 Y166.03838799837087 F300
G1 X25.225775416545236 Y165.6665161233753 F300
G1 X24.853929999882986 Y164.55097987338854 F300;svg > g > g > g#layer1 > polyline
M3 S90
G4 P0.2
G0 X24.853929999882986 Y166.224310706702
M3 S30
G4 P0.2
G1 X24.853929999882986 Y166.224310706702 F300
G1 X25.03985270821411 Y166.03838799837087 F300
G1 X25.03985270821411 Y165.6665161233753 F300
G1 X24.66800729155186 Y164.55097987338854 F300;svg > g > g > g#layer1 > polyline
M3 S90
G4 P0.2
G0 X25.225775416545236 Y165.6665161233753
M3 S30
G4 P0.2
G1 X25.225775416545236 Y165.6665161233753 F300
G1 X25.597647291540817 Y166.03838799837087 F300
G1 X25.96949270820307 Y166.224310706702 F300
G1 X26.155415416534193 Y166.224310706702 F300
G1 X26.52726083319645 Y166.03838799837087 F300
G1 X26.52726083319645 Y165.6665161233753 F300
G1 X26.155415416534193 Y164.55097987338854 F300;svg > g > g > g#layer1 > polyline
M3 S90
G4 P0.2
G0 X26.155415416534193 Y166.224310706702
M3 S30
G4 P0.2
G1 X26.155415416534193 Y166.224310706702 F300
G1 X26.341338124865324 Y166.03838799837087 F300
G1 X26.341338124865324 Y165.6665161233753 F300
G1 X25.96949270820307 Y164.55097987338854 F300;svg > g > g > g#layer1 > polyline
M3 S90
G4 P0.2
G0 X26.52726083319645 Y165.6665161233753
M3 S30
G4 P0.2
G1 X26.52726083319645 Y165.6665161233753 F300
G1 X26.899106249858697 Y166.03838799837087 F300
G1 X27.270951666520947 Y166.224310706702 F300
G1 X27.456874374852077 Y166.224310706702 F300
G1 X27.828719791514324 Y166.03838799837087 F300
G1 X27.828719791514324 Y165.6665161233753 F300
G1 X27.642797083183194 Y165.10874799838192 F300
G1 X27.642797083183194 Y164.73690258171968 F300
G1 X27.828719791514324 Y164.55097987338854 F300;svg > g > g > g#layer1 > polyline
M3 S90
G4 P0.2
G0 X27.456874374852077 Y166.224310706702
M3 S30
G4 P0.2
G1 X27.456874374852077 Y166.224310706702 F300
G1 X27.642797083183194 Y166.03838799837087 F300
G1 X27.642797083183194 Y165.6665161233753 F300
G1 X27.456874374852077 Y165.10874799838192 F300
G1 X27.456874374852077 Y164.73690258171968 F300
G1 X27.828719791514324 Y164.55097987338854 F300
G1 X28.200565208176574 Y164.73690258171968 F300
G1 X28.386487916507704 Y164.92282529005078 F300
G1 X28.758333333169954 Y165.48059341504418 F300;svg > g > g > g#layer1 > polyline
M3 S90
G4 P0.2
G0 X28.758333333169954 Y165.48059341504418
M3 S30
G4 P0.2
G1 X28.758333333169954 Y165.48059341504418 F300
G1 X29.1301787498322 Y166.03838799837087 F300
G1 X29.502024166494454 Y166.78207883169534 F300;svg > g > g > g#layer1 > line
M3 S90
G4 P0.2
G0 X29.68794687482558 Y167.33984695668872
M3 S30
G4 P0.2
G1 X28.014642499845458 Y162.31990737341502 F300;svg > g > g > g#layer1 > line
M3 S90
G4 P0.2
G0 X29.873869583156704 Y167.33984695668872
M3 S30
G4 P0.2
G1 X28.200565208176574 Y162.31990737341502 F300;svg > g > g > g#layer1 > polyline
M3 S90
G4 P0.2
G0 X29.316101458163324 Y165.6665161233753
M3 S30
G4 P0.2
G1 X29.316101458163324 Y165.6665161233753 F300
G1 X29.68794687482558 Y166.03838799837087 F300
G1 X30.059792291487835 Y166.224310706702 F300
G1 X30.24571499981896 Y166.224310706702 F300
G1 X30.617560416481208 Y166.03838799837087 F300
G1 X30.617560416481208 Y165.6665161233753 F300
G1 X30.431637708150085 Y165.10874799838192 F300
G1 X30.431637708150085 Y164.73690258171968 F300
G1 X30.617560416481208 Y164.55097987338854 F300;svg > g > g > g#layer1 > polyline
M3 S90
G4 P0.2
G0 X30.24571499981896 Y166.224310706702
M3 S30
G4 P0.2
G1 X30.24571499981896 Y166.224310706702 F300
G1 X30.431637708150085 Y166.03838799837087 F300
G1 X30.431637708150085 Y165.6665161233753 F300
G1 X30.24571499981896 Y165.10874799838192 F300
G1 X30.24571499981896 Y164.73690258171968 F300
G1 X30.617560416481208 Y164.55097987338854 F300
G1 X30.989405833143454 Y164.73690258171968 F300
G1 X31.175328541474585 Y164.92282529005078 F300
G1 X31.54717395813683 Y165.48059341504418 F300;svg > g > g > g#layer1 > polyline
M3 S90
G4 P0.2
G0 X31.54717395813683 Y165.48059341504418
M3 S30
G4 P0.2
G1 X31.54717395813683 Y165.48059341504418 F300
G1 X31.91901937479908 Y166.03838799837087 F300
G1 X32.290891249794676 Y166.78207883169534 F300;svg > g > g > g#layer1 > polyline
M3 S90
G4 P0.2
G0 X32.84865937478804 Y168.4553832066755
M3 S30
G4 P0.2
G1 X32.84865937478804 Y168.4553832066755 F300
G1 X31.733096666467965 Y165.10874799838192 F300
G1 X31.733096666467965 Y164.73690258171968 F300
G1 X32.10494208313022 Y164.55097987338854 F300
G1 X32.476813958125796 Y164.73690258171968 F300
G1 X32.66273666645692 Y164.92282529005078 F300
G1 X33.03458208311917 Y165.48059341504418 F300;svg > g > g > g#layer1 > polyline
M3 S90
G4 P0.2
G0 X33.03458208311917 Y168.4553832066755
M3 S30
G4 P0.2
G1 X33.03458208311917 Y168.4553832066755 F300
G1 X31.91901937479908 Y165.10874799838192 F300
G1 X31.91901937479908 Y164.73690258171968 F300
G1 X32.10494208313022 Y164.55097987338854 F300;svg > g > g > g#layer1 > polyline
M3 S90
G4 P0.2
G0 X33.59235020811255 Y164.92282529005078
M3 S30
G4 P0.2
G1 X33.59235020811255 Y164.92282529005078 F300
G1 X33.964195624774796 Y165.10874799838192 F300
G1 X34.15011833310592 Y165.294670706713 F300
G1 X34.336041041437056 Y165.6665161233753 F300
G1 X34.336041041437056 Y166.03838799837087 F300
G1 X34.15011833310592 Y166.224310706702 F300
G1 X33.964195624774796 Y166.224310706702 F300
G1 X33.59235020811255 Y166.03838799837087 F300
G1 X33.40642749978143 Y165.85246529003973 F300
G1 X33.220504791450296 Y165.48059341504418 F300
G1 X33.220504791450296 Y165.10874799838192 F300
G1 X33.40642749978143 Y164.73690258171968 F300
G1 X33.778272916443676 Y164.55097987338854 F300
G1 X34.336041041437056 Y164.55097987338854 F300
G1 X34.89380916643043 Y164.92282529005078 F300
G1 X35.265654583092676 Y165.48059341504418 F300;svg > g > g > g#layer1 > polyline
M3 S90
G4 P0.2
G0 X33.964195624774796 Y166.224310706702
M3 S30
G4 P0.2
G1 X33.964195624774796 Y166.224310706702 F300
G1 X33.59235020811255 Y165.85246529003973 F300
G1 X33.40642749978143 Y165.48059341504418 F300
G1 X33.40642749978143 Y164.92282529005078 F300
G1 X33.778272916443676 Y164.55097987338854 F300;svg > g > g > g#layer1 > polygon
M3 S90
G4 P0.2
G0 X36.38119083307942 Y167.1539242483576
M3 S30
G4 P0.2
G1 X36.38119083307942 Y167.1539242483576 F300
G1 X36.1952681247483 Y166.9680015400265 F300
G1 X36.38119083307942 Y166.78207883169534 F300
G1 X36.567113541410556 Y166.9680015400265 F300
G1 X36.38119083307942 Y167.1539242483576 F300;svg > g > g > g#layer1 > polyline
M3 S90
G4 P0.2
G0 X35.82342270808605 Y164.92282529005078
M3 S30
G4 P0.2
G1 X35.82342270808605 Y164.92282529005078 F300
G1 X35.63749999975493 Y164.73690258171968 F300
G1 X35.82342270808605 Y164.55097987338854 F300
G1 X36.00934541641718 Y164.73690258171968 F300;svg > g > g > g#layer1 > polyline
M3 S90
G4 P0.2
G0 X43.260357499664416 Y168.08353779001325
M3 S30
G4 P0.2
G1 X43.260357499664416 Y168.08353779001325 F300
G1 X43.07443479133328 Y167.71169237335099 F300
G1 X42.702589374671035 Y166.78207883169534 F300
G1 X42.33074395800878 Y165.6665161233753 F300
G1 X42.144821249677655 Y165.294670706713 F300
G1 X41.7729758330154 Y164.73690258171968 F300
G1 X41.401130416353155 Y164.55097987338854 F300;svg > g > g > g#layer1 > polyline
M3 S90
G4 P0.2
G0 X42.144821249677655 Y167.33984695668872
M3 S30
G4 P0.2
G1 X42.144821249677655 Y167.33984695668872 F300
G1 X41.958898541346535 Y166.9680015400265 F300
G1 X41.58705312468428 Y166.78207883169534 F300
G1 X41.21520770802202 Y166.78207883169534 F300
G1 X41.02928499969091 Y167.1539242483576 F300
G1 X41.02928499969091 Y167.52576966501988 F300
G1 X41.21520770802202 Y167.89761508168215 F300
G1 X41.58705312468428 Y168.26946049834436 F300
G1 X42.144821249677655 Y168.4553832066755 F300
G1 X44.00404833298891 Y168.4553832066755 F300
G1 X43.446280207995535 Y168.26946049834436 F300
G1 X43.260357499664416 Y168.08353779001325 F300
G1 X43.07443479133328 Y167.52576966501988 F300
G1 X42.702589374671035 Y166.03838799837087 F300
G1 X42.5166666663399 Y165.48059341504418 F300
G1 X42.33074395800878 Y165.10874799838192 F300
G1 X41.958898541346535 Y164.73690258171968 F300
G1 X41.401130416353155 Y164.55097987338854 F300
G1 X41.02928499969091 Y164.55097987338854 F300
G1 X40.65743958302865 Y164.73690258171968 F300
G1 X40.47151687469752 Y164.92282529005078 F300
G1 X40.47151687469752 Y165.10874799838192 F300
G1 X40.65743958302865 Y165.294670706713 F300
G1 X40.84336229135978 Y165.10874799838192 F300
G1 X40.65743958302865 Y164.92282529005078 F300;svg > g > g > g#layer1 > polyline
M3 S90
G4 P0.2
G0 X42.5166666663399 Y168.4553832066755
M3 S30
G4 P0.2
G1 X42.5166666663399 Y168.4553832066755 F300
G1 X43.260357499664416 Y168.26946049834436 F300
G1 X43.446280207995535 Y168.26946049834436 F300;svg > g > g > g#layer1 > polyline
M3 S90
G4 P0.2
G0 X41.7729758330154 Y166.03838799837087
M3 S30
G4 P0.2
G1 X41.7729758330154 Y166.03838799837087 F300
G1 X41.958898541346535 Y166.224310706702 F300
G1 X42.33074395800878 Y166.41023341503313 F300
G1 X43.07443479133328 Y166.41023341503313 F300
G1 X43.446280207995535 Y166.59615612336427 F300
G1 X43.81812562465778 Y167.1539242483576 F300
G1 X43.446280207995535 Y165.85246529003973 F300;svg > g > g > g#layer1 > polygon
M3 S90
G4 P0.2
G0 X45.11958458297566 Y167.33984695668872
M3 S30
G4 P0.2
G1 X45.11958458297566 Y167.33984695668872 F300
G1 X44.93366187464453 Y167.1539242483576 F300
G1 X45.11958458297566 Y166.9680015400265 F300
G1 X45.30550729130678 Y167.1539242483576 F300
G1 X45.11958458297566 Y167.33984695668872 F300;svg > g > g > g#layer1 > polyline
M3 S90
G4 P0.2
G0 X44.747739166313416 Y166.224310706702
M3 S30
G4 P0.2
G1 X44.747739166313416 Y166.224310706702 F300
G1 X44.37589374965117 Y165.10874799838192 F300
G1 X44.37589374965117 Y164.73690258171968 F300
G1 X44.747739166313416 Y164.55097987338854 F300
G1 X45.11958458297566 Y164.73690258171968 F300
G1 X45.30550729130678 Y164.92282529005078 F300
G1 X45.67735270796904 Y165.48059341504418 F300;svg > g > g > g#layer1 > polyline
M3 S90
G4 P0.2
G0 X44.93366187464453 Y166.224310706702
M3 S30
G4 P0.2
G1 X44.93366187464453 Y166.224310706702 F300
G1 X44.56181645798228 Y165.10874799838192 F300
G1 X44.56181645798228 Y164.73690258171968 F300
G1 X44.747739166313416 Y164.55097987338854 F300;svg > g > g > g#layer1 > polyline
M3 S90
G4 P0.2
G0 X45.67735270796904 Y165.48059341504418
M3 S30
G4 P0.2
G1 X45.67735270796904 Y165.48059341504418 F300
G1 X46.04922458296462 Y166.03838799837087 F300
G1 X46.42106999962688 Y166.224310706702 F300
G1 X46.79291541628912 Y166.03838799837087 F300
G1 X46.79291541628912 Y165.6665161233753 F300
G1 X46.42106999962688 Y164.55097987338854 F300;svg > g > g > g#layer1 > polyline
M3 S90
G4 P0.2
G0 X46.42106999962688 Y166.224310706702
M3 S30
G4 P0.2
G1 X46.42106999962688 Y166.224310706702 F300
G1 X46.606992707958 Y166.03838799837087 F300
G1 X46.606992707958 Y165.6665161233753 F300
G1 X46.235147291295746 Y164.55097987338854 F300;svg > g > g > g#layer1 > polyline
M3 S90
G4 P0.2
G0 X46.79291541628912 Y165.6665161233753
M3 S30
G4 P0.2
G1 X46.79291541628912 Y165.6665161233753 F300
G1 X47.16476083295137 Y166.03838799837087 F300
G1 X47.536606249613634 Y166.224310706702 F300
G1 X47.72252895794475 Y166.224310706702 F300
G1 X48.09437437460701 Y166.03838799837087 F300
G1 X48.09437437460701 Y165.6665161233753 F300
G1 X47.90845166627587 Y165.10874799838192 F300
G1 X47.90845166627587 Y164.73690258171968 F300
G1 X48.09437437460701 Y164.55097987338854 F300;svg > g > g > g#layer1 > polyline
M3 S90
G4 P0.2
G0 X47.72252895794475 Y166.224310706702
M3 S30
G4 P0.2
G1 X47.72252895794475 Y166.224310706702 F300
G1 X47.90845166627587 Y166.03838799837087 F300
G1 X47.90845166627587 Y165.6665161233753 F300
G1 X47.72252895794475 Y165.10874799838192 F300
G1 X47.72252895794475 Y164.73690258171968 F300
G1 X48.09437437460701 Y164.55097987338854 F300
G1 X48.46621979126925 Y164.73690258171968 F300
G1 X48.65214249960039 Y164.92282529005078 F300
G1 X49.02398791626264 Y165.48059341504418 F300;svg > g > g > g#layer1 > polyline
M3 S90
G4 P0.2
G0 X50.8832149995739 Y165.6665161233753
M3 S30
G4 P0.2
G1 X50.8832149995739 Y165.6665161233753 F300
G1 X50.69729229124276 Y166.03838799837087 F300
G1 X50.3254468745805 Y166.224310706702 F300
G1 X49.95360145791826 Y166.224310706702 F300
G1 X49.581756041256 Y166.03838799837087 F300
G1 X49.39583333292488 Y165.85246529003973 F300
G1 X49.20991062459376 Y165.48059341504418 F300
G1 X49.20991062459376 Y165.10874799838192 F300
G1 X49.39583333292488 Y164.73690258171968 F300
G1 X49.76767874958713 Y164.55097987338854 F300
G1 X50.13952416624938 Y164.55097987338854 F300
G1 X50.511369582911634 Y164.73690258171968 F300
G1 X50.69729229124276 Y165.10874799838192 F300;svg > g > g > g#layer1 > polyline
M3 S90
G4 P0.2
G0 X49.95360145791826 Y166.224310706702
M3 S30
G4 P0.2
G1 X49.95360145791826 Y166.224310706702 F300
G1 X49.581756041256 Y165.85246529003973 F300
G1 X49.39583333292488 Y165.48059341504418 F300
G1 X49.39583333292488 Y164.92282529005078 F300
G1 X49.76767874958713 Y164.55097987338854 F300;svg > g > g > g#layer1 > polyline
M3 S90
G4 P0.2
G0 X51.812828541229514 Y168.4553832066755
M3 S30
G4 P0.2
G1 X51.812828541229514 Y168.4553832066755 F300
G1 X50.69729229124276 Y165.10874799838192 F300
G1 X50.69729229124276 Y164.73690258171968 F300
G1 X51.069137707905014 Y164.55097987338854 F300
G1 X51.44098312456727 Y164.73690258171968 F300
G1 X51.626905832898395 Y164.92282529005078 F300
G1 X51.998751249560634 Y165.48059341504418 F300;svg > g > g > g#layer1 > polyline
M3 S90
G4 P0.2
G0 X51.998751249560634 Y168.4553832066755
M3 S30
G4 P0.2
G1 X51.998751249560634 Y168.4553832066755 F300
G1 X50.8832149995739 Y165.10874799838192 F300
G1 X50.8832149995739 Y164.73690258171968 F300
G1 X51.069137707905014 Y164.55097987338854 F300;svg > g > g > g#layer1 > polyline
M3 S90
G4 P0.2
G0 X56.83276812450323 Y165.6665161233753
M3 S30
G4 P0.2
G1 X56.83276812450323 Y165.6665161233753 F300
G1 X56.64684541617211 Y166.03838799837087 F300
G1 X56.27499999950985 Y166.224310706702 F300
G1 X55.90315458284761 Y166.224310706702 F300
G1 X55.53130916618535 Y166.03838799837087 F300
G1 X55.34538645785424 Y165.85246529003973 F300
G1 X55.15946374952311 Y165.48059341504418 F300
G1 X55.15946374952311 Y165.10874799838192 F300
G1 X55.34538645785424 Y164.73690258171968 F300
G1 X55.71723187451648 Y164.55097987338854 F300
G1 X56.08907729117873 Y164.55097987338854 F300
G1 X56.460922707840986 Y164.73690258171968 F300
G1 X56.64684541617211 Y165.10874799838192 F300;svg > g > g > g#layer1 > polyline
M3 S90
G4 P0.2
G0 X55.90315458284761 Y166.224310706702
M3 S30
G4 P0.2
G1 X55.90315458284761 Y166.224310706702 F300
G1 X55.53130916618535 Y165.85246529003973 F300
G1 X55.34538645785424 Y165.48059341504418 F300
G1 X55.34538645785424 Y164.92282529005078 F300
G1 X55.71723187451648 Y164.55097987338854 F300;svg > g > g > g#layer1 > polyline
M3 S90
G4 P0.2
G0 X57.762381666158866 Y168.4553832066755
M3 S30
G4 P0.2
G1 X57.762381666158866 Y168.4553832066755 F300
G1 X56.64684541617211 Y165.10874799838192 F300
G1 X56.64684541617211 Y164.73690258171968 F300
G1 X57.018690832834366 Y164.55097987338854 F300
G1 X57.39053624949661 Y164.73690258171968 F300
G1 X57.57645895782775 Y164.92282529005078 F300
G1 X57.94830437448998 Y165.48059341504418 F300;svg > g > g > g#layer1 > polyline
M3 S90
G4 P0.2
G0 X57.94830437448998 Y168.4553832066755
M3 S30
G4 P0.2
G1 X57.94830437448998 Y168.4553832066755 F300
G1 X56.83276812450323 Y165.10874799838192 F300
G1 X56.83276812450323 Y164.73690258171968 F300
G1 X57.018690832834366 Y164.55097987338854 F300;svg > g > g > g#layer1 > polyline
M3 S90
G4 P0.2
G0 X58.506072499483366 Y164.92282529005078
M3 S30
G4 P0.2
G1 X58.506072499483366 Y164.92282529005078 F300
G1 X58.87791791614561 Y165.10874799838192 F300
G1 X59.06384062447674 Y165.294670706713 F300
G1 X59.24976333280787 Y165.6665161233753 F300
G1 X59.24976333280787 Y166.03838799837087 F300
G1 X59.06384062447674 Y166.224310706702 F300
G1 X58.87791791614561 Y166.224310706702 F300
G1 X58.506072499483366 Y166.03838799837087 F300
G1 X58.32014979115224 Y165.85246529003973 F300
G1 X58.134227082821106 Y165.48059341504418 F300
G1 X58.134227082821106 Y165.10874799838192 F300
G1 X58.32014979115224 Y164.73690258171968 F300
G1 X58.69199520781448 Y164.55097987338854 F300
G1 X59.24976333280787 Y164.55097987338854 F300
G1 X59.807557916134584 Y164.92282529005078 F300
G1 X60.17940333279683 Y165.48059341504418 F300;svg > g > g > g#layer1 > polyline
M3 S90
G4 P0.2
G0 X58.87791791614561 Y166.224310706702
M3 S30
G4 P0.2
G1 X58.87791791614561 Y166.224310706702 F300
G1 X58.506072499483366 Y165.85246529003973 F300
G1 X58.32014979115224 Y165.48059341504418 F300
G1 X58.32014979115224 Y164.92282529005078 F300
G1 X58.69199520781448 Y164.55097987338854 F300;svg > g > g > g#layer1 > polyline
M3 S90
G4 P0.2
G0 X60.17940333279683 Y165.48059341504418
M3 S30
G4 P0.2
G1 X60.17940333279683 Y165.48059341504418 F300
G1 X60.55124874945908 Y166.03838799837087 F300
G1 X60.92309416612133 Y166.224310706702 F300
G1 X61.294939582783584 Y166.03838799837087 F300
G1 X61.294939582783584 Y165.6665161233753 F300
G1 X60.92309416612133 Y164.55097987338854 F300;svg > g > g > g#layer1 > polyline
M3 S90
G4 P0.2
G0 X60.92309416612133 Y166.224310706702
M3 S30
G4 P0.2
G1 X60.92309416612133 Y166.224310706702 F300
G1 X61.10901687445245 Y166.03838799837087 F300
G1 X61.10901687445245 Y165.6665161233753 F300
G1 X60.73717145779022 Y164.55097987338854 F300;svg > g > g > g#layer1 > polyline
M3 S90
G4 P0.2
G0 X61.294939582783584 Y165.6665161233753
M3 S30
G4 P0.2
G1 X61.294939582783584 Y165.6665161233753 F300
G1 X61.666784999445824 Y166.03838799837087 F300
G1 X62.038630416108084 Y166.224310706702 F300
G1 X62.22455312443921 Y166.224310706702 F300
G1 X62.038630416108084 Y165.6665161233753 F300;svg > g > g > g#layer1 > polyline
M3 S90
G4 P0.2
G0 X62.038630416108084 Y166.224310706702
M3 S30
G4 P0.2
G1 X62.038630416108084 Y166.224310706702 F300
G1 X62.038630416108084 Y165.6665161233753 F300
G1 X62.22455312443921 Y165.294670706713 F300
G1 X62.410475832770345 Y165.294670706713 F300
G1 X62.782321249432584 Y165.48059341504418 F300;svg > g > g > g#layer1 > polygon
M3 S90
G4 P0.2
G0 X63.71193479108822 Y167.33984695668872
M3 S30
G4 P0.2
G1 X63.71193479108822 Y167.33984695668872 F300
G1 X63.526012082757084 Y167.1539242483576 F300
G1 X63.71193479108822 Y166.9680015400265 F300
G1 X63.897857499419345 Y167.1539242483576 F300
G1 X63.71193479108822 Y167.33984695668872 F300;svg > g > g > g#layer1 > polyline
M3 S90
G4 P0.2
G0 X63.34008937442595 Y166.224310706702
M3 S30
G4 P0.2
G1 X63.34008937442595 Y166.224310706702 F300
G1 X62.968243957763725 Y165.10874799838192 F300
G1 X62.968243957763725 Y164.73690258171968 F300
G1 X63.34008937442595 Y164.55097987338854 F300
G1 X63.71193479108822 Y164.73690258171968 F300
G1 X63.897857499419345 Y164.92282529005078 F300
G1 X64.26970291608158 Y165.48059341504418 F300;svg > g > g > g#layer1 > polyline
M3 S90
G4 P0.2
G0 X63.526012082757084 Y166.224310706702
M3 S30
G4 P0.2
G1 X63.526012082757084 Y166.224310706702 F300
G1 X63.154166666094845 Y165.10874799838192 F300
G1 X63.154166666094845 Y164.73690258171968 F300
G1 X63.34008937442595 Y164.55097987338854 F300;svg > g > g > g#layer1 > polyline
M3 S90
G4 P0.2
G0 X64.82747104107497 Y166.224310706702
M3 S30
G4 P0.2
G1 X64.82747104107497 Y166.224310706702 F300
G1 X64.64154833274384 Y165.85246529003973 F300
G1 X64.45562562441272 Y165.294670706713 F300
G1 X64.45562562441272 Y164.73690258171968 F300
G1 X64.82747104107497 Y164.55097987338854 F300
G1 X65.01339374940608 Y164.55097987338854 F300
G1 X65.57116187439948 Y164.73690258171968 F300
G1 X65.94300729106172 Y165.10874799838192 F300
G1 X66.12892999939285 Y165.6665161233753 F300
G1 X66.12892999939285 Y166.224310706702 F300;svg > g > g > g#layer1 > polyline
M3 S90
G4 P0.2
G0 X65.01339374940608 Y166.224310706702
M3 S30
G4 P0.2
G1 X65.01339374940608 Y166.224310706702 F300
G1 X64.82747104107497 Y165.85246529003973 F300
G1 X64.64154833274384 Y165.294670706713 F300
G1 X64.64154833274384 Y164.73690258171968 F300
G1 X64.82747104107497 Y164.55097987338854 F300;svg > g > g > g#layer1 > polyline
M3 S90
G4 P0.2
G0 X66.12892999939285 Y166.224310706702
M3 S30
G4 P0.2
G1 X66.12892999939285 Y166.224310706702 F300
G1 X66.31485270772397 Y165.48059341504418 F300
G1 X66.50077541605508 Y165.294670706713 F300
G1 X66.68672458271955 Y165.294670706713 F300
G1 X67.0585699993818 Y165.48059341504418 F300;svg > g > g > g#layer1 > polyline
M3 S90
G4 P0.2
G0 X68.91779708269307 Y165.6665161233753
M3 S30
G4 P0.2
G1 X68.91779708269307 Y165.6665161233753 F300
G1 X68.73187437436192 Y166.03838799837087 F300
G1 X68.36002895769968 Y166.224310706702 F300
G1 X67.98818354103743 Y166.224310706702 F300
G1 X67.61633812437519 Y166.03838799837087 F300
G1 X67.43041541604406 Y165.85246529003973 F300
G1 X67.24449270771292 Y165.48059341504418 F300
G1 X67.24449270771292 Y165.10874799838192 F300
G1 X67.43041541604406 Y164.73690258171968 F300
G1 X67.8022608327063 Y164.55097987338854 F300
G1 X68.17410624936855 Y164.55097987338854 F300
G1 X68.54595166603082 Y164.73690258171968 F300
G1 X68.73187437436192 Y165.10874799838192 F300;svg > g > g > g#layer1 > polyline
M3 S90
G4 P0.2
G0 X67.98818354103743 Y166.224310706702
M3 S30
G4 P0.2
G1 X67.98818354103743 Y166.224310706702 F300
G1 X67.61633812437519 Y165.85246529003973 F300
G1 X67.43041541604406 Y165.48059341504418 F300
G1 X67.43041541604406 Y164.92282529005078 F300
G1 X67.8022608327063 Y164.55097987338854 F300;svg > g > g > g#layer1 > polyline
M3 S90
G4 P0.2
G0 X69.10371979102419 Y166.224310706702
M3 S30
G4 P0.2
G1 X69.10371979102419 Y166.224310706702 F300
G1 X68.73187437436192 Y165.10874799838192 F300
G1 X68.73187437436192 Y164.73690258171968 F300
G1 X69.10371979102419 Y164.55097987338854 F300
G1 X69.47556520768643 Y164.73690258171968 F300
G1 X69.66148791601756 Y164.92282529005078 F300
G1 X70.03333333267982 Y165.48059341504418 F300;svg > g > g > g#layer1 > polyline
M3 S90
G4 P0.2
G0 X69.28964249935532 Y166.224310706702
M3 S30
G4 P0.2
G1 X69.28964249935532 Y166.224310706702 F300
G1 X68.91779708269307 Y165.10874799838192 F300
G1 X68.91779708269307 Y164.73690258171968 F300
G1 X69.10371979102419 Y164.55097987338854 F300;svg > g > g > g#layer1 > polyline
M3 S90
G4 P0.2
G0 X70.03333333267982 Y165.48059341504418
M3 S30
G4 P0.2
G1 X70.03333333267982 Y165.48059341504418 F300
G1 X70.40517874934206 Y166.03838799837087 F300
G1 X70.77702416600431 Y166.78207883169534 F300;svg > g > g > g#layer1 > polyline
M3 S90
G4 P0.2
G0 X71.3347922909977 Y168.4553832066755
M3 S30
G4 P0.2
G1 X71.3347922909977 Y168.4553832066755 F300
G1 X70.21925604101092 Y165.10874799838192 F300
G1 X70.21925604101092 Y164.73690258171968 F300
G1 X70.59110145767318 Y164.55097987338854 F300
G1 X70.96294687433544 Y164.73690258171968 F300
G1 X71.14886958266656 Y164.92282529005078 F300
G1 X71.52071499932882 Y165.48059341504418 F300;svg > g > g > g#layer1 > polyline
M3 S90
G4 P0.2
G0 X71.52071499932882 Y168.4553832066755
M3 S30
G4 P0.2
G1 X71.52071499932882 Y168.4553832066755 F300
G1 X70.40517874934206 Y165.10874799838192 F300
G1 X70.40517874934206 Y164.73690258171968 F300
G1 X70.59110145767318 Y164.55097987338854 F300;svg > g > g > g#layer1 > line
M3 S90
G4 P0.2
G0 X70.40517874934206 Y166.9680015400265
M3 S30
G4 P0.2
G1 X71.52071499932882 Y166.9680015400265 F300;svg > g > g > g#layer1 > polygon
M3 S90
G4 P0.2
G0 X72.45032854098444 Y167.33984695668872
M3 S30
G4 P0.2
G1 X72.45032854098444 Y167.33984695668872 F300
G1 X72.26440583265331 Y167.1539242483576 F300
G1 X72.45032854098444 Y166.9680015400265 F300
G1 X72.63625124931558 Y167.1539242483576 F300
G1 X72.45032854098444 Y167.33984695668872 F300;svg > g > g > g#layer1 > polyline
M3 S90
G4 P0.2
G0 X72.07848312432219 Y166.224310706702
M3 S30
G4 P0.2
G1 X72.07848312432219 Y166.224310706702 F300
G1 X71.70663770765995 Y165.10874799838192 F300
G1 X71.70663770765995 Y164.73690258171968 F300
G1 X72.07848312432219 Y164.55097987338854 F300
G1 X72.45032854098444 Y164.73690258171968 F300
G1 X72.63625124931558 Y164.92282529005078 F300
G1 X73.0080966659778 Y165.48059341504418 F300;svg > g > g > g#layer1 > polyline
M3 S90
G4 P0.2
G0 X72.26440583265331 Y166.224310706702
M3 S30
G4 P0.2
G1 X72.26440583265331 Y166.224310706702 F300
G1 X71.89256041599106 Y165.10874799838192 F300
G1 X71.89256041599106 Y164.73690258171968 F300
G1 X72.07848312432219 Y164.55097987338854 F300;svg > g > g > g#layer1 > polyline
M3 S90
G4 P0.2
G0 X73.56589124930453 Y166.224310706702
M3 S30
G4 P0.2
G1 X73.56589124930453 Y166.224310706702 F300
G1 X73.37994208264008 Y165.85246529003973 F300
G1 X73.19401937430895 Y165.294670706713 F300
G1 X73.19401937430895 Y164.73690258171968 F300
G1 X73.56589124930453 Y164.55097987338854 F300
G1 X73.75181395763565 Y164.55097987338854 F300
G1 X74.30958208262902 Y164.73690258171968 F300
G1 X74.68142749929129 Y165.10874799838192 F300
G1 X74.86735020762241 Y165.6665161233753 F300
G1 X74.86735020762241 Y166.224310706702 F300;svg > g > g > g#layer1 > polyline
M3 S90
G4 P0.2
G0 X73.75181395763565 Y166.224310706702
M3 S30
G4 P0.2
G1 X73.75181395763565 Y166.224310706702 F300
G1 X73.56589124930453 Y165.85246529003973 F300
G1 X73.37994208264008 Y165.294670706713 F300
G1 X73.37994208264008 Y164.73690258171968 F300
G1 X73.56589124930453 Y164.55097987338854 F300;svg > g > g > g#layer1 > polyline
M3 S90
G4 P0.2
G0 X74.86735020762241 Y166.224310706702
M3 S30
G4 P0.2
G1 X74.86735020762241 Y166.224310706702 F300
G1 X75.05327291595354 Y165.48059341504418 F300
G1 X75.23919562428466 Y165.294670706713 F300
G1 X75.42511833261578 Y165.294670706713 F300
G1 X75.79696374927804 Y165.48059341504418 F300;svg > g > g > g#layer1 > polyline
M3 S90
G4 P0.2
G0 X76.35473187427141 Y164.92282529005078
M3 S30
G4 P0.2
G1 X76.35473187427141 Y164.92282529005078 F300
G1 X76.72657729093366 Y165.10874799838192 F300
G1 X76.9124999992648 Y165.294670706713 F300
G1 X77.09842270759592 Y165.6665161233753 F300
G1 X77.09842270759592 Y166.03838799837087 F300
G1 X76.9124999992648 Y166.224310706702 F300
G1 X76.72657729093366 Y166.224310706702 F300
G1 X76.35473187427141 Y166.03838799837087 F300
G1 X76.16880916594027 Y165.85246529003973 F300
G1 X75.98288645760915 Y165.48059341504418 F300
G1 X75.98288645760915 Y165.10874799838192 F300
G1 X76.16880916594027 Y164.73690258171968 F300
G1 X76.54065458260254 Y164.55097987338854 F300
G1 X77.09842270759592 Y164.55097987338854 F300
G1 X77.65619083258929 Y164.92282529005078 F300
G1 X78.02803624925153 Y165.48059341504418 F300;svg > g > g > g#layer1 > polyline
M3 S90
G4 P0.2
G0 X76.72657729093366 Y166.224310706702
M3 S30
G4 P0.2
G1 X76.72657729093366 Y166.224310706702 F300
G1 X76.35473187427141 Y165.85246529003973 F300
G1 X76.16880916594027 Y165.48059341504418 F300
G1 X76.16880916594027 Y164.92282529005078 F300
G1 X76.54065458260254 Y164.55097987338854 F300;svg > g > g > g#layer1 > polyline
M3 S90
G4 P0.2
G0 X82.30428499920077 Y166.224310706702
M3 S30
G4 P0.2
G1 X82.30428499920077 Y166.224310706702 F300
G1 X81.9324395825385 Y166.224310706702 F300
G1 X81.56059416587625 Y166.03838799837087 F300
G1 X81.37467145754513 Y165.85246529003973 F300
G1 X81.18874874921401 Y165.48059341504418 F300
G1 X81.18874874921401 Y165.10874799838192 F300
G1 X81.37467145754513 Y164.73690258171968 F300
G1 X81.74651687420737 Y164.55097987338854 F300
G1 X82.11836229086964 Y164.55097987338854 F300
G1 X82.4902077075319 Y164.73690258171968 F300
G1 X82.67613041586301 Y164.92282529005078 F300
G1 X82.86205312419413 Y165.294670706713 F300
G1 X82.86205312419413 Y165.6665161233753 F300
G1 X82.67613041586301 Y166.03838799837087 F300
G1 X82.30428499920077 Y166.224310706702 F300
G1 X82.11836229086964 Y166.03838799837087 F300
G1 X82.11836229086964 Y165.6665161233753 F300
G1 X82.30428499920077 Y165.294670706713 F300
G1 X82.67613041586301 Y165.10874799838192 F300
G1 X83.04797583252528 Y165.10874799838192 F300
G1 X83.41982124918752 Y165.294670706713 F300
G1 X83.60574395751864 Y165.48059341504418 F300;svg > g > g > g#layer1 > polyline
M3 S90
G4 P0.2
G0 X81.9324395825385 Y166.224310706702
M3 S30
G4 P0.2
G1 X81.9324395825385 Y166.224310706702 F300
G1 X81.56059416587625 Y165.85246529003973 F300
G1 X81.37467145754513 Y165.48059341504418 F300
G1 X81.37467145754513 Y164.92282529005078 F300
G1 X81.74651687420737 Y164.55097987338854 F300;svg > g > g > g#layer1 > polyline
M3 S90
G4 P0.2
G0 X84.16351208251201 Y166.224310706702
M3 S30
G4 P0.2
G1 X84.16351208251201 Y166.224310706702 F300
G1 X84.7212802075054 Y166.78207883169534 F300
G1 X85.09312562416766 Y167.33984695668872 F300
G1 X85.27904833249877 Y167.89761508168215 F300
G1 X85.27904833249877 Y168.26946049834436 F300
G1 X85.09312562416766 Y168.4553832066755 F300
G1 X84.7212802075054 Y168.26946049834436 F300
G1 X84.53535749917427 Y167.89761508168215 F300
G1 X82.86205312419413 Y162.87767549840837 F300
G1 X82.86205312419413 Y162.50583008174615 F300
G1 X83.04797583252528 Y162.31990737341502 F300
G1 X83.41982124918752 Y162.50583008174615 F300
G1 X83.60574395751864 Y163.06359820673953 F300
G1 X83.79166666584976 Y164.73690258171968 F300
G1 X83.9775893741809 Y164.55097987338854 F300
G1 X84.34943479084315 Y164.55097987338854 F300
G1 X84.7212802075054 Y164.73690258171968 F300
G1 X84.90720291583654 Y164.92282529005078 F300
G1 X85.27904833249877 Y165.48059341504418 F300;svg > g > g > g#layer1 > polyline
M3 S90
G4 P0.2
G0 X84.53535749917427 Y167.89761508168215
M3 S30
G4 P0.2
G1 X84.53535749917427 Y167.89761508168215 F300
G1 X84.34943479084315 Y166.9680015400265 F300
G1 X84.16351208251201 Y166.224310706702 F300
G1 X83.60574395751864 Y164.55097987338854 F300
G1 X83.2338985408564 Y163.6213663317329 F300
G1 X82.86205312419413 Y162.87767549840837 F300;svg > g > g > g#layer1 > polyline
M3 S90
G4 P0.2
G0 X91.7863695824215 Y166.224310706702
M3 S30
G4 P0.2
G1 X91.7863695824215 Y166.224310706702 F300
G1 X91.41452416575923 Y165.10874799838192 F300
G1 X91.41452416575923 Y164.73690258171968 F300
G1 X91.7863695824215 Y164.55097987338854 F300
G1 X91.97229229075263 Y164.55097987338854 F300
G1 X92.34413770741487 Y164.73690258171968 F300
G1 X92.71598312407713 Y165.10874799838192 F300
G1 X93.08782854073937 Y165.6665161233753 F300;svg > g > g > g#layer1 > polyline
M3 S90
G4 P0.2
G0 X91.97229229075263 Y166.224310706702
M3 S30
G4 P0.2
G1 X91.97229229075263 Y166.224310706702 F300
G1 X91.60044687409037 Y165.10874799838192 F300
G1 X91.60044687409037 Y164.73690258171968 F300
G1 X91.7863695824215 Y164.55097987338854 F300;svg > g > g > g#layer1 > line
M3 S90
G4 P0.2
G0 X93.2737512490705 Y166.224310706702
M3 S30
G4 P0.2
G1 X92.15821499908374 Y162.87767549840837 F300;svg > g > g > g#layer1 > polyline
M3 S90
G4 P0.2
G0 X93.45967395740163 Y166.224310706702
M3 S30
G4 P0.2
G1 X93.45967395740163 Y166.224310706702 F300
G1 X92.90190583240823 Y164.55097987338854 F300
G1 X92.53006041574601 Y163.6213663317329 F300
G1 X92.15821499908374 Y162.87767549840837 F300
G1 X91.97229229075263 Y162.50583008174615 F300
G1 X91.60044687409037 Y162.31990737341502 F300
G1 X91.41452416575923 Y162.50583008174615 F300
G1 X91.41452416575923 Y162.87767549840837 F300
G1 X91.60044687409037 Y163.4354436234018 F300
G1 X91.97229229075263 Y163.80728904006403 F300
G1 X92.53006041574601 Y164.17913445672627 F300
G1 X93.2737512490705 Y164.55097987338854 F300
G1 X93.83151937406386 Y164.92282529005078 F300
G1 X94.20339124905948 Y165.48059341504418 F300;svg > g > g > g#layer1 > line
M3 S90
G4 P0.2
G0 X97.92184541568197 Y166.78207883169534
M3 S30
G4 P0.2
G1 X101.26848062397556 Y166.78207883169534 F300;svg > g > g > g#layer1 > line
M3 S90
G4 P0.2
G0 X97.92184541568197 Y165.6665161233753
M3 S30
G4 P0.2
G1 X101.26848062397556 Y165.6665161233753 F300;svg > g > g > g#layer1 > polyline
M3 S90
G4 P0.2
G0 X105.54470291559147 Y166.224310706702
M3 S30
G4 P0.2
G1 X105.54470291559147 Y166.224310706702 F300
G1 X106.10247104058483 Y166.78207883169534 F300
G1 X106.47431645724707 Y167.33984695668872 F300
G1 X106.66023916557819 Y167.89761508168215 F300
G1 X106.66023916557819 Y168.26946049834436 F300
G1 X106.47431645724707 Y168.4553832066755 F300
G1 X106.10247104058483 Y168.26946049834436 F300
G1 X105.9165483322537 Y167.89761508168215 F300
G1 X104.24324395727356 Y162.87767549840837 F300
G1 X104.24324395727356 Y162.50583008174615 F300
G1 X104.4291666656047 Y162.31990737341502 F300
G1 X104.80101208226694 Y162.50583008174615 F300
G1 X104.98693479059807 Y163.06359820673953 F300
G1 X105.1728574989292 Y164.73690258171968 F300
G1 X105.35878020726034 Y164.55097987338854 F300
G1 X105.73062562392258 Y164.55097987338854 F300
G1 X106.10247104058483 Y164.73690258171968 F300
G1 X106.28839374891596 Y164.92282529005078 F300
G1 X106.66023916557819 Y165.48059341504418 F300;svg > g > g > g#layer1 > polyline
M3 S90
G4 P0.2
G0 X105.9165483322537 Y167.89761508168215
M3 S30
G4 P0.2
G1 X105.9165483322537 Y167.89761508168215 F300
G1 X105.73062562392258 Y166.9680015400265 F300
G1 X105.54470291559147 Y166.224310706702 F300
G1 X104.98693479059807 Y164.55097987338854 F300
G1 X104.61508937393583 Y163.6213663317329 F300
G1 X104.24324395727356 Y162.87767549840837 F300;svg > g > g > g#layer1 > polyline
M3 S90
G4 P0.2
G0 X109.44910624887842 Y169.19907403999997
M3 S30
G4 P0.2
G1 X109.44910624887842 Y169.19907403999997 F300
G1 X108.7054154155539 Y168.64130591500663 F300
G1 X108.14764729056054 Y168.08353779001325 F300
G1 X107.77577541556496 Y167.52576966501988 F300
G1 X107.40392999890271 Y166.78207883169534 F300
G1 X107.21800729057159 Y165.85246529003973 F300
G1 X107.21800729057159 Y165.10874799838192 F300
G1 X107.40392999890271 Y164.17913445672627 F300
G1 X107.58985270723383 Y163.6213663317329 F300
G1 X107.77577541556496 Y163.24952091507066 F300;svg > g > g > g#layer1 > polyline
M3 S90
G4 P0.2
G0 X108.7054154155539 Y168.64130591500663
M3 S30
G4 P0.2
G1 X108.7054154155539 Y168.64130591500663 F300
G1 X108.14764729056054 Y167.89761508168215 F300
G1 X107.77577541556496 Y167.1539242483576 F300
G1 X107.58985270723383 Y166.59615612336427 F300
G1 X107.40392999890271 Y165.6665161233753 F300
G1 X107.40392999890271 Y164.73690258171968 F300
G1 X107.58985270723383 Y163.80728904006403 F300
G1 X107.77577541556496 Y163.24952091507066 F300;svg > g > g > g#layer1 > polyline
M3 S90
G4 P0.2
G0 X109.44910624887842 Y165.48059341504418
M3 S30
G4 P0.2
G1 X109.44910624887842 Y165.48059341504418 F300
G1 X109.82095166554068 Y166.03838799837087 F300
G1 X110.19279708220292 Y166.78207883169534 F300;svg > g > g > g#layer1 > polyline
M3 S90
G4 P0.2
G0 X110.75056520719632 Y168.4553832066755
M3 S30
G4 P0.2
G1 X110.75056520719632 Y168.4553832066755 F300
G1 X109.63502895720953 Y165.10874799838192 F300
G1 X109.63502895720953 Y164.73690258171968 F300
G1 X110.00687437387181 Y164.55097987338854 F300
G1 X110.37871979053402 Y164.73690258171968 F300
G1 X110.56464249886518 Y164.92282529005078 F300
G1 X110.93648791552745 Y165.48059341504418 F300;svg > g > g > g#layer1 > polyline
M3 S90
G4 P0.2
G0 X110.93648791552745 Y168.4553832066755
M3 S30
G4 P0.2
G1 X110.93648791552745 Y168.4553832066755 F300
G1 X109.82095166554068 Y165.10874799838192 F300
G1 X109.82095166554068 Y164.73690258171968 F300
G1 X110.00687437387181 Y164.55097987338854 F300;svg > g > g > g#layer1 > line
M3 S90
G4 P0.2
G0 X109.82095166554068 Y166.9680015400265
M3 S30
G4 P0.2
G1 X110.93648791552745 Y166.9680015400265 F300;svg > g > g > g#layer1 > polyline
M3 S90
G4 P0.2
G0 X112.60979229050757 Y169.19907403999997
M3 S30
G4 P0.2
G1 X112.60979229050757 Y169.19907403999997 F300
G1 X112.79571499883869 Y168.82722862333776 F300
G1 X112.9816377071698 Y168.26946049834436 F300
G1 X113.16756041550094 Y167.33984695668872 F300
G1 X113.16756041550094 Y166.59615612336427 F300
G1 X112.9816377071698 Y165.6665161233753 F300
G1 X112.60979229050757 Y164.92282529005078 F300
G1 X112.23794687384529 Y164.3650571650574 F300
G1 X111.68017874885194 Y163.80728904006403 F300
G1 X110.93648791552745 Y163.24952091507066 F300;svg > g > g > g#layer1 > polyline
M3 S90
G4 P0.2
G0 X112.60979229050757 Y169.19907403999997
M3 S30
G4 P0.2
G1 X112.60979229050757 Y169.19907403999997 F300
G1 X112.79571499883869 Y168.64130591500663 F300
G1 X112.9816377071698 Y167.71169237335099 F300
G1 X112.9816377071698 Y166.78207883169534 F300
G1 X112.79571499883869 Y165.85246529003973 F300
G1 X112.60979229050757 Y165.294670706713 F300
G1 X112.23794687384529 Y164.55097987338854 F300
G1 X111.68017874885194 Y163.80728904006403 F300;svg > g > g > g#layer1 > line
M3 S90
G4 P0.2
G0 X117.44380916545016 Y166.78207883169534
M3 S30
G4 P0.2
G1 X120.7904179154104 Y166.78207883169534 F300;svg > g > g > g#layer1 > line
M3 S90
G4 P0.2
G0 X117.44380916545016 Y165.6665161233753
M3 S30
G4 P0.2
G1 X120.7904179154104 Y165.6665161233753 F300;svg > g > g > g#layer1 > polyline
M3 S90
G4 P0.2
G0 X124.50889854036625 Y165.48059341504418
M3 S30
G4 P0.2
G1 X124.50889854036625 Y165.48059341504418 F300
G1 X124.88074395702851 Y166.03838799837087 F300
G1 X125.25258937369074 Y166.78207883169534 F300;svg > g > g > g#layer1 > polyline
M3 S90
G4 P0.2
G0 X125.81035749868413 Y168.4553832066755
M3 S30
G4 P0.2
G1 X125.81035749868413 Y168.4553832066755 F300
G1 X124.69482124869738 Y165.10874799838192 F300
G1 X124.69482124869738 Y164.73690258171968 F300
G1 X125.06666666535962 Y164.55097987338854 F300
G1 X125.43851208202189 Y164.73690258171968 F300
G1 X125.624434790353 Y164.92282529005078 F300
G1 X125.99628020701526 Y165.48059341504418 F300;svg > g > g > g#layer1 > polyline
M3 S90
G4 P0.2
G0 X125.99628020701526 Y168.4553832066755
M3 S30
G4 P0.2
G1 X125.99628020701526 Y168.4553832066755 F300
G1 X124.88074395702851 Y165.10874799838192 F300
G1 X124.88074395702851 Y164.73690258171968 F300
G1 X125.06666666535962 Y164.55097987338854 F300;svg > g > g > g#layer1 > line
M3 S90
G4 P0.2
G0 X124.88074395702851 Y166.9680015400265
M3 S30
G4 P0.2
G1 X125.99628020701526 Y166.9680015400265 F300;svg > g > g > g#layer1 > polyline
M3 S90
G4 P0.2
G0 X127.111816457002 Y167.33984695668872
M3 S30
G4 P0.2
G1 X127.111816457002 Y167.33984695668872 F300
G1 X127.48366187366427 Y167.89761508168215 F300
G1 X127.85550729032651 Y167.33984695668872 F300;svg > g > g > g#layer1 > polyline
M3 S90
G4 P0.2
G0 X126.55404833200865 Y166.78207883169534
M3 S30
G4 P0.2
G1 X126.55404833200865 Y166.78207883169534 F300
G1 X127.48366187366427 Y167.71169237335099 F300
G1 X128.41327541531987 Y166.78207883169534 F300;svg > g > g > g#layer1 > line
M3 S90
G4 P0.2
G0 X127.48366187366427 Y167.71169237335099
M3 S30
G4 P0.2
G1 X127.48366187366427 Y164.55097987338854 F300;svg > g > g > g#layer1 > polyline
M3 S90
G4 P0.2
G0 X128.97106999864658 Y165.48059341504418
M3 S30
G4 P0.2
G1 X128.97106999864658 Y165.48059341504418 F300
G1 X129.34291541530885 Y166.03838799837087 F300
G1 X129.71476083197112 Y166.224310706702 F300
G1 X130.08660624863336 Y166.03838799837087 F300
G1 X130.08660624863336 Y165.6665161233753 F300
G1 X129.71476083197112 Y164.55097987338854 F300;svg > g > g > g#layer1 > polyline
M3 S90
G4 P0.2
G0 X129.71476083197112 Y166.224310706702
M3 S30
G4 P0.2
G1 X129.71476083197112 Y166.224310706702 F300
G1 X129.9006835403022 Y166.03838799837087 F300
G1 X129.9006835403022 Y165.6665161233753 F300
G1 X129.52883812363996 Y164.55097987338854 F300;svg > g > g > g#layer1 > polyline
M3 S90
G4 P0.2
G0 X130.08660624863336 Y165.6665161233753
M3 S30
G4 P0.2
G1 X130.08660624863336 Y165.6665161233753 F300
G1 X130.4584516652956 Y166.03838799837087 F300
G1 X130.83029708195784 Y166.224310706702 F300
G1 X131.01621979028897 Y166.224310706702 F300
G1 X131.38806520695124 Y166.03838799837087 F300
G1 X131.38806520695124 Y165.6665161233753 F300
G1 X131.2021424986201 Y165.10874799838192 F300
G1 X131.2021424986201 Y164.73690258171968 F300
G1 X131.38806520695124 Y164.55097987338854 F300;svg > g > g > g#layer1 > polyline
M3 S90
G4 P0.2
G0 X131.01621979028897 Y166.224310706702
M3 S30
G4 P0.2
G1 X131.01621979028897 Y166.224310706702 F300
G1 X131.2021424986201 Y166.03838799837087 F300
G1 X131.2021424986201 Y165.6665161233753 F300
G1 X131.01621979028897 Y165.10874799838192 F300
G1 X131.01621979028897 Y164.73690258171968 F300
G1 X131.38806520695124 Y164.55097987338854 F300
G1 X131.75991062361348 Y164.73690258171968 F300
G1 X131.94583333194458 Y164.92282529005078 F300
G1 X132.31767874860682 Y165.48059341504418 F300;svg > g > g > g#layer1 > polyline
M3 S90
G4 P0.2
G0 X138.82499999852956 Y166.224310706702
M3 S30
G4 P0.2
G1 X138.82499999852956 Y166.224310706702 F300
G1 X138.45315458186732 Y165.10874799838192 F300
G1 X138.45315458186732 Y164.73690258171968 F300
G1 X138.82499999852956 Y164.55097987338854 F300
G1 X139.0109227068607 Y164.55097987338854 F300
G1 X139.38276812352294 Y164.73690258171968 F300
G1 X139.7546135401852 Y165.10874799838192 F300
G1 X140.12645895684744 Y165.6665161233753 F300;svg > g > g > g#layer1 > polyline
M3 S90
G4 P0.2
G0 X139.0109227068607 Y166.224310706702
M3 S30
G4 P0.2
G1 X139.0109227068607 Y166.224310706702 F300
G1 X138.63907729019846 Y165.10874799838192 F300
G1 X138.63907729019846 Y164.73690258171968 F300
G1 X138.82499999852956 Y164.55097987338854 F300;svg > g > g > g#layer1 > polyline
M3 S90
G4 P0.2
G0 X140.31238166517858 Y166.224310706702
M3 S30
G4 P0.2
G1 X140.31238166517858 Y166.224310706702 F300
G1 X139.9405362485163 Y165.10874799838192 F300
G1 X139.9405362485163 Y164.73690258171968 F300
G1 X140.31238166517858 Y164.55097987338854 F300
G1 X140.68422708184085 Y164.73690258171968 F300
G1 X140.87014979017195 Y164.92282529005078 F300
G1 X141.2419952068342 Y165.48059341504418 F300;svg > g > g > g#layer1 > polyline
M3 S90
G4 P0.2
G0 X140.4983043735097 Y166.224310706702
M3 S30
G4 P0.2
G1 X140.4983043735097 Y166.224310706702 F300
G1 X140.12645895684744 Y165.10874799838192 F300
G1 X140.12645895684744 Y164.73690258171968 F300
G1 X140.31238166517858 Y164.55097987338854 F300;svg > g > g > g#layer1 > polyline
M3 S90
G4 P0.2
G0 X141.2419952068342 Y165.48059341504418
M3 S30
G4 P0.2
G1 X141.2419952068342 Y165.48059341504418 F300
G1 X141.61384062349646 Y166.03838799837087 F300
G1 X141.7997633318276 Y166.41023341503313 F300
G1 X141.7997633318276 Y166.03838799837087 F300
G1 X142.3575579151543 Y165.6665161233753 F300
G1 X142.54348062348544 Y165.294670706713 F300
G1 X142.54348062348544 Y164.92282529005078 F300
G1 X142.3575579151543 Y164.73690258171968 F300
G1 X141.9856860401587 Y164.55097987338854 F300;svg > g > g > g#layer1 > polyline
M3 S90
G4 P0.2
G0 X141.7997633318276 Y166.03838799837087
M3 S30
G4 P0.2
G1 X141.7997633318276 Y166.03838799837087 F300
G1 X142.17160874848983 Y165.6665161233753 F300
G1 X142.3575579151543 Y165.294670706713 F300
G1 X142.3575579151543 Y164.92282529005078 F300
G1 X141.9856860401587 Y164.55097987338854 F300;svg > g > g > g#layer1 > polyline
M3 S90
G4 P0.2
G0 X141.2419952068342 Y164.73690258171968
M3 S30
G4 P0.2
G1 X141.2419952068342 Y164.73690258171968 F300
G1 X141.61384062349646 Y164.55097987338854 F300
G1 X142.54348062348544 Y164.55097987338854 F300
G1 X143.10124874847878 Y164.92282529005078 F300
G1 X143.47309416514105 Y165.48059341504418 F300;svg > g > g > g#layer1 > polygon
M3 S90
G4 P0.2
G0 X144.40270770679666 Y167.33984695668872
M3 S30
G4 P0.2
G1 X144.40270770679666 Y167.33984695668872 F300
G1 X144.21678499846556 Y167.1539242483576 F300
G1 X144.40270770679666 Y166.9680015400265 F300
G1 X144.5886304151278 Y167.1539242483576 F300
G1 X144.40270770679666 Y167.33984695668872 F300;svg > g > g > g#layer1 > polyline
M3 S90
G4 P0.2
G0 X144.03086229013442 Y166.224310706702
M3 S30
G4 P0.2
G1 X144.03086229013442 Y166.224310706702 F300
G1 X143.65901687347218 Y165.10874799838192 F300
G1 X143.65901687347218 Y164.73690258171968 F300
G1 X144.03086229013442 Y164.55097987338854 F300
G1 X144.40270770679666 Y164.73690258171968 F300
G1 X144.5886304151278 Y164.92282529005078 F300
G1 X144.96047583179006 Y165.48059341504418 F300;svg > g > g > g#layer1 > polyline
M3 S90
G4 P0.2
G0 X144.21678499846556 Y166.224310706702
M3 S30
G4 P0.2
G1 X144.21678499846556 Y166.224310706702 F300
G1 X143.84493958180332 Y165.10874799838192 F300
G1 X143.84493958180332 Y164.73690258171968 F300
G1 X144.03086229013442 Y164.55097987338854 F300;svg > g > g > g#layer1 > polyline
M3 S90
G4 P0.2
G0 X144.96047583179006 Y165.48059341504418
M3 S30
G4 P0.2
G1 X144.96047583179006 Y165.48059341504418 F300
G1 X145.3323212484523 Y166.03838799837087 F300
G1 X145.70416666511454 Y166.224310706702 F300
G1 X146.0760120817768 Y166.03838799837087 F300
G1 X146.0760120817768 Y165.6665161233753 F300
G1 X145.70416666511454 Y164.55097987338854 F300;svg > g > g > g#layer1 > polyline
M3 S90
G4 P0.2
G0 X145.70416666511454 Y166.224310706702
M3 S30
G4 P0.2
G1 X145.70416666511454 Y166.224310706702 F300
G1 X145.8900893734457 Y166.03838799837087 F300
G1 X145.8900893734457 Y165.6665161233753 F300
G1 X145.5182439567834 Y164.55097987338854 F300;svg > g > g > g#layer1 > polyline
M3 S90
G4 P0.2
G0 X146.0760120817768 Y165.6665161233753
M3 S30
G4 P0.2
G1 X146.0760120817768 Y165.6665161233753 F300
G1 X146.44785749843905 Y166.03838799837087 F300
G1 X146.81970291510132 Y166.224310706702 F300
G1 X147.00562562343245 Y166.224310706702 F300
G1 X147.3774710400947 Y166.03838799837087 F300
G1 X147.3774710400947 Y165.6665161233753 F300
G1 X147.19154833176356 Y165.10874799838192 F300
G1 X147.19154833176356 Y164.73690258171968 F300
G1 X147.3774710400947 Y164.55097987338854 F300;svg > g > g > g#layer1 > polyline
M3 S90
G4 P0.2
G0 X147.00562562343245 Y166.224310706702
M3 S30
G4 P0.2
G1 X147.00562562343245 Y166.224310706702 F300
G1 X147.19154833176356 Y166.03838799837087 F300
G1 X147.19154833176356 Y165.6665161233753 F300
G1 X147.00562562343245 Y165.10874799838192 F300
G1 X147.00562562343245 Y164.73690258171968 F300
G1 X147.3774710400947 Y164.55097987338854 F300
G1 X147.74931645675693 Y164.73690258171968 F300
G1 X147.93523916508806 Y164.92282529005078 F300
G1 X148.30708458175033 Y165.48059341504418 F300;svg > g > g > g#layer1 > polyline
M3 S90
G4 P0.2
G0 X150.1663381233949 Y165.6665161233753
M3 S30
G4 P0.2
G1 X150.1663381233949 Y165.6665161233753 F300
G1 X149.98041541506376 Y166.03838799837087 F300
G1 X149.60856999840152 Y166.224310706702 F300
G1 X149.23672458173928 Y166.224310706702 F300
G1 X148.86485270674368 Y166.03838799837087 F300
G1 X148.67892999841257 Y165.85246529003973 F300
G1 X148.49300729008144 Y165.48059341504418 F300
G1 X148.49300729008144 Y165.10874799838192 F300
G1 X148.67892999841257 Y164.73690258171968 F300
G1 X149.0507754150748 Y164.55097987338854 F300
G1 X149.42264729007042 Y164.55097987338854 F300
G1 X149.79449270673265 Y164.73690258171968 F300
G1 X149.98041541506376 Y165.10874799838192 F300;svg > g > g > g#layer1 > polyline
M3 S90
G4 P0.2
G0 X149.23672458173928 Y166.224310706702
M3 S30
G4 P0.2
G1 X149.23672458173928 Y166.224310706702 F300
G1 X148.86485270674368 Y165.85246529003973 F300
G1 X148.67892999841257 Y165.48059341504418 F300
G1 X148.67892999841257 Y164.92282529005078 F300
G1 X149.0507754150748 Y164.55097987338854 F300;svg > g > g > g#layer1 > line
M3 S90
G4 P0.2
G0 X150.35226083172603 Y166.224310706702
M3 S30
G4 P0.2
G1 X149.23672458173928 Y162.87767549840837 F300;svg > g > g > g#layer1 > polyline
M3 S90
G4 P0.2
G0 X150.53818354005716 Y166.224310706702
M3 S30
G4 P0.2
G1 X150.53818354005716 Y166.224310706702 F300
G1 X149.98041541506376 Y164.55097987338854 F300
G1 X149.60856999840152 Y163.6213663317329 F300
G1 X149.23672458173928 Y162.87767549840837 F300
G1 X149.0507754150748 Y162.50583008174615 F300
G1 X148.67892999841257 Y162.31990737341502 F300
G1 X148.49300729008144 Y162.50583008174615 F300
G1 X148.49300729008144 Y162.87767549840837 F300
G1 X148.67892999841257 Y163.4354436234018 F300
G1 X149.0507754150748 Y163.80728904006403 F300
G1 X149.60856999840152 Y164.17913445672627 F300
G1 X150.35226083172603 Y164.55097987338854 F300
G1 X150.9100289567194 Y164.92282529005078 F300
G1 X151.2818743733816 Y165.48059341504418 F300;svg > g > g > g#layer1 > polyline
M3 S90
G4 P0.2
G0 X154.25663770667967 Y165.48059341504418
M3 S30
G4 P0.2
G1 X154.25663770667967 Y165.48059341504418 F300
G1 X154.62848312334188 Y166.03838799837087 F300
G1 X155.00032854000415 Y166.78207883169534 F300;svg > g > g > g#layer1 > polyline
M3 S90
G4 P0.2
G0 X155.55809666499755 Y168.4553832066755
M3 S30
G4 P0.2
G1 X155.55809666499755 Y168.4553832066755 F300
G1 X154.44256041501077 Y165.10874799838192 F300
G1 X154.44256041501077 Y164.73690258171968 F300
G1 X154.81440583167304 Y164.55097987338854 F300
G1 X155.18625124833528 Y164.73690258171968 F300
G1 X155.3721739566664 Y164.92282529005078 F300
G1 X155.74401937332868 Y165.48059341504418 F300;svg > g > g > g#layer1 > polyline
M3 S90
G4 P0.2
G0 X155.74401937332868 Y168.4553832066755
M3 S30
G4 P0.2
G1 X155.74401937332868 Y168.4553832066755 F300
G1 X154.62848312334188 Y165.10874799838192 F300
G1 X154.62848312334188 Y164.73690258171968 F300
G1 X154.81440583167304 Y164.55097987338854 F300;svg > g > g > g#layer1 > line
M3 S90
G4 P0.2
G0 X154.62848312334188 Y166.9680015400265
M3 S30
G4 P0.2
G1 X155.74401937332868 Y166.9680015400265 F300;svg > g > g > g#layer1 > polyline
M3 S90
G4 P0.2
G0 X155.74401937332868 Y165.48059341504418
M3 S30
G4 P0.2
G1 X155.74401937332868 Y165.48059341504418 F300
G1 X156.11589124832423 Y166.03838799837087 F300
G1 X156.4877366649865 Y166.78207883169534 F300;svg > g > g > g#layer1 > line
M3 S90
G4 P0.2
G0 X157.04550478997987 Y168.4553832066755
M3 S30
G4 P0.2
G1 X155.74401937332868 Y164.55097987338854 F300;svg > g > g > g#layer1 > line
M3 S90
G4 P0.2
G0 X157.23142749831095 Y168.4553832066755
M3 S30
G4 P0.2
G1 X155.9299420816598 Y164.55097987338854 F300;svg > g > g > g#layer1 > polyline
M3 S90
G4 P0.2
G0 X156.3018139566553 Y165.6665161233753
M3 S30
G4 P0.2
G1 X156.3018139566553 Y165.6665161233753 F300
G1 X156.67365937331763 Y166.03838799837087 F300
G1 X157.04550478997987 Y166.224310706702 F300
G1 X157.23142749831095 Y166.224310706702 F300
G1 X157.60327291497322 Y166.03838799837087 F300
G1 X157.60327291497322 Y165.6665161233753 F300
G1 X157.41735020664214 Y165.10874799838192 F300
G1 X157.41735020664214 Y164.73690258171968 F300
G1 X157.60327291497322 Y164.55097987338854 F300;svg > g > g > g#layer1 > polyline
M3 S90
G4 P0.2
G0 X157.23142749831095 Y166.224310706702
M3 S30
G4 P0.2
G1 X157.23142749831095 Y166.224310706702 F300
G1 X157.41735020664214 Y166.03838799837087 F300
G1 X157.41735020664214 Y165.6665161233753 F300
G1 X157.23142749831095 Y165.10874799838192 F300
G1 X157.23142749831095 Y164.73690258171968 F300
G1 X157.60327291497322 Y164.55097987338854 F300
G1 X157.97511833163549 Y164.73690258171968 F300
G1 X158.1610410399666 Y164.92282529005078 F300
G1 X158.53288645662886 Y165.48059341504418 F300;svg > g > g > g#layer1 > polyline
M3 S90
G4 P0.2
G0 X159.09065458162223 Y164.92282529005078
M3 S30
G4 P0.2
G1 X159.09065458162223 Y164.92282529005078 F300
G1 X159.4624999982845 Y165.10874799838192 F300
G1 X159.64842270661563 Y165.294670706713 F300
G1 X159.83434541494677 Y165.6665161233753 F300
G1 X159.83434541494677 Y166.03838799837087 F300
G1 X159.64842270661563 Y166.224310706702 F300
G1 X159.4624999982845 Y166.224310706702 F300
G1 X159.09065458162223 Y166.03838799837087 F300
G1 X158.90473187329113 Y165.85246529003973 F300
G1 X158.71880916496 Y165.48059341504418 F300
G1 X158.71880916496 Y165.10874799838192 F300
G1 X158.90473187329113 Y164.73690258171968 F300
G1 X159.27657728995337 Y164.55097987338854 F300
G1 X159.83434541494677 Y164.55097987338854 F300
G1 X160.3921135399401 Y164.92282529005078 F300
G1 X160.76395895660238 Y165.48059341504418 F300;svg > g > g > g#layer1 > polyline
M3 S90
G4 P0.2
G0 X159.4624999982845 Y166.224310706702
M3 S30
G4 P0.2
G1 X159.4624999982845 Y166.224310706702 F300
G1 X159.09065458162223 Y165.85246529003973 F300
G1 X158.90473187329113 Y165.48059341504418 F300
G1 X158.90473187329113 Y164.92282529005078 F300
G1 X159.27657728995337 Y164.55097987338854 F300;svg > g > g > g#layer1 > polyline
M3 S90
G4 P0.2
G0 X162.62318603991366 Y165.6665161233753
M3 S30
G4 P0.2
G1 X162.62318603991366 Y165.6665161233753 F300
G1 X162.43726333158247 Y166.03838799837087 F300
G1 X162.06541791492026 Y166.224310706702 F300
G1 X161.69357249825802 Y166.224310706702 F300
G1 X161.32172708159575 Y166.03838799837087 F300
G1 X161.13580437326465 Y165.85246529003973 F300
G1 X160.94988166493349 Y165.48059341504418 F300
G1 X160.94988166493349 Y165.10874799838192 F300
G1 X161.13580437326465 Y164.73690258171968 F300
G1 X161.50764978992686 Y164.55097987338854 F300
G1 X161.87949520658913 Y164.55097987338854 F300
G1 X162.2513406232514 Y164.73690258171968 F300
G1 X162.43726333158247 Y165.10874799838192 F300;svg > g > g > g#layer1 > polyline
M3 S90
G4 P0.2
G0 X161.69357249825802 Y166.224310706702
M3 S30
G4 P0.2
G1 X161.69357249825802 Y166.224310706702 F300
G1 X161.32172708159575 Y165.85246529003973 F300
G1 X161.13580437326465 Y165.48059341504418 F300
G1 X161.13580437326465 Y164.92282529005078 F300
G1 X161.50764978992686 Y164.55097987338854 F300;svg > g > g > g#layer1 > polyline
M3 S90
G4 P0.2
G0 X163.5528260399026 Y168.4553832066755
M3 S30
G4 P0.2
G1 X163.5528260399026 Y168.4553832066755 F300
G1 X162.43726333158247 Y165.10874799838192 F300
G1 X162.43726333158247 Y164.73690258171968 F300
G1 X162.80910874824474 Y164.55097987338854 F300
G1 X163.18098062324034 Y164.73690258171968 F300
G1 X163.36690333157148 Y164.92282529005078 F300
G1 X163.73874874823372 Y165.48059341504418 F300;svg > g > g > g#layer1 > polyline
M3 S90
G4 P0.2
G0 X163.73874874823372 Y168.4553832066755
M3 S30
G4 P0.2
G1 X163.73874874823372 Y168.4553832066755 F300
G1 X162.62318603991366 Y165.10874799838192 F300
G1 X162.62318603991366 Y164.73690258171968 F300
G1 X162.80910874824474 Y164.55097987338854 F300;svg > g > g > g#layer1 > polyline
M3 S90
G4 P0.2
G0 X164.29651687322712 Y164.92282529005078
M3 S30
G4 P0.2
G1 X164.29651687322712 Y164.92282529005078 F300
G1 X164.66836228988936 Y165.10874799838192 F300
G1 X164.85428499822046 Y165.294670706713 F300
G1 X165.04020770655163 Y165.6665161233753 F300
G1 X165.04020770655163 Y166.03838799837087 F300
G1 X164.85428499822046 Y166.224310706702 F300
G1 X164.66836228988936 Y166.224310706702 F300
G1 X164.29651687322712 Y166.03838799837087 F300
G1 X164.11059416489599 Y165.85246529003973 F300
G1 X163.92467145656482 Y165.48059341504418 F300
G1 X163.92467145656482 Y165.10874799838192 F300
G1 X164.11059416489599 Y164.73690258171968 F300
G1 X164.4824395815582 Y164.55097987338854 F300
G1 X165.04020770655163 Y164.55097987338854 F300
G1 X165.59797583154497 Y164.92282529005078 F300
G1 X165.96982124820724 Y165.48059341504418 F300;svg > g > g > g#layer1 > polyline
M3 S90
G4 P0.2
G0 X164.66836228988936 Y166.224310706702
M3 S30
G4 P0.2
G1 X164.66836228988936 Y166.224310706702 F300
G1 X164.29651687322712 Y165.85246529003973 F300
G1 X164.11059416489599 Y165.48059341504418 F300
G1 X164.11059416489599 Y164.92282529005078 F300
G1 X164.4824395815582 Y164.55097987338854 F300;svg > g > g > g#layer1 > polyline
M3 S90
G4 P0.2
G0 X166.5275893732006 Y166.224310706702
M3 S30
G4 P0.2
G1 X166.5275893732006 Y166.224310706702 F300
G1 X167.08535749819399 Y166.78207883169534 F300
G1 X167.4572029148562 Y167.33984695668872 F300
G1 X167.64312562318736 Y167.89761508168215 F300
G1 X167.64312562318736 Y168.26946049834436 F300
G1 X167.4572029148562 Y168.4553832066755 F300
G1 X167.08535749819399 Y168.26946049834436 F300
G1 X166.89943478986288 Y167.89761508168215 F300
G1 X165.22613041488273 Y162.87767549840837 F300
G1 X165.22613041488273 Y162.50583008174615 F300
G1 X165.41205312321384 Y162.31990737341502 F300
G1 X165.7838985398761 Y162.50583008174615 F300
G1 X165.96982124820724 Y163.06359820673953 F300
G1 X166.15574395653834 Y164.73690258171968 F300
G1 X166.34166666486945 Y164.55097987338854 F300
G1 X166.71351208153175 Y164.55097987338854 F300
G1 X167.08535749819399 Y164.73690258171968 F300
G1 X167.2712802065251 Y164.92282529005078 F300
G1 X167.64312562318736 Y165.48059341504418 F300;svg > g > g > g#layer1 > polyline
M3 S90
G4 P0.2
G0 X166.89943478986288 Y167.89761508168215
M3 S30
G4 P0.2
G1 X166.89943478986288 Y167.89761508168215 F300
G1 X166.71351208153175 Y166.9680015400265 F300
G1 X166.5275893732006 Y166.224310706702 F300
G1 X165.96982124820724 Y164.55097987338854 F300
G1 X165.59797583154497 Y163.6213663317329 F300
G1 X165.22613041488273 Y162.87767549840837 F300;svg > g > g > g#layer1 > polygon
M3 S90
G4 P0.2
G0 X168.572739164843 Y167.33984695668872
M3 S30
G4 P0.2
G1 X168.572739164843 Y167.33984695668872 F300
G1 X168.3868164565118 Y167.1539242483576 F300
G1 X168.572739164843 Y166.9680015400265 F300
G1 X168.7586618731741 Y167.1539242483576 F300
G1 X168.572739164843 Y167.33984695668872 F300;svg > g > g > g#layer1 > polyline
M3 S90
G4 P0.2
G0 X168.20089374818073 Y166.224310706702
M3 S30
G4 P0.2
G1 X168.20089374818073 Y166.224310706702 F300
G1 X167.82904833151846 Y165.10874799838192 F300
G1 X167.82904833151846 Y164.73690258171968 F300
G1 X168.20089374818073 Y164.55097987338854 F300
G1 X168.572739164843 Y164.73690258171968 F300
G1 X168.7586618731741 Y164.92282529005078 F300
G1 X169.13050728983637 Y165.48059341504418 F300;svg > g > g > g#layer1 > polyline
M3 S90
G4 P0.2
G0 X168.3868164565118 Y166.224310706702
M3 S30
G4 P0.2
G1 X168.3868164565118 Y166.224310706702 F300
G1 X168.0149710398496 Y165.10874799838192 F300
G1 X168.0149710398496 Y164.73690258171968 F300
G1 X168.20089374818073 Y164.55097987338854 F300;svg > g > g > g#layer1 > polyline
M3 S90
G4 P0.2
G0 X169.13050728983637 Y165.48059341504418
M3 S30
G4 P0.2
G1 X169.13050728983637 Y165.48059341504418 F300
G1 X169.50235270649864 Y166.03838799837087 F300
G1 X169.8742245814942 Y166.224310706702 F300
G1 X170.24606999815643 Y166.03838799837087 F300
G1 X170.24606999815643 Y165.6665161233753 F300
G1 X169.8742245814942 Y164.55097987338854 F300;svg > g > g > g#layer1 > polyline
M3 S90
G4 P0.2
G0 X169.8742245814942 Y166.224310706702
M3 S30
G4 P0.2
G1 X169.8742245814942 Y166.224310706702 F300
G1 X170.06014728982532 Y166.03838799837087 F300
G1 X170.06014728982532 Y165.6665161233753 F300
G1 X169.68827541482972 Y164.55097987338854 F300;svg > g > g > g#layer1 > polyline
M3 S90
G4 P0.2
G0 X170.24606999815643 Y165.6665161233753
M3 S30
G4 P0.2
G1 X170.24606999815643 Y165.6665161233753 F300
G1 X170.6179154148187 Y166.03838799837087 F300
G1 X170.98976083148096 Y166.224310706702 F300
G1 X171.17568353981204 Y166.224310706702 F300
G1 X171.5475289564743 Y166.03838799837087 F300
G1 X171.5475289564743 Y165.6665161233753 F300
G1 X171.36160624814318 Y165.10874799838192 F300
G1 X171.36160624814318 Y164.73690258171968 F300
G1 X171.5475289564743 Y164.55097987338854 F300;svg > g > g > g#layer1 > polyline
M3 S90
G4 P0.2
G0 X171.17568353981204 Y166.224310706702
M3 S30
G4 P0.2
G1 X171.17568353981204 Y166.224310706702 F300
G1 X171.36160624814318 Y166.03838799837087 F300
G1 X171.36160624814318 Y165.6665161233753 F300
G1 X171.17568353981204 Y165.10874799838192 F300
G1 X171.17568353981204 Y164.73690258171968 F300
G1 X171.5475289564743 Y164.55097987338854 F300
G1 X171.91937437313658 Y164.73690258171968 F300
G1 X172.10529708146768 Y164.92282529005078 F300
G1 X172.47714249812995 Y165.48059341504418 F300;svg > g > g > g#layer1 > polygon
M3 S90
G4 P0.2
G0 X173.40675603978562 Y167.33984695668872
M3 S30
G4 P0.2
G1 X173.40675603978562 Y167.33984695668872 F300
G1 X173.22083333145443 Y167.1539242483576 F300
G1 X173.40675603978562 Y166.9680015400265 F300
G1 X173.59267874811667 Y167.1539242483576 F300
G1 X173.40675603978562 Y167.33984695668872 F300;svg > g > g > g#layer1 > polyline
M3 S90
G4 P0.2
G0 X173.03491062312332 Y166.224310706702
M3 S30
G4 P0.2
G1 X173.03491062312332 Y166.224310706702 F300
G1 X172.66306520646106 Y165.10874799838192 F300
G1 X172.66306520646106 Y164.73690258171968 F300
G1 X173.03491062312332 Y164.55097987338854 F300
G1 X173.40675603978562 Y164.73690258171968 F300
G1 X173.59267874811667 Y164.92282529005078 F300
G1 X173.96452416477894 Y165.48059341504418 F300;svg > g > g > g#layer1 > polyline
M3 S90
G4 P0.2
G0 X173.22083333145443 Y166.224310706702
M3 S30
G4 P0.2
G1 X173.22083333145443 Y166.224310706702 F300
G1 X172.84898791479222 Y165.10874799838192 F300
G1 X172.84898791479222 Y164.73690258171968 F300
G1 X173.03491062312332 Y164.55097987338854 F300;svg > g > g > g#layer1 > polyline
M3 S90
G4 P0.2
G0 X173.96452416477894 Y165.48059341504418
M3 S30
G4 P0.2
G1 X173.96452416477894 Y165.48059341504418 F300
G1 X174.33636958144123 Y166.03838799837087 F300
G1 X174.70821499810344 Y166.78207883169534 F300;svg > g > g > g#layer1 > polyline
M3 S90
G4 P0.2
G0 X175.26598312309685 Y168.4553832066755
M3 S30
G4 P0.2
G1 X175.26598312309685 Y168.4553832066755 F300
G1 X174.15044687311007 Y165.10874799838192 F300
G1 X174.15044687311007 Y164.73690258171968 F300
G1 X174.5222922897723 Y164.55097987338854 F300
G1 X174.89413770643458 Y164.73690258171968 F300
G1 X175.0800604147657 Y164.92282529005078 F300
G1 X175.45190583142795 Y165.48059341504418 F300;svg > g > g > g#layer1 > polyline
M3 S90
G4 P0.2
G0 X175.45190583142795 Y168.4553832066755
M3 S30
G4 P0.2
G1 X175.45190583142795 Y168.4553832066755 F300
G1 X174.33636958144123 Y165.10874799838192 F300
G1 X174.33636958144123 Y164.73690258171968 F300
G1 X174.5222922897723 Y164.55097987338854 F300;svg > g > g > g#layer1 > line
M3 S90
G4 P0.2
G0 X174.33636958144123 Y166.9680015400265
M3 S30
G4 P0.2
G1 X175.45190583142795 Y166.9680015400265 F300;svg > g > g > g#layer1 > polygon
M3 S90
G4 P0.2
G0 X176.3815193730836 Y167.33984695668872
M3 S30
G4 P0.2
G1 X176.3815193730836 Y167.33984695668872 F300
G1 X176.1955966647525 Y167.1539242483576 F300
G1 X176.3815193730836 Y166.9680015400265 F300
G1 X176.5674420814147 Y167.1539242483576 F300
G1 X176.3815193730836 Y167.33984695668872 F300;svg > g > g > g#layer1 > polyline
M3 S90
G4 P0.2
G0 X176.0096739564213 Y166.224310706702
M3 S30
G4 P0.2
G1 X176.0096739564213 Y166.224310706702 F300
G1 X175.63782853975906 Y165.10874799838192 F300
G1 X175.63782853975906 Y164.73690258171968 F300
G1 X176.0096739564213 Y164.55097987338854 F300
G1 X176.3815193730836 Y164.73690258171968 F300
G1 X176.5674420814147 Y164.92282529005078 F300
G1 X176.9393139564103 Y165.48059341504418 F300;svg > g > g > g#layer1 > polyline
M3 S90
G4 P0.2
G0 X176.1955966647525 Y166.224310706702
M3 S30
G4 P0.2
G1 X176.1955966647525 Y166.224310706702 F300
G1 X175.82375124809022 Y165.10874799838192 F300
G1 X175.82375124809022 Y164.73690258171968 F300
G1 X176.0096739564213 Y164.55097987338854 F300;svg > g > g > g#layer1 > polyline
M3 S90
G4 P0.2
G0 X178.24077291472815 Y166.224310706702
M3 S30
G4 P0.2
G1 X178.24077291472815 Y166.224310706702 F300
G1 X177.86892749806594 Y166.224310706702 F300
G1 X177.49708208140368 Y166.03838799837087 F300
G1 X177.31115937307257 Y165.85246529003973 F300
G1 X177.1252366647414 Y165.48059341504418 F300
G1 X177.1252366647414 Y165.10874799838192 F300
G1 X177.31115937307257 Y164.73690258171968 F300
G1 X177.68300478973478 Y164.55097987338854 F300
G1 X178.05485020639705 Y164.55097987338854 F300
G1 X178.4266956230593 Y164.73690258171968 F300
G1 X178.61261833139042 Y164.92282529005078 F300
G1 X178.79854103972156 Y165.294670706713 F300
G1 X178.79854103972156 Y165.6665161233753 F300
G1 X178.61261833139042 Y166.03838799837087 F300
G1 X178.24077291472815 Y166.224310706702 F300
G1 X178.05485020639705 Y166.03838799837087 F300
G1 X178.05485020639705 Y165.6665161233753 F300
G1 X178.24077291472815 Y165.294670706713 F300
G1 X178.61261833139042 Y165.10874799838192 F300
G1 X178.9844637480527 Y165.10874799838192 F300
G1 X179.35630916471493 Y165.294670706713 F300
G1 X179.54223187304603 Y165.48059341504418 F300;svg > g > g > g#layer1 > polyline
M3 S90
G4 P0.2
G0 X177.86892749806594 Y166.224310706702
M3 S30
G4 P0.2
G1 X177.86892749806594 Y166.224310706702 F300
G1 X177.49708208140368 Y165.85246529003973 F300
G1 X177.31115937307257 Y165.48059341504418 F300
G1 X177.31115937307257 Y164.92282529005078 F300
G1 X177.68300478973478 Y164.55097987338854 F300;svg > g > g > g#layer1 > polyline
M3 S90
G4 P0.2
G0 X179.54223187304603 Y165.48059341504418
M3 S30
G4 P0.2
G1 X179.54223187304603 Y165.48059341504418 F300
G1 X179.9140772897083 Y166.03838799837087 F300
G1 X180.28592270637057 Y166.224310706702 F300
G1 X180.65776812303284 Y166.03838799837087 F300
G1 X180.65776812303284 Y165.6665161233753 F300
G1 X180.28592270637057 Y164.55097987338854 F300;svg > g > g > g#layer1 > polyline
M3 S90
G4 P0.2
G0 X180.28592270637057 Y166.224310706702
M3 S30
G4 P0.2
G1 X180.28592270637057 Y166.224310706702 F300
G1 X180.47184541470165 Y166.03838799837087 F300
G1 X180.47184541470165 Y165.6665161233753 F300
G1 X180.0999999980394 Y164.55097987338854 F300;svg > g > g > g#layer1 > polyline
M3 S90
G4 P0.2
G0 X180.65776812303284 Y165.6665161233753
M3 S30
G4 P0.2
G1 X180.65776812303284 Y165.6665161233753 F300
G1 X181.02961353969505 Y166.03838799837087 F300
G1 X181.4014589563573 Y166.224310706702 F300
G1 X181.5873816646884 Y166.224310706702 F300
G1 X181.9592270813507 Y166.03838799837087 F300
G1 X181.9592270813507 Y165.6665161233753 F300
G1 X181.77330437301956 Y165.10874799838192 F300
G1 X181.77330437301956 Y164.73690258171968 F300
G1 X181.9592270813507 Y164.55097987338854 F300;svg > g > g > g#layer1 > polyline
M3 S90
G4 P0.2
G0 X181.5873816646884 Y166.224310706702
M3 S30
G4 P0.2
G1 X181.5873816646884 Y166.224310706702 F300
G1 X181.77330437301956 Y166.03838799837087 F300
G1 X181.77330437301956 Y165.6665161233753 F300
G1 X181.5873816646884 Y165.10874799838192 F300
G1 X181.5873816646884 Y164.73690258171968 F300
G1 X181.9592270813507 Y164.55097987338854 F300
G1 X182.33107249801293 Y164.73690258171968 F300
G1 X182.51699520634403 Y164.92282529005078 F300
G1 X182.88884062300627 Y165.48059341504418 F300;svg > g > g > g#layer1 > polyline
M3 S90
G4 P0.2
G0 X187.7228574979489 Y165.6665161233753
M3 S30
G4 P0.2
G1 X187.7228574979489 Y165.6665161233753 F300
G1 X187.5369347896178 Y166.03838799837087 F300
G1 X187.16508937295552 Y166.224310706702 F300
G1 X186.79324395629325 Y166.224310706702 F300
G1 X186.421398539631 Y166.03838799837087 F300
G1 X186.2354758312999 Y165.85246529003973 F300
G1 X186.04955312296875 Y165.48059341504418 F300
G1 X186.04955312296875 Y165.10874799838192 F300
G1 X186.2354758312999 Y164.73690258171968 F300
G1 X186.60732124796215 Y164.55097987338854 F300
G1 X186.9791666646244 Y164.55097987338854 F300
G1 X187.35101208128665 Y164.73690258171968 F300
G1 X187.5369347896178 Y165.10874799838192 F300;svg > g > g > g#layer1 > polyline
M3 S90
G4 P0.2
G0 X186.79324395629325 Y166.224310706702
M3 S30
G4 P0.2
G1 X186.79324395629325 Y166.224310706702 F300
G1 X186.421398539631 Y165.85246529003973 F300
G1 X186.2354758312999 Y165.48059341504418 F300
G1 X186.2354758312999 Y164.92282529005078 F300
G1 X186.60732124796215 Y164.55097987338854 F300;svg > g > g > g#layer1 > polyline
M3 S90
G4 P0.2
G0 X187.90878020628003 Y166.224310706702
M3 S30
G4 P0.2
G1 X187.90878020628003 Y166.224310706702 F300
G1 X187.5369347896178 Y165.10874799838192 F300
G1 X187.5369347896178 Y164.73690258171968 F300
G1 X187.90878020628003 Y164.55097987338854 F300
G1 X188.2806256229423 Y164.73690258171968 F300
G1 X188.46654833127337 Y164.92282529005078 F300
G1 X188.83839374793564 Y165.48059341504418 F300;svg > g > g > g#layer1 > polyline
M3 S90
G4 P0.2
G0 X188.09470291461113 Y166.224310706702
M3 S30
G4 P0.2
G1 X188.09470291461113 Y166.224310706702 F300
G1 X187.7228574979489 Y165.10874799838192 F300
G1 X187.7228574979489 Y164.73690258171968 F300
G1 X187.90878020628003 Y164.55097987338854 F300;svg > g > g > g#layer1 > polyline
M3 S90
G4 P0.2
G0 X188.83839374793564 Y165.48059341504418
M3 S30
G4 P0.2
G1 X188.83839374793564 Y165.48059341504418 F300
G1 X189.2102391645979 Y166.03838799837087 F300
G1 X189.58208458126018 Y166.224310706702 F300
G1 X189.95392999792242 Y166.03838799837087 F300
G1 X189.95392999792242 Y165.6665161233753 F300
G1 X189.58208458126018 Y164.55097987338854 F300;svg > g > g > g#layer1 > polyline
M3 S90
G4 P0.2
G0 X189.58208458126018 Y166.224310706702
M3 S30
G4 P0.2
G1 X189.58208458126018 Y166.224310706702 F300
G1 X189.76800728959125 Y166.03838799837087 F300
G1 X189.76800728959125 Y165.6665161233753 F300
G1 X189.396161872929 Y164.55097987338854 F300;svg > g > g > g#layer1 > polyline
M3 S90
G4 P0.2
G0 X189.95392999792242 Y165.6665161233753
M3 S30
G4 P0.2
G1 X189.95392999792242 Y165.6665161233753 F300
G1 X190.32577541458465 Y166.03838799837087 F300
G1 X190.69764728958023 Y166.224310706702 F300
G1 X190.88356999791137 Y166.224310706702 F300
G1 X191.2554154145736 Y166.03838799837087 F300
G1 X191.2554154145736 Y165.6665161233753 F300
G1 X191.06949270624253 Y165.10874799838192 F300
G1 X191.06949270624253 Y164.73690258171968 F300
G1 X191.2554154145736 Y164.55097987338854 F300;svg > g > g > g#layer1 > polyline
M3 S90
G4 P0.2
G0 X190.88356999791137 Y166.224310706702
M3 S30
G4 P0.2
G1 X190.88356999791137 Y166.224310706702 F300
G1 X191.06949270624253 Y166.03838799837087 F300
G1 X191.06949270624253 Y165.6665161233753 F300
G1 X190.88356999791137 Y165.10874799838192 F300
G1 X190.88356999791137 Y164.73690258171968 F300
G1 X191.2554154145736 Y164.55097987338854 F300
G1 X191.62726083123584 Y164.73690258171968 F300
G1 X191.813183539567 Y164.92282529005078 F300
G1 X192.18502895622925 Y165.48059341504418 F300;svg > g > g > g#layer1 > polyline
M3 S90
G4 P0.2
G0 X194.0442560395405 Y165.6665161233753
M3 S30
G4 P0.2
G1 X194.0442560395405 Y165.6665161233753 F300
G1 X193.8583333312094 Y166.03838799837087 F300
G1 X193.48648791454713 Y166.224310706702 F300
G1 X193.1146424978849 Y166.224310706702 F300
G1 X192.74279708122262 Y166.03838799837087 F300
G1 X192.55687437289149 Y165.85246529003973 F300
G1 X192.37095166456038 Y165.48059341504418 F300
G1 X192.37095166456038 Y165.10874799838192 F300
G1 X192.55687437289149 Y164.73690258171968 F300
G1 X192.92871978955375 Y164.55097987338854 F300
G1 X193.300565206216 Y164.55097987338854 F300
G1 X193.67241062287823 Y164.73690258171968 F300
G1 X193.8583333312094 Y165.10874799838192 F300;svg > g > g > g#layer1 > polyline
M3 S90
G4 P0.2
G0 X193.1146424978849 Y166.224310706702
M3 S30
G4 P0.2
G1 X193.1146424978849 Y166.224310706702 F300
G1 X192.74279708122262 Y165.85246529003973 F300
G1 X192.55687437289149 Y165.48059341504418 F300
G1 X192.55687437289149 Y164.92282529005078 F300
G1 X192.92871978955375 Y164.55097987338854 F300;svg > g > g > g#layer1 > polyline
M3 S90
G4 P0.2
G0 X194.9738695811961 Y168.4553832066755
M3 S30
G4 P0.2
G1 X194.9738695811961 Y168.4553832066755 F300
G1 X193.8583333312094 Y165.10874799838192 F300
G1 X193.8583333312094 Y164.73690258171968 F300
G1 X194.23017874787163 Y164.55097987338854 F300
G1 X194.60202416453387 Y164.73690258171968 F300
G1 X194.787946872865 Y164.92282529005078 F300
G1 X195.15979228952727 Y165.48059341504418 F300;svg > g > g > g#layer1 > polyline
M3 S90
G4 P0.2
G0 X195.15979228952727 Y168.4553832066755
M3 S30
G4 P0.2
G1 X195.15979228952727 Y168.4553832066755 F300
G1 X194.0442560395405 Y165.10874799838192 F300
G1 X194.0442560395405 Y164.73690258171968 F300
G1 X194.23017874787163 Y164.55097987338854 F300;svg > g > g > g#layer1 > polyline
M3 S90
G4 P0.2
G0 X198.13458208115858 Y165.48059341504418
M3 S30
G4 P0.2
G1 X198.13458208115858 Y165.48059341504418 F300
G1 X198.50642749782085 Y166.03838799837087 F300
G1 X198.8782729144831 Y166.78207883169534 F300;svg > g > g > g#layer1 > polyline
M3 S90
G4 P0.2
G0 X199.4360410394765 Y168.4553832066755
M3 S30
G4 P0.2
G1 X199.4360410394765 Y168.4553832066755 F300
G1 X198.32050478948975 Y165.10874799838192 F300
G1 X198.32050478948975 Y164.73690258171968 F300
G1 X198.69235020615199 Y164.55097987338854 F300
G1 X198.8782729144831 Y164.55097987338854 F300
G1 X199.25011833114536 Y164.73690258171968 F300
G1 X199.6219637478076 Y165.10874799838192 F300
G1 X199.80788645613873 Y165.6665161233753 F300
G1 X199.80788645613873 Y166.224310706702 F300
G1 X199.99380916446987 Y165.48059341504418 F300
G1 X200.17973187280097 Y165.294670706713 F300
G1 X200.3656545811321 Y165.294670706713 F300
G1 X200.73749999779437 Y165.48059341504418 F300;svg > g > g > g#layer1 > polyline
M3 S90
G4 P0.2
G0 X199.6219637478076 Y168.4553832066755
M3 S30
G4 P0.2
G1 X199.6219637478076 Y168.4553832066755 F300
G1 X198.50642749782085 Y165.10874799838192 F300
G1 X198.50642749782085 Y164.73690258171968 F300
G1 X198.69235020615199 Y164.55097987338854 F300;svg > g > g > g#layer1 > polygon
M3 S90
G4 P0.2
G0 X201.66711353944999 Y167.33984695668872
M3 S30
G4 P0.2
G1 X201.66711353944999 Y167.33984695668872 F300
G1 X201.48119083111885 Y167.1539242483576 F300
G1 X201.66711353944999 Y166.9680015400265 F300
G1 X201.85303624778112 Y167.1539242483576 F300
G1 X201.66711353944999 Y167.33984695668872 F300;svg > g > g > g#layer1 > polyline
M3 S90
G4 P0.2
G0 X201.29526812278775 Y166.224310706702
M3 S30
G4 P0.2
G1 X201.29526812278775 Y166.224310706702 F300
G1 X200.9234227061255 Y165.10874799838192 F300
G1 X200.9234227061255 Y164.73690258171968 F300
G1 X201.29526812278775 Y164.55097987338854 F300
G1 X201.66711353944999 Y164.73690258171968 F300
G1 X201.85303624778112 Y164.92282529005078 F300
G1 X202.22488166444336 Y165.48059341504418 F300;svg > g > g > g#layer1 > polyline
M3 S90
G4 P0.2
G0 X201.48119083111885 Y166.224310706702
M3 S30
G4 P0.2
G1 X201.48119083111885 Y166.224310706702 F300
G1 X201.1093454144566 Y165.10874799838192 F300
G1 X201.1093454144566 Y164.73690258171968 F300
G1 X201.29526812278775 Y164.55097987338854 F300;svg > g > g > g#layer1 > polyline
M3 S90
G4 P0.2
G0 X202.22488166444336 Y165.48059341504418
M3 S30
G4 P0.2
G1 X202.22488166444336 Y165.48059341504418 F300
G1 X202.59672708110563 Y166.03838799837087 F300
G1 X202.96857249776787 Y166.224310706702 F300
G1 X203.3404179144301 Y166.03838799837087 F300
G1 X203.3404179144301 Y165.6665161233753 F300
G1 X202.96857249776787 Y164.55097987338854 F300;svg > g > g > g#layer1 > polyline
M3 S90
G4 P0.2
G0 X202.96857249776787 Y166.224310706702
M3 S30
G4 P0.2
G1 X202.96857249776787 Y166.224310706702 F300
G1 X203.154495206099 Y166.03838799837087 F300
G1 X203.154495206099 Y165.6665161233753 F300
G1 X202.78264978943676 Y164.55097987338854 F300;svg > g > g > g#layer1 > polyline
M3 S90
G4 P0.2
G0 X203.3404179144301 Y165.6665161233753
M3 S30
G4 P0.2
G1 X203.3404179144301 Y165.6665161233753 F300
G1 X203.71226333109237 Y166.03838799837087 F300
G1 X204.08410874775458 Y166.224310706702 F300
G1 X204.27005791441906 Y166.224310706702 F300
G1 X204.64190333108132 Y166.03838799837087 F300
G1 X204.64190333108132 Y165.6665161233753 F300
G1 X204.4559806227502 Y165.10874799838192 F300
G1 X204.4559806227502 Y164.73690258171968 F300
G1 X204.64190333108132 Y164.55097987338854 F300;svg > g > g > g#layer1 > polyline
M3 S90
G4 P0.2
G0 X204.27005791441906 Y166.224310706702
M3 S30
G4 P0.2
G1 X204.27005791441906 Y166.224310706702 F300
G1 X204.4559806227502 Y166.03838799837087 F300
G1 X204.4559806227502 Y165.6665161233753 F300
G1 X204.27005791441906 Y165.10874799838192 F300
G1 X204.27005791441906 Y164.73690258171968 F300
G1 X204.64190333108132 Y164.55097987338854 F300
G1 X205.0137487477436 Y164.73690258171968 F300
G1 X205.19967145607467 Y164.92282529005078 F300
G1 X205.57151687273694 Y165.48059341504418 F300;svg > g > g > g#layer1 > polyline
M3 S90
G4 P0.2
G0 X206.87297583105484 Y166.224310706702
M3 S30
G4 P0.2
G1 X206.87297583105484 Y166.224310706702 F300
G1 X206.50113041439258 Y166.224310706702 F300
G1 X206.1292849977303 Y166.03838799837087 F300
G1 X205.9433622893992 Y165.85246529003973 F300
G1 X205.75743958106804 Y165.48059341504418 F300
G1 X205.75743958106804 Y165.10874799838192 F300
G1 X205.9433622893992 Y164.73690258171968 F300
G1 X206.31520770606147 Y164.55097987338854 F300
G1 X206.68705312272368 Y164.55097987338854 F300
G1 X207.05889853938595 Y164.73690258171968 F300
G1 X207.24482124771708 Y164.92282529005078 F300
G1 X207.43074395604822 Y165.294670706713 F300
G1 X207.43074395604822 Y165.6665161233753 F300
G1 X207.24482124771708 Y166.03838799837087 F300
G1 X206.87297583105484 Y166.224310706702 F300
G1 X206.68705312272368 Y166.03838799837087 F300
G1 X206.68705312272368 Y165.6665161233753 F300
G1 X206.87297583105484 Y165.294670706713 F300
G1 X207.24482124771708 Y165.10874799838192 F300
G1 X207.6166666643793 Y165.10874799838192 F300
G1 X207.98851208104156 Y165.294670706713 F300
G1 X208.17443478937273 Y165.48059341504418 F300;svg > g > g > g#layer1 > polyline
M3 S90
G4 P0.2
G0 X206.50113041439258 Y166.224310706702
M3 S30
G4 P0.2
G1 X206.50113041439258 Y166.224310706702 F300
G1 X206.1292849977303 Y165.85246529003973 F300
G1 X205.9433622893992 Y165.48059341504418 F300
G1 X205.9433622893992 Y164.92282529005078 F300
G1 X206.31520770606147 Y164.55097987338854 F300;svg > g > g > g#layer1 > polyline
M3 S90
G4 P0.2
G0 X208.17443478937273 Y165.48059341504418
M3 S30
G4 P0.2
G1 X208.17443478937273 Y165.48059341504418 F300
G1 X208.54628020603494 Y166.03838799837087 F300
G1 X208.9181256226972 Y166.224310706702 F300
G1 X209.28997103935947 Y166.03838799837087 F300
G1 X209.28997103935947 Y165.6665161233753 F300
G1 X208.9181256226972 Y164.55097987338854 F300;svg > g > g > g#layer1 > polyline
M3 S90
G4 P0.2
G0 X208.9181256226972 Y166.224310706702
M3 S30
G4 P0.2
G1 X208.9181256226972 Y166.224310706702 F300
G1 X209.1040483310283 Y166.03838799837087 F300
G1 X209.1040483310283 Y165.6665161233753 F300
G1 X208.7322029143661 Y164.55097987338854 F300;svg > g > g > g#layer1 > polyline
M3 S90
G4 P0.2
G0 X209.28997103935947 Y165.6665161233753
M3 S30
G4 P0.2
G1 X209.28997103935947 Y165.6665161233753 F300
G1 X209.6618164560217 Y166.03838799837087 F300
G1 X210.03366187268392 Y166.224310706702 F300
G1 X210.2195845810151 Y166.224310706702 F300
G1 X210.59142999767735 Y166.03838799837087 F300
G1 X210.59142999767735 Y165.6665161233753 F300
G1 X210.2195845810151 Y164.55097987338854 F300;svg > g > g > g#layer1 > polyline
M3 S90
G4 P0.2
G0 X210.2195845810151 Y166.224310706702
M3 S30
G4 P0.2
G1 X210.2195845810151 Y166.224310706702 F300
G1 X210.40550728934622 Y166.03838799837087 F300
G1 X210.40550728934622 Y165.6665161233753 F300
G1 X210.03366187268392 Y164.55097987338854 F300;svg > g > g > g#layer1 > polyline
M3 S90
G4 P0.2
G0 X210.59142999767735 Y165.6665161233753
M3 S30
G4 P0.2
G1 X210.59142999767735 Y165.6665161233753 F300
G1 X210.96327541433956 Y166.03838799837087 F300
G1 X211.33514728933517 Y166.224310706702 F300
G1 X211.5210699976663 Y166.224310706702 F300
G1 X211.89291541432857 Y166.03838799837087 F300
G1 X211.89291541432857 Y165.6665161233753 F300
G1 X211.70699270599744 Y165.10874799838192 F300
G1 X211.70699270599744 Y164.73690258171968 F300
G1 X211.89291541432857 Y164.55097987338854 F300;svg > g > g > g#layer1 > polyline
M3 S90
G4 P0.2
G0 X211.5210699976663 Y166.224310706702
M3 S30
G4 P0.2
G1 X211.5210699976663 Y166.224310706702 F300
G1 X211.70699270599744 Y166.03838799837087 F300
G1 X211.70699270599744 Y165.6665161233753 F300
G1 X211.5210699976663 Y165.10874799838192 F300
G1 X211.5210699976663 Y164.73690258171968 F300
G1 X211.89291541432857 Y164.55097987338854 F300
G1 X212.2647608309908 Y164.73690258171968 F300
G1 X212.45068353932191 Y164.92282529005078 F300
G1 X212.82252895598418 Y165.48059341504418 F300;svg > g > g > g#layer1 > polygon
M3 S90
G4 P0.2
G0 X213.75214249763982 Y167.33984695668872
M3 S30
G4 P0.2
G1 X213.75214249763982 Y167.33984695668872 F300
G1 X213.56621978930866 Y167.1539242483576 F300
G1 X213.75214249763982 Y166.9680015400265 F300
G1 X213.93806520597093 Y167.1539242483576 F300
G1 X213.75214249763982 Y167.33984695668872 F300;svg > g > g > g#layer1 > polyline
M3 S90
G4 P0.2
G0 X213.38029708097756 Y166.224310706702
M3 S30
G4 P0.2
G1 X213.38029708097756 Y166.224310706702 F300
G1 X213.00845166431534 Y165.10874799838192 F300
G1 X213.00845166431534 Y164.73690258171968 F300
G1 X213.38029708097756 Y164.55097987338854 F300
G1 X213.75214249763982 Y164.73690258171968 F300
G1 X213.93806520597093 Y164.92282529005078 F300
G1 X214.3099106226332 Y165.48059341504418 F300;svg > g > g > g#layer1 > polyline
M3 S90
G4 P0.2
G0 X213.56621978930866 Y166.224310706702
M3 S30
G4 P0.2
G1 X213.56621978930866 Y166.224310706702 F300
G1 X213.19437437264642 Y165.10874799838192 F300
G1 X213.19437437264642 Y164.73690258171968 F300
G1 X213.38029708097756 Y164.55097987338854 F300;svg > g > g > g#layer1 > polyline
M3 S90
G4 P0.2
G0 X216.16913770594445 Y165.6665161233753
M3 S30
G4 P0.2
G1 X216.16913770594445 Y165.6665161233753 F300
G1 X215.9832149976133 Y166.03838799837087 F300
G1 X215.61136958095105 Y166.224310706702 F300
G1 X215.2395241642888 Y166.224310706702 F300
G1 X214.86767874762654 Y166.03838799837087 F300
G1 X214.68175603929546 Y165.85246529003973 F300
G1 X214.49583333096427 Y165.48059341504418 F300
G1 X214.49583333096427 Y165.10874799838192 F300
G1 X214.68175603929546 Y164.73690258171968 F300
G1 X215.0536014559577 Y164.55097987338854 F300
G1 X215.42544687261991 Y164.55097987338854 F300
G1 X215.79729228928218 Y164.73690258171968 F300
G1 X215.9832149976133 Y165.10874799838192 F300;svg > g > g > g#layer1 > polyline
M3 S90
G4 P0.2
G0 X215.2395241642888 Y166.224310706702
M3 S30
G4 P0.2
G1 X215.2395241642888 Y166.224310706702 F300
G1 X214.86767874762654 Y165.85246529003973 F300
G1 X214.68175603929546 Y165.48059341504418 F300
G1 X214.68175603929546 Y164.92282529005078 F300
G1 X215.0536014559577 Y164.55097987338854 F300;svg > g > g > g#layer1 > polyline
M3 S90
G4 P0.2
G0 X216.35506041427556 Y166.224310706702
M3 S30
G4 P0.2
G1 X216.35506041427556 Y166.224310706702 F300
G1 X215.9832149976133 Y165.10874799838192 F300
G1 X215.9832149976133 Y164.73690258171968 F300
G1 X216.35506041427556 Y164.55097987338854 F300
G1 X216.72690583093782 Y164.73690258171968 F300
G1 X216.9128285392689 Y164.92282529005078 F300
G1 X217.28467395593117 Y165.48059341504418 F300;svg > g > g > g#layer1 > polyline
M3 S90
G4 P0.2
G0 X216.5409831226067 Y166.224310706702
M3 S30
G4 P0.2
G1 X216.5409831226067 Y166.224310706702 F300
G1 X216.16913770594445 Y165.10874799838192 F300
G1 X216.16913770594445 Y164.73690258171968 F300
G1 X216.35506041427556 Y164.55097987338854 F300;svg > g > g > g#layer1 > polyline
M3 S90
G4 P0.2
G0 X217.28467395593117 Y165.48059341504418
M3 S30
G4 P0.2
G1 X217.28467395593117 Y165.48059341504418 F300
G1 X217.65651937259344 Y166.03838799837087 F300
G1 X218.02839124758904 Y166.78207883169534 F300;svg > g > g > g#layer1 > polyline
M3 S90
G4 P0.2
G0 X218.58615937258244 Y168.4553832066755
M3 S30
G4 P0.2
G1 X218.58615937258244 Y168.4553832066755 F300
G1 X217.47059666426233 Y165.10874799838192 F300
G1 X217.47059666426233 Y164.73690258171968 F300
G1 X217.84244208092454 Y164.55097987338854 F300
G1 X218.21431395592015 Y164.73690258171968 F300
G1 X218.40023666425125 Y164.92282529005078 F300
G1 X218.77208208091352 Y165.48059341504418 F300;svg > g > g > g#layer1 > polyline
M3 S90
G4 P0.2
G0 X218.77208208091352 Y168.4553832066755
M3 S30
G4 P0.2
G1 X218.77208208091352 Y168.4553832066755 F300
G1 X217.65651937259344 Y165.10874799838192 F300
G1 X217.65651937259344 Y164.73690258171968 F300
G1 X217.84244208092454 Y164.55097987338854 F300;svg > g > g > g#layer1 > polyline
M3 S90
G4 P0.2
G0 X221.74684541421152 Y165.48059341504418
M3 S30
G4 P0.2
G1 X221.74684541421152 Y165.48059341504418 F300
G1 X222.1186908308738 Y166.03838799837087 F300
G1 X222.49053624753603 Y166.78207883169534 F300;svg > g > g > g#layer1 > polyline
M3 S90
G4 P0.2
G0 X223.04830437252943 Y168.4553832066755
M3 S30
G4 P0.2
G1 X223.04830437252943 Y168.4553832066755 F300
G1 X221.93276812254268 Y165.10874799838192 F300
G1 X221.93276812254268 Y164.73690258171968 F300
G1 X222.30461353920495 Y164.55097987338854 F300
G1 X222.67645895586716 Y164.73690258171968 F300
G1 X222.86238166419824 Y164.92282529005078 F300
G1 X223.23422708086056 Y165.48059341504418 F300;svg > g > g > g#layer1 > polyline
M3 S90
G4 P0.2
G0 X223.23422708086056 Y168.4553832066755
M3 S30
G4 P0.2
G1 X223.23422708086056 Y168.4553832066755 F300
G1 X222.1186908308738 Y165.10874799838192 F300
G1 X222.1186908308738 Y164.73690258171968 F300
G1 X222.30461353920495 Y164.55097987338854 F300;svg > g > g > g#layer1 > line
M3 S90
G4 P0.2
G0 X222.1186908308738 Y166.9680015400265
M3 S30
G4 P0.2
G1 X223.23422708086056 Y166.9680015400265 F300;svg > g > g > g#layer1 > polyline
M3 S90
G4 P0.2
G0 X223.23422708086056 Y165.48059341504418
M3 S30
G4 P0.2
G1 X223.23422708086056 Y165.48059341504418 F300
G1 X223.6060724975228 Y166.03838799837087 F300
G1 X223.97791791418507 Y166.78207883169534 F300;svg > g > g > g#layer1 > line
M3 S90
G4 P0.2
G0 X224.53568603917842 Y168.4553832066755
M3 S30
G4 P0.2
G1 X223.23422708086056 Y164.55097987338854 F300;svg > g > g > g#layer1 > line
M3 S90
G4 P0.2
G0 X224.72160874750952 Y168.4553832066755
M3 S30
G4 P0.2
G1 X223.42014978919167 Y164.55097987338854 F300;svg > g > g > g#layer1 > polyline
M3 S90
G4 P0.2
G0 X223.79199520585388 Y165.6665161233753
M3 S30
G4 P0.2
G1 X223.79199520585388 Y165.6665161233753 F300
G1 X224.16384062251615 Y166.03838799837087 F300
G1 X224.53568603917842 Y166.224310706702 F300
G1 X224.72160874750952 Y166.224310706702 F300
G1 X225.09348062250515 Y166.03838799837087 F300
G1 X225.09348062250515 Y165.6665161233753 F300
G1 X224.90755791417402 Y165.10874799838192 F300
G1 X224.90755791417402 Y164.73690258171968 F300
G1 X225.09348062250515 Y164.55097987338854 F300;svg > g > g > g#layer1 > polyline
M3 S90
G4 P0.2
G0 X224.72160874750952 Y166.224310706702
M3 S30
G4 P0.2
G1 X224.72160874750952 Y166.224310706702 F300
G1 X224.90755791417402 Y166.03838799837087 F300
G1 X224.90755791417402 Y165.6665161233753 F300
G1 X224.72160874750952 Y165.10874799838192 F300
G1 X224.72160874750952 Y164.73690258171968 F300
G1 X225.09348062250515 Y164.55097987338854 F300
G1 X225.46532603916742 Y164.73690258171968 F300
G1 X225.6512487474985 Y164.92282529005078 F300
G1 X226.02309416416077 Y165.48059341504418 F300;svg > g > g > g#layer1 > polyline
M3 S90
G4 P0.2
G0 X226.58086228915414 Y164.92282529005078
M3 S30
G4 P0.2
G1 X226.58086228915414 Y164.92282529005078 F300
G1 X226.9527077058164 Y165.10874799838192 F300
G1 X227.1386304141475 Y165.294670706713 F300
G1 X227.32455312247865 Y165.6665161233753 F300
G1 X227.32455312247865 Y166.03838799837087 F300
G1 X227.1386304141475 Y166.224310706702 F300
G1 X226.9527077058164 Y166.224310706702 F300
G1 X226.58086228915414 Y166.03838799837087 F300
G1 X226.394939580823 Y165.85246529003973 F300
G1 X226.20901687249187 Y165.48059341504418 F300
G1 X226.20901687249187 Y165.10874799838192 F300
G1 X226.394939580823 Y164.73690258171968 F300
G1 X226.76678499748527 Y164.55097987338854 F300
G1 X227.32455312247865 Y164.55097987338854 F300
G1 X227.88232124747205 Y164.92282529005078 F300
G1 X228.2541666641343 Y165.48059341504418 F300;svg > g > g > g#layer1 > polyline
M3 S90
G4 P0.2
G0 X226.9527077058164 Y166.224310706702
M3 S30
G4 P0.2
G1 X226.9527077058164 Y166.224310706702 F300
G1 X226.58086228915414 Y165.85246529003973 F300
G1 X226.394939580823 Y165.48059341504418 F300
G1 X226.394939580823 Y164.92282529005078 F300
G1 X226.76678499748527 Y164.55097987338854 F300;svg > g > g > g#layer1 > polyline
M3 S90
G4 P0.2
G0 X229.55562562245214 Y166.224310706702
M3 S30
G4 P0.2
G1 X229.55562562245214 Y166.224310706702 F300
G1 X229.18378020578993 Y166.224310706702 F300
G1 X228.81193478912766 Y166.03838799837087 F300
G1 X228.6260120807965 Y165.85246529003973 F300
G1 X228.4400893724654 Y165.48059341504418 F300
G1 X228.4400893724654 Y165.10874799838192 F300
G1 X228.6260120807965 Y164.73690258171968 F300
G1 X228.99785749745877 Y164.55097987338854 F300
G1 X229.36970291412098 Y164.55097987338854 F300
G1 X229.74154833078327 Y164.73690258171968 F300
G1 X229.9274710391144 Y164.92282529005078 F300
G1 X230.11339374744554 Y165.294670706713 F300
G1 X230.11339374744554 Y165.6665161233753 F300
G1 X229.9274710391144 Y166.03838799837087 F300
G1 X229.55562562245214 Y166.224310706702 F300
G1 X229.36970291412098 Y166.03838799837087 F300
G1 X229.36970291412098 Y165.6665161233753 F300
G1 X229.55562562245214 Y165.294670706713 F300
G1 X229.9274710391144 Y165.10874799838192 F300
G1 X230.29931645577662 Y165.10874799838192 F300
G1 X230.67116187243892 Y165.294670706713 F300
G1 X230.85708458077002 Y165.48059341504418 F300;svg > g > g > g#layer1 > polyline
M3 S90
G4 P0.2
G0 X229.18378020578993 Y166.224310706702
M3 S30
G4 P0.2
G1 X229.18378020578993 Y166.224310706702 F300
G1 X228.81193478912766 Y165.85246529003973 F300
G1 X228.6260120807965 Y165.48059341504418 F300
G1 X228.6260120807965 Y164.92282529005078 F300
G1 X228.99785749745877 Y164.55097987338854 F300;svg > g > g > g#layer1 > polyline
M3 S90
G4 P0.2
G0 X230.85708458077002 Y165.48059341504418
M3 S30
G4 P0.2
G1 X230.85708458077002 Y165.48059341504418 F300
G1 X231.22892999743226 Y166.03838799837087 F300
G1 X231.60077541409456 Y166.224310706702 F300
G1 X231.9726472890901 Y166.03838799837087 F300
G1 X231.9726472890901 Y165.6665161233753 F300
G1 X231.60077541409456 Y164.55097987338854 F300;svg > g > g > g#layer1 > polyline
M3 S90
G4 P0.2
G0 X231.60077541409456 Y166.224310706702
M3 S30
G4 P0.2
G1 X231.60077541409456 Y166.224310706702 F300
G1 X231.78672458075897 Y166.03838799837087 F300
G1 X231.78672458075897 Y165.6665161233753 F300
G1 X231.4148527057634 Y164.55097987338854 F300;svg > g > g > g#layer1 > polyline
M3 S90
G4 P0.2
G0 X231.9726472890901 Y165.6665161233753
M3 S30
G4 P0.2
G1 X231.9726472890901 Y165.6665161233753 F300
G1 X232.34449270575237 Y166.03838799837087 F300
G1 X232.7163381224146 Y166.224310706702 F300
G1 X232.90226083074575 Y166.224310706702 F300
G1 X232.7163381224146 Y165.6665161233753 F300;svg > g > g > g#layer1 > polyline
M3 S90
G4 P0.2
G0 X232.7163381224146 Y166.224310706702
M3 S30
G4 P0.2
G1 X232.7163381224146 Y166.224310706702 F300
G1 X232.7163381224146 Y165.6665161233753 F300
G1 X232.90226083074575 Y165.294670706713 F300
G1 X233.08818353907685 Y165.294670706713 F300
G1 X233.46002895573912 Y165.48059341504418 F300;svg > g > g > g#layer1 > polyline
M3 S90
G4 P0.2
G0 X234.01779708073246 Y164.92282529005078
M3 S30
G4 P0.2
G1 X234.01779708073246 Y164.92282529005078 F300
G1 X234.38964249739473 Y165.10874799838192 F300
G1 X234.57556520572584 Y165.294670706713 F300
G1 X234.76148791405703 Y165.6665161233753 F300
G1 X234.76148791405703 Y166.03838799837087 F300
G1 X234.57556520572584 Y166.224310706702 F300
G1 X234.38964249739473 Y166.224310706702 F300
G1 X234.01779708073246 Y166.03838799837087 F300
G1 X233.8318743724014 Y165.85246529003973 F300
G1 X233.64595166407022 Y165.48059341504418 F300
G1 X233.64595166407022 Y165.10874799838192 F300
G1 X233.8318743724014 Y164.73690258171968 F300
G1 X234.2037197890636 Y164.55097987338854 F300
G1 X234.76148791405703 Y164.55097987338854 F300
G1 X235.31925603905037 Y164.92282529005078 F300
G1 X235.69110145571264 Y165.48059341504418 F300;svg > g > g > g#layer1 > polyline
M3 S90
G4 P0.2
G0 X234.38964249739473 Y166.224310706702
M3 S30
G4 P0.2
G1 X234.38964249739473 Y166.224310706702 F300
G1 X234.01779708073246 Y165.85246529003973 F300
G1 X233.8318743724014 Y165.48059341504418 F300
G1 X233.8318743724014 Y164.92282529005078 F300
G1 X234.2037197890636 Y164.55097987338854 F300;svg > g > g > g#layer1 > polyline
M3 S90
G4 P0.2
G0 X235.69110145571264 Y165.48059341504418
M3 S30
G4 P0.2
G1 X235.69110145571264 Y165.48059341504418 F300
G1 X236.06294687237485 Y166.03838799837087 F300
G1 X236.4347922890371 Y166.224310706702 F300
G1 X236.8066377056994 Y166.03838799837087 F300
G1 X236.8066377056994 Y165.6665161233753 F300
G1 X236.4347922890371 Y164.55097987338854 F300;svg > g > g > g#layer1 > polyline
M3 S90
G4 P0.2
G0 X236.4347922890371 Y166.224310706702
M3 S30
G4 P0.2
G1 X236.4347922890371 Y166.224310706702 F300
G1 X236.62071499736822 Y166.03838799837087 F300
G1 X236.62071499736822 Y165.6665161233753 F300
G1 X236.248869580706 Y164.55097987338854 F300;svg > g > g > g#layer1 > polyline
M3 S90
G4 P0.2
G0 X236.8066377056994 Y165.6665161233753
M3 S30
G4 P0.2
G1 X236.8066377056994 Y165.6665161233753 F300
G1 X237.17848312236165 Y166.03838799837087 F300
G1 X237.55032853902387 Y166.224310706702 F300
G1 X237.736251247355 Y166.224310706702 F300
G1 X238.10809666401727 Y166.03838799837087 F300
G1 X238.10809666401727 Y165.6665161233753 F300
G1 X237.736251247355 Y164.55097987338854 F300;svg > g > g > g#layer1 > polyline
M3 S90
G4 P0.2
G0 X237.736251247355 Y166.224310706702
M3 S30
G4 P0.2
G1 X237.736251247355 Y166.224310706702 F300
G1 X237.9221739556861 Y166.03838799837087 F300
G1 X237.9221739556861 Y165.6665161233753 F300
G1 X237.55032853902387 Y164.55097987338854 F300;svg > g > g > g#layer1 > polyline
M3 S90
G4 P0.2
G0 X238.10809666401727 Y165.6665161233753
M3 S30
G4 P0.2
G1 X238.10809666401727 Y165.6665161233753 F300
G1 X238.47994208067948 Y166.03838799837087 F300
G1 X238.85181395567508 Y166.224310706702 F300
G1 X239.03773666400622 Y166.224310706702 F300
G1 X239.40958208066846 Y166.03838799837087 F300
G1 X239.40958208066846 Y165.6665161233753 F300
G1 X239.22365937233735 Y165.10874799838192 F300
G1 X239.22365937233735 Y164.73690258171968 F300
G1 X239.40958208066846 Y164.55097987338854 F300;svg > g > g > g#layer1 > polyline
M3 S90
G4 P0.2
G0 X239.03773666400622 Y166.224310706702
M3 S30
G4 P0.2
G1 X239.03773666400622 Y166.224310706702 F300
G1 X239.22365937233735 Y166.03838799837087 F300
G1 X239.22365937233735 Y165.6665161233753 F300
G1 X239.03773666400622 Y165.10874799838192 F300
G1 X239.03773666400622 Y164.73690258171968 F300
G1 X239.40958208066846 Y164.55097987338854 F300
G1 X239.78142749733072 Y164.73690258171968 F300
G1 X239.96735020566183 Y164.92282529005078 F300
G1 X240.3391956223241 Y165.48059341504418 F300;svg > g > g > g#layer1 > polygon
M3 S90
G4 P0.2
G0 X240.89696374731747 Y164.92282529005078
M3 S30
G4 P0.2
G1 X240.89696374731747 Y164.92282529005078 F300
G1 X240.71104103898637 Y164.73690258171968 F300
G1 X240.89696374731747 Y164.55097987338854 F300
G1 X241.08288645564858 Y164.73690258171968 F300
G1 X240.89696374731747 Y164.92282529005078 F300;svg > g > g > g#layer1 > polyline
M3 S90
G4 P0.2
G0 X243.4998816639532 Y167.89761508168215
M3 S30
G4 P0.2
G1 X243.4998816639532 Y167.89761508168215 F300
G1 X243.31395895562207 Y167.52576966501988 F300
G1 X243.31395895562207 Y167.1539242483576 F300
G1 X243.4998816639532 Y166.78207883169534 F300
G1 X243.87172708061547 Y166.59615612336427 F300
G1 X244.42949520560884 Y166.59615612336427 F300
G1 X244.98726333060225 Y166.78207883169534 F300
G1 X245.35910874726446 Y166.9680015400265 F300
G1 X245.9169033305912 Y167.52576966501988 F300
G1 X246.10282603892233 Y168.08353779001325 F300
G1 X246.10282603892233 Y168.26946049834436 F300
G1 X245.9169033305912 Y168.4553832066755 F300
G1 X245.73098062226006 Y168.4553832066755 F300
G1 X245.35910874726446 Y168.26946049834436 F300
G1 X245.17318603893335 Y168.08353779001325 F300
G1 X244.98726333060225 Y167.71169237335099 F300
G1 X244.80134062227108 Y167.1539242483576 F300
G1 X244.42949520560884 Y165.85246529003973 F300
G1 X244.2435724972777 Y165.294670706713 F300
G1 X243.87172708061547 Y164.73690258171968 F300
G1 X243.4998816639532 Y164.55097987338854 F300;svg > g > g > g#layer1 > polyline
M3 S90
G4 P0.2
G0 X244.98726333060225 Y167.71169237335099
M3 S30
G4 P0.2
G1 X244.98726333060225 Y167.71169237335099 F300
G1 X244.80134062227108 Y166.9680015400265 F300
G1 X244.61541791393998 Y165.6665161233753 F300
G1 X244.42949520560884 Y165.10874799838192 F300
G1 X244.0576497889466 Y164.73690258171968 F300
G1 X243.4998816639532 Y164.55097987338854 F300
G1 X242.94211353895983 Y164.55097987338854 F300
G1 X242.57026812229762 Y164.73690258171968 F300
G1 X242.38434541396646 Y165.10874799838192 F300
G1 X242.38434541396646 Y165.294670706713 F300
G1 X242.57026812229762 Y165.48059341504418 F300
G1 X242.75619083062873 Y165.294670706713 F300
G1 X242.57026812229762 Y165.10874799838192 F300;svg > g > g > g#layer1 > polyline
M3 S90
G4 P0.2
G0 X247.40428499724024 Y166.224310706702
M3 S30
G4 P0.2
G1 X247.40428499724024 Y166.224310706702 F300
G1 X247.03243958057791 Y166.224310706702 F300
G1 X246.6605941639157 Y166.03838799837087 F300
G1 X246.4746714555846 Y165.85246529003973 F300
G1 X246.28874874725344 Y165.48059341504418 F300
G1 X246.28874874725344 Y165.10874799838192 F300
G1 X246.4746714555846 Y164.73690258171968 F300
G1 X246.8465168722468 Y164.55097987338854 F300
G1 X247.21836228890905 Y164.55097987338854 F300
G1 X247.59020770557132 Y164.73690258171968 F300
G1 X247.77613041390245 Y164.92282529005078 F300
G1 X247.96205312223356 Y165.294670706713 F300
G1 X247.96205312223356 Y165.6665161233753 F300
G1 X247.77613041390245 Y166.03838799837087 F300
G1 X247.40428499724024 Y166.224310706702 F300
G1 X247.21836228890905 Y166.03838799837087 F300
G1 X247.21836228890905 Y165.6665161233753 F300
G1 X247.40428499724024 Y165.294670706713 F300
G1 X247.77613041390245 Y165.10874799838192 F300
G1 X248.1479758305647 Y165.10874799838192 F300
G1 X248.51982124722696 Y165.294670706713 F300
G1 X248.70574395555806 Y165.48059341504418 F300;svg > g > g > g#layer1 > polyline
M3 S90
G4 P0.2
G0 X247.03243958057791 Y166.224310706702
M3 S30
G4 P0.2
G1 X247.03243958057791 Y166.224310706702 F300
G1 X246.6605941639157 Y165.85246529003973 F300
G1 X246.4746714555846 Y165.48059341504418 F300
G1 X246.4746714555846 Y164.92282529005078 F300
G1 X246.8465168722468 Y164.55097987338854 F300;svg > g > g > g#layer1 > polyline
M3 S90
G4 P0.2
G0 X248.70574395555806 Y165.48059341504418
M3 S30
G4 P0.2
G1 X248.70574395555806 Y165.48059341504418 F300
G1 X249.07758937222033 Y166.03838799837087 F300
G1 X249.4494347888826 Y166.78207883169534 F300;svg > g > g > g#layer1 > polyline
M3 S90
G4 P0.2
G0 X250.00720291387597 Y168.4553832066755
M3 S30
G4 P0.2
G1 X250.00720291387597 Y168.4553832066755 F300
G1 X248.89166666388917 Y165.10874799838192 F300
G1 X248.89166666388917 Y164.73690258171968 F300
G1 X249.26351208055144 Y164.55097987338854 F300
G1 X249.63535749721368 Y164.73690258171968 F300
G1 X249.8212802055448 Y164.92282529005078 F300
G1 X250.19312562220708 Y165.48059341504418 F300;svg > g > g > g#layer1 > polyline
M3 S90
G4 P0.2
G0 X250.19312562220708 Y168.4553832066755
M3 S30
G4 P0.2
G1 X250.19312562220708 Y168.4553832066755 F300
G1 X249.07758937222033 Y165.10874799838192 F300
G1 X249.07758937222033 Y164.73690258171968 F300
G1 X249.26351208055144 Y164.55097987338854 F300;svg > g > g > g#layer1 > polyline
M3 S90
G4 P0.2
G0 X250.75089374720045 Y166.224310706702
M3 S30
G4 P0.2
G1 X250.75089374720045 Y166.224310706702 F300
G1 X250.3790483305382 Y165.10874799838192 F300
G1 X250.3790483305382 Y164.73690258171968 F300
G1 X250.75089374720045 Y164.55097987338854 F300
G1 X250.93681645553156 Y164.55097987338854 F300
G1 X251.3086618721938 Y164.73690258171968 F300
G1 X251.68050728885603 Y165.10874799838192 F300
G1 X252.05235270551836 Y165.6665161233753 F300;svg > g > g > g#layer1 > polyline
M3 S90
G4 P0.2
G0 X250.93681645553156 Y166.224310706702
M3 S30
G4 P0.2
G1 X250.93681645553156 Y166.224310706702 F300
G1 X250.56497103886932 Y165.10874799838192 F300
G1 X250.56497103886932 Y164.73690258171968 F300
G1 X250.75089374720045 Y164.55097987338854 F300;svg > g > g > g#layer1 > polyline
M3 S90
G4 P0.2
G0 X252.23827541384946 Y166.224310706702
M3 S30
G4 P0.2
G1 X252.23827541384946 Y166.224310706702 F300
G1 X251.86642999718723 Y165.10874799838192 F300
G1 X251.86642999718723 Y164.73690258171968 F300
G1 X252.23827541384946 Y164.55097987338854 F300
G1 X252.610147288845 Y164.73690258171968 F300
G1 X252.79606999717618 Y164.92282529005078 F300
G1 X253.1679154138384 Y165.48059341504418 F300;svg > g > g > g#layer1 > polyline
M3 S90
G4 P0.2
G0 X252.42422458051394 Y166.224310706702
M3 S30
G4 P0.2
G1 X252.42422458051394 Y166.224310706702 F300
G1 X252.05235270551836 Y165.10874799838192 F300
G1 X252.05235270551836 Y164.73690258171968 F300
G1 X252.23827541384946 Y164.55097987338854 F300;svg > g > g > g#layer1 > polyline
M3 S90
G4 P0.2
G0 X253.1679154138384 Y165.48059341504418
M3 S30
G4 P0.2
G1 X253.1679154138384 Y165.48059341504418 F300
G1 X253.53976083050068 Y166.03838799837087 F300
G1 X253.91160624716292 Y166.78207883169534 F300;svg > g > g > g#layer1 > polyline
M3 S90
G4 P0.2
G0 X254.46937437215627 Y168.4553832066755
M3 S30
G4 P0.2
G1 X254.46937437215627 Y168.4553832066755 F300
G1 X253.35383812216955 Y165.10874799838192 F300
G1 X253.35383812216955 Y164.73690258171968 F300
G1 X253.7256835388318 Y164.55097987338854 F300
G1 X254.09752895549403 Y164.73690258171968 F300
G1 X254.28345166382522 Y164.92282529005078 F300
G1 X254.65529708048746 Y165.48059341504418 F300;svg > g > g > g#layer1 > polyline
M3 S90
G4 P0.2
G0 X254.65529708048746 Y168.4553832066755
M3 S30
G4 P0.2
G1 X254.65529708048746 Y168.4553832066755 F300
G1 X253.53976083050068 Y165.10874799838192 F300
G1 X253.53976083050068 Y164.73690258171968 F300
G1 X253.7256835388318 Y164.55097987338854 F300;svg > g > g > g#layer1 > line
M3 S90
G4 P0.2
G0 X253.53976083050068 Y166.9680015400265
M3 S30
G4 P0.2
G1 X254.65529708048746 Y166.9680015400265 F300;svg > g > g > g#layer1 > polygon
M3 S90
G4 P0.2
G0 X255.584910622143 Y167.33984695668872
M3 S30
G4 P0.2
G1 X255.584910622143 Y167.33984695668872 F300
G1 X255.39898791381194 Y167.1539242483576 F300
G1 X255.584910622143 Y166.9680015400265 F300
G1 X255.77083333047418 Y167.1539242483576 F300
G1 X255.584910622143 Y167.33984695668872 F300;svg > g > g > g#layer1 > polyline
M3 S90
G4 P0.2
G0 X255.2130652054808 Y166.224310706702
M3 S30
G4 P0.2
G1 X255.2130652054808 Y166.224310706702 F300
G1 X254.84121978881856 Y165.10874799838192 F300
G1 X254.84121978881856 Y164.73690258171968 F300
G1 X255.2130652054808 Y164.55097987338854 F300
G1 X255.584910622143 Y164.73690258171968 F300
G1 X255.77083333047418 Y164.92282529005078 F300
G1 X256.1426787471364 Y165.48059341504418 F300;svg > g > g > g#layer1 > polyline
M3 S90
G4 P0.2
G0 X255.39898791381194 Y166.224310706702
M3 S30
G4 P0.2
G1 X255.39898791381194 Y166.224310706702 F300
G1 X255.02714249714964 Y165.10874799838192 F300
G1 X255.02714249714964 Y164.73690258171968 F300
G1 X255.2130652054808 Y164.55097987338854 F300;svg > g > g > g#layer1 > polyline
M3 S90
G4 P0.2
G0 X257.4441377054543 Y166.224310706702
M3 S30
G4 P0.2
G1 X257.4441377054543 Y166.224310706702 F300
G1 X257.0722922887921 Y166.224310706702 F300
G1 X256.7004468721298 Y166.03838799837087 F300
G1 X256.5145241637987 Y165.85246529003973 F300
G1 X256.32860145546755 Y165.48059341504418 F300
G1 X256.32860145546755 Y165.10874799838192 F300
G1 X256.5145241637987 Y164.73690258171968 F300
G1 X256.8863695804609 Y164.55097987338854 F300
G1 X257.25821499712316 Y164.55097987338854 F300
G1 X257.63006041378543 Y164.73690258171968 F300
G1 X257.81598312211656 Y164.92282529005078 F300
G1 X258.0019058304477 Y165.294670706713 F300
G1 X258.0019058304477 Y165.6665161233753 F300
G1 X257.81598312211656 Y166.03838799837087 F300
G1 X257.4441377054543 Y166.224310706702 F300
G1 X257.25821499712316 Y166.03838799837087 F300
G1 X257.25821499712316 Y165.6665161233753 F300
G1 X257.4441377054543 Y165.294670706713 F300
G1 X257.81598312211656 Y165.10874799838192 F300
G1 X258.1878285387788 Y165.10874799838192 F300
G1 X258.55967395544104 Y165.294670706713 F300
G1 X258.7455966637722 Y165.48059341504418 F300;svg > g > g > g#layer1 > polyline
M3 S90
G4 P0.2
G0 X257.0722922887921 Y166.224310706702
M3 S30
G4 P0.2
G1 X257.0722922887921 Y166.224310706702 F300
G1 X256.7004468721298 Y165.85246529003973 F300
G1 X256.5145241637987 Y165.48059341504418 F300
G1 X256.5145241637987 Y164.92282529005078 F300
G1 X256.8863695804609 Y164.55097987338854 F300;svg > g > g > g#layer1 > polyline
M3 S90
G4 P0.2
G0 X258.7455966637722 Y165.48059341504418
M3 S30
G4 P0.2
G1 X258.7455966637722 Y165.48059341504418 F300
G1 X259.1174420804344 Y166.03838799837087 F300
G1 X259.48931395543 Y166.224310706702 F300
G1 X259.86115937209223 Y166.03838799837087 F300
G1 X259.86115937209223 Y165.6665161233753 F300
G1 X259.48931395543 Y164.55097987338854 F300;svg > g > g > g#layer1 > polyline
M3 S90
G4 P0.2
G0 X259.48931395543 Y166.224310706702
M3 S30
G4 P0.2
G1 X259.48931395543 Y166.224310706702 F300
G1 X259.67523666376115 Y166.03838799837087 F300
G1 X259.67523666376115 Y165.6665161233753 F300
G1 X259.3033912470989 Y164.55097987338854 F300;svg > g > g > g#layer1 > polyline
M3 S90
G4 P0.2
G0 X259.86115937209223 Y165.6665161233753
M3 S30
G4 P0.2
G1 X259.86115937209223 Y165.6665161233753 F300
G1 X260.23300478875456 Y166.03838799837087 F300
G1 X260.6048502054167 Y166.224310706702 F300
G1 X260.7907729137479 Y166.224310706702 F300
G1 X261.16261833041017 Y166.03838799837087 F300
G1 X261.16261833041017 Y165.6665161233753 F300
G1 X260.976695622079 Y165.10874799838192 F300
G1 X260.976695622079 Y164.73690258171968 F300
G1 X261.16261833041017 Y164.55097987338854 F300;svg > g > g > g#layer1 > polyline
M3 S90
G4 P0.2
G0 X260.7907729137479 Y166.224310706702
M3 S30
G4 P0.2
G1 X260.7907729137479 Y166.224310706702 F300
G1 X260.976695622079 Y166.03838799837087 F300
G1 X260.976695622079 Y165.6665161233753 F300
G1 X260.7907729137479 Y165.10874799838192 F300
G1 X260.7907729137479 Y164.73690258171968 F300
G1 X261.16261833041017 Y164.55097987338854 F300
G1 X261.5344637470724 Y164.73690258171968 F300
G1 X261.7203864554035 Y164.92282529005078 F300
G1 X262.0922318720658 Y165.48059341504418 F300;svg > g > g > g#layer1 > polygon
M3 S90
G4 P0.2
G0 X263.2077681220525 Y167.1539242483576
M3 S30
G4 P0.2
G1 X263.2077681220525 Y167.1539242483576 F300
G1 X263.0218454137214 Y166.9680015400265 F300
G1 X263.2077681220525 Y166.78207883169534 F300
G1 X263.3936908303836 Y166.9680015400265 F300
G1 X263.2077681220525 Y167.1539242483576 F300;svg > g > g > g#layer1 > polyline
M3 S90
G4 P0.2
G0 X262.6499999970592 Y164.92282529005078
M3 S30
G4 P0.2
G1 X262.6499999970592 Y164.92282529005078 F300
G1 X262.464077288728 Y164.73690258171968 F300
G1 X262.6499999970592 Y164.55097987338854 F300
G1 X262.83592270539026 Y164.73690258171968 F300;svg > g > g > g#figure_1 > g#text_1 > g > use > path#Cmmi10-64
M3 S90
G4 P0.2
G0 X30.70859550780408 Y155.9454601686353
M3 S30
G4 P0.2
G1 X30.30304713541307 Y156.13963953061213 F300
G1 X30.155343489581487 Y156.5980301556067 F300
G1 X30.29031406249655 Y157.1391857545586 F300
G1 X30.65575325520054 Y157.6058528769489 F300
G1 X31.149796484361342 Y157.79175574153 F300
G1 X31.365622070296286 Y157.7249071087183 F300
G1 X31.51587233071117 Y157.54728074153294 F300
G1 X31.74506764320844 Y158.45642214777214 F300
G1 X31.764803906229044 Y158.56592657485416 F300
G1 X31.499955989565517 Y158.63150190037422 F300
G1 X31.458573502586844 Y158.68498080662357 F300
G1 X31.467486653628406 Y158.72063341078982 F300
G1 X31.485312955711525 Y158.76074259047684 F300
G1 X31.51587233071117 Y158.774748970685 F300
G1 X32.0653044270588 Y158.81867807224697 F300
G1 X32.114963411433216 Y158.76647247328927 F300
G1 X31.52796874998186 Y156.42295040300462 F300
G1 X31.499955989565517 Y156.2281343873819 F300
G1 X31.617736914043284 Y156.0530546347798 F300
G1 X31.811279622374325 Y156.21476466081958 F300
G1 X31.923967317685488 Y156.5903903118568 F300
G1 X31.95579999997677 Y156.61394649675233 F300
G1 X32.005458984351186 Y156.61394649675233 F300
G1 X32.03092513018422 Y156.59994011654416 F300
G1 X32.041111588517424 Y156.57447397071115 F300
G1 X31.885131445290114 Y156.11735665300822 F300
G1 X31.609460416647547 Y155.9454601686353 F300
G1 X31.36689537758793 Y156.02567852800934 F300
G1 X31.23574472654782 Y156.24023080665262 F300
G1 X30.70859550780408 Y155.9454601686353 F300
M3 S90
G4 P0.2
G0 X30.712415429679034 Y156.0530546347798
M3 S30
G4 P0.2
G1 X30.997636263008985 Y156.1631957155077 F300
G1 X31.23574472654782 Y156.42295040300462 F300
G1 X31.239564648422775 Y156.43886674415026 F300
G1 X31.462393424461798 Y157.3365483847646 F300
G1 X31.356708919254718 Y157.58293334569916 F300
G1 X31.140246679673957 Y157.68670788996877 F300
G1 X30.884311914051995 Y157.5740201946576 F300
G1 X30.684402669262703 Y157.30853562434825 F300
G1 X30.532242447910345 Y156.86096811133274 F300
G1 X30.459663932286205 Y156.41913048112963 F300
G1 X30.52014602863965 Y156.16510567644514 F300
G1 X30.712415429679034 Y156.0530546347798 F300;svg > g > g > g#figure_1 > g#text_1 > g > use > path#Cmmi10-79
M3 S90
G4 P0.2
G0 X32.4613825655541 Y155.40812449155834
M3 S30
G4 P0.2
G1 X32.75933647180056 Y155.26105749937255 F300
G1 X33.09357963585909 Y155.39666472593345 F300
G1 X33.32150164106472 Y155.72390469988792 F300
G1 X33.45583556033396 Y156.1167199993624 F300
G1 X33.06365691450528 Y155.9454601686353 F300
G1 X32.78925919315437 Y156.0008490358221 F300
G1 X32.61290613326064 Y156.16701563738266 F300
G1 X32.55051407596971 Y156.43504682227527 F300
G1 X32.586166680135946 Y156.70817123633458 F300
G1 X32.68675795617643 Y157.020768176435 F300
G1 X32.79944565148758 Y157.32063204361896 F300
G1 X32.852924557736955 Y157.56510704361602 F300
G1 X32.76379304732134 Y157.68670788996877 F300
G1 X32.49767182336617 Y157.52054128840825 F300
G1 X32.34360164107633 Y157.14937221289182 F300
G1 X32.30985899784756 Y157.12326941341294 F300
G1 X32.262109974410635 Y157.12326941341294 F300
G1 X32.228367331181865 Y157.16146863216252 F300
G1 X32.228367331181865 Y157.17292839778736 F300
G1 X32.42891322961699 Y157.60394291601142 F300
G1 X32.77143289107126 Y157.79175574153 F300
G1 X33.01718119836 Y157.69625769465614 F300
G1 X33.117772474400475 Y157.45369265559654 F300
G1 X33.08402983117171 Y157.29452924414008 F300
G1 X33.002538164506014 Y157.07743035091352 F300
G1 X32.90449350304885 Y156.8011226686251 F300
G1 X32.849104635862 Y156.58593373633602 F300
G1 X32.82745841190392 Y156.37520137956764 F300
G1 X32.88475724002824 Y156.14664272071624 F300
G1 X33.06811349002606 Y156.0530546347798 F300
G1 X33.52141088585401 Y156.36119499935953 F300
G1 X33.83018790407951 Y157.6166759889279 F300
G1 X33.89321661501626 Y157.70899076757266 F300
G1 X34.00081108116082 Y157.74782663996805 F300
G1 X34.08739597699312 Y157.71599395767674 F300
G1 X34.12432188845102 Y157.63259233007358 F300
G1 X34.120501966576064 Y157.60075964778227 F300
G1 X33.7162269014767 Y155.97920281186407 F300
G1 X33.519500924916535 Y155.57938432228548 F300
G1 X33.174434648878965 Y155.27188061135163 F300
G1 X32.753606588988134 Y155.1553729941655 F300
G1 X32.54414753951144 Y155.19675548114418 F300
G1 X32.377344284305096 Y155.3189929811427 F300
G1 X32.31367891972252 Y155.50998907489048 F300
G1 X32.37925424524257 Y155.70289512957567 F300
G1 X32.554333997844665 Y155.78438679624134 F300
G1 X32.66511173221834 Y155.7436409629085 F300
G1 X32.709677487426156 Y155.6373198040556 F300
G1 X32.63964558638532 Y155.4743364707242 F300
G1 X32.477298906699744 Y155.40430456968335 F300
G1 X32.46902240930401 Y155.40748783791253 F300
G1 X32.4613825655541 Y155.40812449155834 F300;svg > g > g > g#figure_1 > g#text_1 > g > use > path#Cmmi10-64
M3 S90
G4 P0.2
G0 X30.999637174467292 Y150.46314467390872
M3 S30
G4 P0.2
G1 X30.59408880207628 Y150.65732403588558 F300
G1 X30.4463851562447 Y151.11571466088014 F300
G1 X30.581355729159757 Y151.65687025983203 F300
G1 X30.946794921863752 Y152.12353738222234 F300
G1 X31.440838151024554 Y152.3094402468035 F300
G1 X31.656663736959494 Y152.24259161399175 F300
G1 X31.806913997374377 Y152.06496524680637 F300
G1 X32.03610930987165 Y152.9741066530456 F300
G1 X32.05584557289225 Y153.0836110801276 F300
G1 X31.790997656228726 Y153.14918640564764 F300
G1 X31.749615169250053 Y153.202665311897 F300
G1 X31.758528320291614 Y153.23831791606327 F300
G1 X31.776354622374736 Y153.27842709575026 F300
G1 X31.806913997374377 Y153.29243347595846 F300
G1 X32.35634609372201 Y153.33636257752042 F300
G1 X32.40600507809643 Y153.28415697856275 F300
G1 X31.819010416645067 Y150.94063490827804 F300
G1 X31.790997656228726 Y150.74581889265534 F300
G1 X31.908778580706496 Y150.5707391400533 F300
G1 X32.10232128903753 Y150.732449166093 F300
G1 X32.2150089843487 Y151.10807481713024 F300
G1 X32.24684166663998 Y151.13163100202578 F300
G1 X32.29650065101439 Y151.13163100202578 F300
G1 X32.32196679684742 Y151.1176246218176 F300
G1 X32.332153255180636 Y151.09215847598458 F300
G1 X32.176173111953325 Y150.63504115828167 F300
G1 X31.90050208331076 Y150.46314467390872 F300
G1 X31.657937044251142 Y150.5433630332828 F300
G1 X31.526786393211026 Y150.75791531192607 F300
G1 X30.999637174467292 Y150.46314467390872 F300
M3 S90
G4 P0.2
G0 X31.003457096342245 Y150.5707391400533
M3 S30
G4 P0.2
G1 X31.288677929672193 Y150.68088022078115 F300
G1 X31.526786393211026 Y150.94063490827804 F300
G1 X31.530606315085986 Y150.9565512494237 F300
G1 X31.753435091125006 Y151.85423289003805 F300
G1 X31.647750585917926 Y152.1006178509726 F300
G1 X31.43128834633717 Y152.20439239524222 F300
G1 X31.175353580715203 Y152.09170469993109 F300
G1 X30.975444335925914 Y151.82622012962167 F300
G1 X30.823284114573553 Y151.37865261660616 F300
G1 X30.750705598949413 Y150.9368149864031 F300
G1 X30.811187695302863 Y150.68279018171862 F300
G1 X31.003457096342245 Y150.5707391400533 F300;svg > g > g > g#figure_1 > g#text_1 > g > use > path#Cmmi10-74
M3 S90
G4 P0.2
G0 X32.66265606815588 Y150.83940697859177
M3 S30
G4 P0.2
G1 X32.67475248742657 Y150.95273132754875 F300
G1 X32.96888647179807 Y152.12226407493068 F300
G1 X32.541055221803155 Y152.12226407493068 F300
G1 X32.499672734824486 Y152.17637963482588 F300
G1 X32.553151641073846 Y152.2655111452415 F300
G1 X33.004539075964324 Y152.2655111452415 F300
G1 X33.16815906294154 Y152.9301775514836 F300
G1 X33.23182442752412 Y153.0218556764825 F300
G1 X33.33878224002285 Y153.05941824158623 F300
G1 X33.42536713585516 Y153.02822221294076 F300
G1 X33.46038308637558 Y152.94609389262925 F300
G1 X33.459109779083924 Y152.92699428325446 F300
G1 X33.45656316450062 Y152.91235124940047 F300
G1 X33.29357983116922 Y152.2655111452415 F300
G1 X33.71313458376841 Y152.2655111452415 F300
G1 X33.755153724392905 Y152.21203223899212 F300
G1 X33.74687722699717 Y152.17765294211753 F300
G1 X33.73096088585153 Y152.13818041607632 F300
G1 X33.70103816449772 Y152.12226407493068 F300
G1 X33.25729057335715 Y152.12226407493068 F300
G1 X32.96506654992312 Y150.944454830153 F300
G1 X32.93514382856931 Y150.74581889265534 F300
G1 X33.054834713984555 Y150.5707391400533 F300
G1 X33.37188822960579 Y150.7388157025513 F300
G1 X33.583893893665774 Y151.10807481713024 F300
G1 X33.61572657595706 Y151.13163100202578 F300
G1 X33.66538556033147 Y151.13163100202578 F300
G1 X33.6908517061645 Y151.12080789004676 F300
G1 X33.70103816449772 Y151.09597839785954 F300
G1 X33.69721824262276 Y151.08388197858886 F300
G1 X33.4361902478342 Y150.6503208457815 F300
G1 X33.044648255651346 Y150.46314467390872 F300
G1 X32.77279714888374 Y150.56819252546998 F300
G1 X32.66265606815588 Y150.83940697859177 F300;svg > g > g > g#figure_1 > g#text_1 > g > use > path#Cmr10-3d
M3 S90
G4 P0.2
G0 X36.30349636759182 Y153.74563989216142
M3 S30
G4 P0.2
G1 X36.22345990925943 Y153.78202010049432 F300
G1 X36.192536732176464 Y153.8620565588267 F300
G1 X36.22345990925943 Y153.94391202757575 F300
G1 X36.30349636759182 Y153.978473225492 F300
G1 X39.95879779984007 Y153.978473225492 F300
G1 X40.0324677217142 Y153.94391202757575 F300
G1 X40.064300404005486 Y153.8620565588267 F300
G1 X40.0324677217142 Y153.78202010049432 F300
G1 X39.95879779984007 Y153.74563989216142 F300
G1 X36.30349636759182 Y153.74563989216142 F300
M3 S90
G4 P0.2
G0 X36.30349636759182 Y154.87706437131465
M3 S30
G4 P0.2
G1 X36.22345990925943 Y154.9107160640226 F300
G1 X36.192536732176464 Y154.99348103797996 F300
G1 X36.22345990925943 Y155.07260799110398 F300
G1 X36.30349636759182 Y155.1098977046452 F300
G1 X39.95879779984007 Y155.1098977046452 F300
G1 X40.0324677217142 Y155.07260799110398 F300
G1 X40.064300404005486 Y154.99348103797996 F300
G1 X40.0324677217142 Y154.9107160640226 F300
G1 X39.95879779984007 Y154.87706437131465 F300
G1 X36.30349636759182 Y154.87706437131465 F300;svg > g > g > g#figure_1 > g#text_1 > g > use > path#Cmr10-6c
M3 S90
G4 P0.2
G0 X43.04440792905343 Y152.97256046508727
M3 S30
G4 P0.2
G1 X43.04440792905343 Y153.17719913695984 F300
G1 X43.37092029884121 Y153.2081223140428 F300
G1 X43.49916053321469 Y153.36182869424934 F300
G1 X43.49916053321469 Y156.41776619421304 F300
G1 X43.45186626238192 Y156.643323485877 F300
G1 X43.31725949155019 Y156.72881697545932 F300
G1 X43.04440792905343 Y156.7442785640008 F300
G1 X43.04440792905343 Y156.9489172358734 F300
G1 X43.90843787695983 Y157.01167309524766 F300
G1 X43.90843787695983 Y153.36182869424934 F300
G1 X44.03576860612499 Y153.2081223140428 F300
G1 X44.36046196549613 Y153.17719913695984 F300
G1 X44.36046196549613 Y152.97256046508727 F300
G1 X43.04440792905343 Y152.97256046508727 F300;svg > g > g > g#figure_1 > g#text_1 > g > use > path#Cmr10-69
M3 S90
G4 P0.2
G0 X44.65593747732596 Y152.97256046508727
M3 S30
G4 P0.2
G1 X44.65593747732596 Y153.17719913695984 F300
G1 X44.98244984711375 Y153.2081223140428 F300
G1 X45.11069008148723 Y153.36182869424934 F300
G1 X45.11069008148723 Y154.9507342931888 F300
G1 X45.02337758148826 Y155.2263143713105 F300
G1 X44.68140362315899 Y155.2772466629766 F300
G1 X44.68140362315899 Y155.48188533484915 F300
G1 X45.519967425232366 Y155.5446411942234 F300
G1 X45.519967425232366 Y153.36182869424934 F300
G1 X45.630927060647714 Y153.2081223140428 F300
G1 X45.92651625335253 Y153.17719913695984 F300
G1 X45.92651625335253 Y152.97256046508727 F300
G1 X44.65593747732596 Y152.97256046508727 F300
M3 S90
G4 P0.2
G0 X44.90332289398968 Y156.54509692337817
M3 S30
G4 P0.2
G1 X44.99973044607187 Y156.76974470983384 F300
G1 X45.221649716902576 Y156.86615226191603 F300
G1 X45.379903623150696 Y156.82340551712488 F300
G1 X45.49995831064927 Y156.70426033483463 F300
G1 X45.542705055440436 Y156.54509692337817 F300
G1 X45.44538799814992 Y156.32317765254749 F300
G1 X45.221649716902576 Y156.2267701004653 F300
G1 X44.99973044607187 Y156.32317765254749 F300
G1 X44.90332289398968 Y156.54509692337817 F300;svg > g > g > g#figure_1 > g#text_1 > g > use > path#Cmr10-6d
M3 S90
G4 P0.2
G0 X46.262009994348546 Y152.97256046508727
M3 S30
G4 P0.2
G1 X46.262009994348546 Y153.17719913695984 F300
G1 X46.58852236413634 Y153.2081223140428 F300
G1 X46.71676259850982 Y153.36182869424934 F300
G1 X46.71676259850982 Y154.9507342931888 F300
G1 X46.669468327677045 Y155.17629158485278 F300
G1 X46.53486155684531 Y155.26178507443512 F300
G1 X46.262009994348546 Y155.2772466629766 F300
G1 X46.262009994348546 Y155.48188533484915 F300
G1 X47.106030827671866 Y155.5446411942234 F300
G1 X47.106030827671866 Y154.97620043902182 F300
G1 X47.4507333016261 Y155.38547778276697 F300
G1 X47.95005166099517 Y155.5446411942234 F300
G1 X48.73768317140249 Y154.9989380692299 F300
G1 X49.07783811931511 Y155.39366332964184 F300
G1 X49.56988043701761 Y155.5446411942234 F300
G1 X50.01462848388732 Y155.45914770464108 F300
G1 X50.28657054117576 Y155.19902921506082 F300
G1 X50.37752106200802 Y154.7606477046494 F300
G1 X50.37752106200802 Y153.36182869424934 F300
G1 X50.50667080158982 Y153.2081223140428 F300
G1 X50.83227366616928 Y153.17719913695984 F300
G1 X50.83227366616928 Y152.97256046508727 F300
G1 X49.49893903076845 Y152.97256046508727 F300
G1 X49.49893903076845 Y153.17719913695984 F300
G1 X49.82545140055623 Y153.2081223140428 F300
G1 X49.95369163492971 Y153.36182869424934 F300
G1 X49.95369163492971 Y154.74336710569122 F300
G1 X49.870926660972366 Y155.21540030881062 F300
G1 X49.533500228684694 Y155.39457283485018 F300
G1 X48.97870205160796 Y155.1244497879784 F300
G1 X48.76042080161056 Y154.51053377236065 F300
G1 X48.76042080161056 Y153.36182869424934 F300
G1 X48.8877515307757 Y153.2081223140428 F300
G1 X49.21517340577182 Y153.17719913695984 F300
G1 X49.21517340577182 Y152.97256046508727 F300
G1 X47.88183877037098 Y152.97256046508727 F300
G1 X47.88183877037098 Y153.17719913695984 F300
G1 X48.20835114015877 Y153.2081223140428 F300
G1 X48.33659137453225 Y153.36182869424934 F300
G1 X48.33659137453225 Y154.74336710569122 F300
G1 X48.2538264005749 Y155.21085278276902 F300
G1 X47.91549046307892 Y155.39457283485018 F300
G1 X47.35978278079384 Y155.1244497879784 F300
G1 X47.142411036004766 Y154.51053377236065 F300
G1 X47.142411036004766 Y153.36182869424934 F300
G1 X47.27065127037824 Y153.2081223140428 F300
G1 X47.594435124541064 Y153.17719913695984 F300
G1 X47.594435124541064 Y152.97256046508727 F300
G1 X46.262009994348546 Y152.97256046508727 F300;svg > g > g > g#figure_1 > g#text_1 > g > use > path#Cmr10-a2
M3 S90
G4 P0.2
G0 X41.63094588479938 Y148.9646438926765
M3 S30
G4 P0.2
G1 X41.59720324157062 Y148.9964765749678 F300
G1 X41.59974985615391 Y149.00220645778023 F300
G1 X41.60102316344557 Y149.01048295517595 F300
G1 X43.00357114519974 Y151.83786179628822 F300
G1 X43.077422968115535 Y151.88115424420437 F300
G1 X43.13281183530237 Y151.88115424420437 F300
G1 X43.20666365821817 Y151.83786179628822 F300
G1 X44.60921163997235 Y149.01048295517595 F300
G1 X44.611758254555646 Y149.0034797650719 F300
G1 X44.61303156184729 Y148.9964765749678 F300
G1 X44.57928891861854 Y148.9646438926765 F300
G1 X41.63094588479938 Y148.9646438926765 F300
M3 S90
G4 P0.2
G0 X41.89961372333785 Y149.29124721298516
M3 S30
G4 P0.2
G1 X44.046409817062354 Y149.29124721298516 F300
G1 X42.97364842384594 Y151.45332299420946 F300
G1 X41.89961372333785 Y149.29124721298516 F300;svg > g > g > g#figure_1 > g#text_1 > g > use > path#Cmmi10-74
M3 S90
G4 P0.2
G0 X45.056938323675354 Y149.2950671348601
M3 S30
G4 P0.2
G1 X45.06903474294605 Y149.40839148381707 F300
G1 X45.363168727317564 Y150.577924231199 F300
G1 X44.93533747732264 Y150.577924231199 F300
G1 X44.89395499034396 Y150.6320397910942 F300
G1 X44.94743389659333 Y150.7211713015098 F300
G1 X45.398821331483795 Y150.7211713015098 F300
G1 X45.562441318461026 Y151.38583770775193 F300
G1 X45.62610668304361 Y151.4775158327508 F300
G1 X45.73306449554233 Y151.51507839785455 F300
G1 X45.81964939137464 Y151.48388236920908 F300
G1 X45.85466534189505 Y151.40175404889757 F300
G1 X45.853392034603395 Y151.38265443952278 F300
G1 X45.85084542002009 Y151.3680114056688 F300
G1 X45.6878620866887 Y150.7211713015098 F300
G1 X46.107416839287886 Y150.7211713015098 F300
G1 X46.14943597991239 Y150.66769239526045 F300
G1 X46.141159482516656 Y150.63331309838586 F300
G1 X46.125243141371 Y150.59384057234465 F300
G1 X46.095320420017195 Y150.577924231199 F300
G1 X45.65157282887664 Y150.577924231199 F300
G1 X45.3593488054426 Y149.40011498642136 F300
G1 X45.32942608408879 Y149.2014790489237 F300
G1 X45.44911696950404 Y149.02639929632159 F300
G1 X45.766170485125265 Y149.19447585881963 F300
G1 X45.97817614918526 Y149.56373497339857 F300
G1 X46.01000883147655 Y149.5872911582941 F300
G1 X46.05966781585095 Y149.5872911582941 F300
G1 X46.08513396168398 Y149.57646804631509 F300
G1 X46.095320420017195 Y149.5516385541279 F300
G1 X46.091500498142246 Y149.5395421348572 F300
G1 X45.83047250335368 Y149.10598100204984 F300
G1 X45.438930511170824 Y148.9188048301771 F300
G1 X45.167079404403225 Y149.0238526817383 F300
G1 X45.056938323675354 Y149.2950671348601 F300;svg > g > g > g#figure_1 > g#text_1 > g > use > path#Cmsy10-21
M3 S90
G4 P0.2
G0 X46.58068923961561 Y149.90179805933204
M3 S30
G4 P0.2
G1 X46.52466371878293 Y149.92726420516507 F300
G1 X46.50301749482485 Y149.98328972599776 F300
G1 X46.52466371878293 Y150.03867859318458 F300
G1 X46.58068923961561 Y150.06478139266346 F300
G1 X49.67291599739139 Y150.06478139266346 F300
G1 X49.39788162239465 Y150.32262611922286 F300
G1 X49.199245684897 Y150.6371330202608 F300
G1 X49.085921335940014 Y150.99429571556908 F300
G1 X49.1273038229187 Y151.04777462181846 F300
G1 X49.208795489584396 Y151.04777462181846 F300
G1 X49.2336249817716 Y151.03567820254773 F300
G1 X49.24890466927142 Y151.01021205671472 F300
G1 X49.35522582812432 Y150.68488204369777 F300
G1 X49.537308770830485 Y150.4047544395344 F300
G1 X49.78178377082759 Y150.18192566349538 F300
G1 X50.08865082811561 Y150.0291287884972 F300
G1 X50.11602693488612 Y149.98328972599776 F300
G1 X50.08865082811561 Y149.94381719995656 F300
G1 X49.698382143224414 Y149.72353503850084 F300
G1 X49.40615811979038 Y149.3797420697549 F300
G1 X49.24890466927142 Y148.95636739528075 F300
G1 X49.23298832812578 Y148.93090124944774 F300
G1 X49.208795489584396 Y148.9188048301771 F300
G1 X49.1273038229187 Y148.9188048301771 F300
G1 X49.085921335940014 Y148.97292039007223 F300
G1 X49.29219711718757 Y149.49688634058685 F300
G1 X49.67291599739139 Y149.90179805933204 F300
G1 X46.58068923961561 Y149.90179805933204 F300;svg > g > g > g#figure_1 > g#text_1 > g > use > path#Cmr10-30
M3 S90
G4 P0.2
G0 X51.367688002579584 Y148.87487572861505
M3 S30
G4 P0.2
G1 X50.68837856248349 Y149.2855173301727 F300
G1 X50.508205580714794 Y150.26405398380692 F300
G1 X50.5725075989432 Y150.92999369734068 F300
G1 X50.82907901821098 Y151.46032618431354 F300
G1 X51.367688002579584 Y151.67869838483176 F300
G1 X51.80697901819938 Y151.54691108014583 F300
G1 X52.068007012987934 Y151.2075746869207 F300
G1 X52.19024451298649 Y150.7619171348427 F300
G1 X52.223350502569424 Y150.26405398380692 F300
G1 X52.158411830695194 Y149.60830072860634 F300
G1 X51.90502367965655 Y149.08879135361252 F300
G1 X51.367688002579584 Y148.87487572861505 F300
M3 S90
G4 P0.2
G0 X51.367688002579584 Y148.98056023382216
M3 S30
G4 P0.2
G1 X51.70575108851307 Y149.21293881454855 F300
G1 X51.84326827601144 Y149.72862826766746 F300
G1 X51.8693710754903 Y150.32962930932698 F300
G1 X51.84326827601144 Y150.89434109317446 F300
G1 X51.706387742158896 Y151.36291817650218 F300
G1 X51.367688002579584 Y151.5730138796247 F300
G1 X51.02580499477115 Y151.36164486921055 F300
G1 X50.88828780727278 Y150.8930677858828 F300
G1 X50.862185007793926 Y150.32962930932698 F300
G1 X50.87300811977296 Y149.90179805933204 F300
G1 X50.93221690883476 Y149.48669988225365 F300
G1 X51.0862870911246 Y149.12635391871626 F300
G1 X51.367688002579584 Y148.98056023382216 F300;svg > g > g > g#figure_1 > g#text_1 > g > use > path#Cmr10-28
M3 S90
G4 P0.2
G0 X53.64945466921916 Y155.1630128088113
M3 S30
G4 P0.2
G1 X53.258549330682136 Y155.57429106401472 F300
G1 X52.98988149214366 Y156.06897094682134 F300
G1 X52.83390134891635 Y156.61776638952315 F300
G1 X52.78233240360446 Y157.19266463170385 F300
G1 X52.83390134891635 Y157.77138279575948 F300
G1 X52.99179145308115 Y158.32272485304458 F300
G1 X53.26364255984875 Y158.818041389497 F300
G1 X53.64945466921916 Y159.22231645459638 F300
G1 X53.66982758588559 Y159.2299562983463 F300
G1 X53.70739015098931 Y159.2299562983463 F300
G1 X53.729036374947384 Y159.2191331863673 F300
G1 X53.73922283328061 Y159.19430369418006 F300
G1 X53.73158298953069 Y159.16820089470122 F300
G1 X53.39988644005547 Y158.7505561030395 F300
G1 X53.186607468703826 Y158.27561248325347 F300
G1 X53.07073650516354 Y157.75419314732216 F300
G1 X53.035083900997286 Y157.19266463170385 F300
G1 X53.7271264140099 Y155.22476821245638 F300
G1 X53.73922283328061 Y155.19102556922763 F300
G1 X53.72839972130156 Y155.1687426916237 F300
G1 X53.70739015098931 Y155.15537296506136 F300
G1 X53.66982758588559 Y155.15537296506136 F300
G1 X53.64945466921916 Y155.1630128088113 F300;svg > g > g > g#figure_1 > g#text_1 > g > use > path#Cmmi10-74
M3 S90
G4 P0.2
G0 X54.22077170189987 Y156.50444204056618
M3 S30
G4 P0.2
G1 X54.23286812117056 Y156.61776638952315 F300
G1 X54.527002105542074 Y157.7872991369051 F300
G1 X54.099170855547165 Y157.7872991369051 F300
G1 X54.057788368568474 Y157.84141469680029 F300
G1 X54.11126727481784 Y157.93054620721588 F300
G1 X54.562654709708305 Y157.93054620721588 F300
G1 X54.72627469668554 Y158.59521261345802 F300
G1 X54.78994006126812 Y158.6868907384569 F300
G1 X54.896897873766854 Y158.7244533035606 F300
G1 X54.983482769599156 Y158.69325727491517 F300
G1 X55.018498720119574 Y158.61112895460366 F300
G1 X55.01722541282792 Y158.59202934522887 F300
G1 X55.01467879824461 Y158.57738631137488 F300
G1 X54.85169546491322 Y157.93054620721588 F300
G1 X55.271250217512396 Y157.93054620721588 F300
G1 X55.31326935813691 Y157.87706730096653 F300
G1 X55.30499286074117 Y157.84268800409194 F300
G1 X55.289076519595525 Y157.80321547805073 F300
G1 X55.25915379824171 Y157.7872991369051 F300
G1 X54.815406207101155 Y157.7872991369051 F300
G1 X54.52318218366712 Y156.60948989212744 F300
G1 X54.49325946231331 Y156.41085395462974 F300
G1 X54.61295034772855 Y156.23577420202767 F300
G1 X54.93000386334978 Y156.4038507645257 F300
G1 X55.142009527409776 Y156.77310987910465 F300
G1 X55.17384220970106 Y156.7966660640002 F300
G1 X55.22350119407547 Y156.7966660640002 F300
G1 X55.248967339908496 Y156.78584295202117 F300
G1 X55.25915379824171 Y156.76101345983398 F300
G1 X55.25533387636676 Y156.74891704056324 F300
G1 X54.99430588157819 Y156.31535590775593 F300
G1 X54.60276388939534 Y156.12817973588318 F300
G1 X54.330912782627735 Y156.2332275874444 F300
G1 X54.22077170189987 Y156.50444204056618 F300;svg > g > g > g#figure_1 > g#text_1 > g > use > path#Cmr10-2b
M3 S90
G4 P0.2
G0 X55.74452261784012 Y157.11117296503812
M3 S30
G4 P0.2
G1 X55.68849709700745 Y157.13663911087113 F300
G1 X55.66685087304937 Y157.19266463170385 F300
G1 X55.68849709700745 Y157.24805349889067 F300
G1 X55.74452261784012 Y157.27415629836955 F300
G1 X56.94270477928422 Y157.27415629836955 F300
G1 X56.94270477928422 Y158.4761583816886 F300
G1 X56.966260964179774 Y158.52836398064633 F300
G1 X57.02419644594992 Y158.54937355095856 F300
G1 X57.07958531313676 Y158.52836398064633 F300
G1 X57.10568811261562 Y158.4761583816886 F300
G1 X57.10568811261562 Y157.27415629836955 F300
G1 X58.303233620413906 Y157.27415629836955 F300
G1 X58.35480256572579 Y157.24805349889067 F300
G1 X58.3770854433297 Y157.19266463170385 F300
G1 X58.35480256572579 Y157.13663911087113 F300
G1 X58.303233620413906 Y157.11117296503812 F300
G1 X57.10568811261562 Y157.11117296503812 F300
G1 X57.10568811261562 Y155.90917088171906 F300
G1 X57.07958531313676 Y155.8569652827614 F300
G1 X57.02419644594992 Y155.8359557124491 F300
G1 X56.966260964179774 Y155.8569652827614 F300
G1 X56.94270477928422 Y155.90917088171906 F300
G1 X56.94270477928422 Y157.11117296503812 F300
G1 X55.74452261784012 Y157.11117296503812 F300;svg > g > g > g#figure_1 > g#text_1 > g > use > path#Cmr10-a2
M3 S90
G4 P0.2
G0 X58.82457338555354 Y156.17401879838258
M3 S30
G4 P0.2
G1 X58.79083074232478 Y156.20585148067389 F300
G1 X58.79337735690808 Y156.21158136348632 F300
G1 X58.794650664199736 Y156.21985786088203 F300
G1 X60.19719864595392 Y159.0472367019943 F300
G1 X60.2710504688697 Y159.09052914991045 F300
G1 X60.32643933605654 Y159.09052914991045 F300
G1 X60.40029115897233 Y159.0472367019943 F300
G1 X61.80283914072651 Y156.21985786088203 F300
G1 X61.805385755309814 Y156.21285467077797 F300
G1 X61.80665906260146 Y156.20585148067389 F300
G1 X61.7729164193727 Y156.17401879838258 F300
G1 X58.82457338555354 Y156.17401879838258 F300
M3 S90
G4 P0.2
G0 X59.09324122409201 Y156.50062211869124
M3 S30
G4 P0.2
G1 X61.24003731781653 Y156.50062211869124 F300
G1 X60.167275924600105 Y158.66269789991554 F300
G1 X59.09324122409201 Y156.50062211869124 F300;svg > g > g > g#figure_1 > g#text_1 > g > use > path#Cmmi10-74
M3 S90
G4 P0.2
G0 X62.25056582442952 Y156.50444204056618
M3 S30
G4 P0.2
G1 X62.26266224370022 Y156.61776638952315 F300
G1 X62.556796228071725 Y157.7872991369051 F300
G1 X62.1289649780768 Y157.7872991369051 F300
G1 X62.08758249109813 Y157.84141469680029 F300
G1 X62.14106139734749 Y157.93054620721588 F300
G1 X62.59244883223797 Y157.93054620721588 F300
G1 X62.75606881921518 Y158.59521261345802 F300
G1 X62.81973418379777 Y158.6868907384569 F300
G1 X62.9266919962965 Y158.7244533035606 F300
G1 X63.01327689212879 Y158.69325727491517 F300
G1 X63.04829284264922 Y158.61112895460366 F300
G1 X63.047019535357556 Y158.59202934522887 F300
G1 X63.04447292077427 Y158.57738631137488 F300
G1 X62.88148958744286 Y157.93054620721588 F300
G1 X63.301044340042054 Y157.93054620721588 F300
G1 X63.34306348066655 Y157.87706730096653 F300
G1 X63.33478698327082 Y157.84268800409194 F300
G1 X63.31887064212517 Y157.80321547805073 F300
G1 X63.28894792077136 Y157.7872991369051 F300
G1 X62.8452003296308 Y157.7872991369051 F300
G1 X62.55297630619676 Y156.60948989212744 F300
G1 X62.52305358484295 Y156.41085395462974 F300
G1 X62.642744470258194 Y156.23577420202767 F300
G1 X62.95979798587943 Y156.4038507645257 F300
G1 X63.17180364993942 Y156.77310987910465 F300
G1 X63.20363633223071 Y156.7966660640002 F300
G1 X63.253295316605104 Y156.7966660640002 F300
G1 X63.27876146243815 Y156.78584295202117 F300
G1 X63.28894792077136 Y156.76101345983398 F300
G1 X63.28512799889641 Y156.74891704056324 F300
G1 X63.02410000410784 Y156.31535590775593 F300
G1 X62.63255801192498 Y156.12817973588318 F300
G1 X62.360706905157386 Y156.2332275874444 F300
G1 X62.25056582442952 Y156.50444204056618 F300;svg > g > g > g#figure_1 > g#text_1 > g > use > path#Cmr10-29
M3 S90
G4 P0.2
G0 X63.73293425339108 Y155.15537296506136
M3 S30
G4 P0.2
G1 X63.69664499557902 Y155.19102556922763 F300
G1 X63.704921492974755 Y155.21712836870645 F300
G1 X64.40142058150815 Y157.19266463170385 F300
G1 X63.71256133672466 Y159.1605610509513 F300
G1 X63.69664499557902 Y159.19430369418006 F300
G1 X63.70746810755805 Y159.2191331863673 F300
G1 X63.73293425339108 Y159.2299562983463 F300
G1 X63.77049681849481 Y159.2299562983463 F300
G1 X63.79023308151541 Y159.22231645459638 F300
G1 X64.27790977421795 Y158.66078793897807 F300
G1 X64.56313060754789 Y157.95664900669476 F300
G1 X64.65417207890098 Y157.19266463170385 F300
G1 X64.60514974817238 Y156.62476957962724 F300
G1 X64.44980625859091 Y156.07406417598793 F300
G1 X64.18050176640659 Y155.57238110307722 F300
G1 X63.79023308151541 Y155.1630128088113 F300
G1 X63.77049681849481 Y155.15537296506136 F300
G1 X63.73293425339108 Y155.15537296506136 F300;svg > g > g > g#figure_1 > g#text_1 > g > use > path#Cmmi10-6e
M3 S90
G4 P0.2
G0 X65.45182269868319 Y157.7816965993739
M3 S30
G4 P0.2
G1 X65.45449664399565 Y157.80709907984237 F300
G1 X65.66752095388895 Y158.65785934675932 F300
G1 X65.68846685883662 Y158.79735016055977 F300
G1 X65.60512889659802 Y158.91990598738124 F300
G1 X65.47276860363085 Y158.8129481748825 F300
G1 X65.38898498384017 Y158.54377101342735 F300
G1 X65.38051749035068 Y158.53040128686501 F300
G1 X65.36536513358004 Y158.52549905379217 F300
G1 X65.3319408171742 Y158.52549905379217 F300
G1 X65.31500583019522 Y158.53574917748998 F300
G1 X65.30832096691405 Y158.5549124522293 F300
G1 X65.36759342134042 Y158.7648171592581 F300
G1 X65.45672493175603 Y158.92213427514162 F300
G1 X65.6078028419105 Y158.9934394834741 F300
G1 X65.79676164399159 Y158.92569953555827 F300
G1 X65.87920829112602 Y158.7541213780082 F300
G1 X66.07841721690491 Y158.9292647959749 F300
G1 X66.32085492523535 Y158.9934394834741 F300
G1 X66.49599834320203 Y158.95867819441204 F300
G1 X66.61097799163817 Y158.85350301212162 F300
G1 X66.6524241439814 Y158.6859357725403 F300
G1 X66.59983655283622 Y158.4029432269707 F300
G1 X66.46970454762942 Y158.03260180119386 F300
G1 X66.42959536794241 Y157.86146930119585 F300
G1 X66.4946613705458 Y157.776348708749 F300
G1 X66.68050056976234 Y157.8957849327059 F300
G1 X66.78612140960483 Y158.1524836827028 F300
G1 X66.80974125986496 Y158.16897301212973 F300
G1 X66.84316557627082 Y158.16897301212973 F300
G1 X66.8618831934581 Y158.1618424912965 F300
G1 X66.86945937184342 Y158.14401618921337 F300
G1 X66.86678542653097 Y158.13554869572386 F300
G1 X66.73085987314715 Y157.8374037933837 F300
G1 X66.48931347992087 Y157.70103258244777 F300
G1 X66.31773532237081 Y157.77010950301988 F300
G1 X66.2468757715904 Y157.9376767426012 F300
G1 X66.26915864919431 Y158.04909113062075 F300
G1 X66.35205095388083 Y158.27191990665975 F300
G1 X66.42870405283824 Y158.51970550561512 F300
G1 X66.45856310882748 Y158.72871889753975 F300
G1 X66.4255844499737 Y158.8641987933715 F300
G1 X66.31506137705834 Y158.91990598738124 F300
G1 X66.12298297211271 Y158.87355760196508 F300
G1 X65.96967677419786 Y158.75189309024782 F300
G1 X65.85024055024095 Y158.57140178165622 F300
G1 X65.656379515087 Y157.7959576410404 F300
G1 X65.61225941743128 Y157.7291090082287 F300
G1 X65.53649763357801 Y157.70103258244777 F300
G1 X65.47677952159954 Y157.7233154600517 F300
G1 X65.45182269868319 Y157.7816965993739 F300;svg > g > g > g#figure_1 > g#text_1 > g > use > path#Cmsy10-a1
M3 S90
G4 P0.2
G0 X68.93050747460019 Y157.11117296503812
M3 S30
G4 P0.2
G1 X68.87448195376753 Y157.13663911087113 F300
G1 X68.85283572980946 Y157.19266463170385 F300
G1 X68.87448195376753 Y157.24805349889067 F300
G1 X68.93050747460019 Y157.27415629836955 F300
G1 X71.26829966207244 Y157.27415629836955 F300
G1 X71.32114191467599 Y157.24805349889067 F300
G1 X71.34215148498822 Y157.19266463170385 F300
G1 X71.32114191467599 Y157.13663911087113 F300
G1 X71.26829966207244 Y157.11117296503812 F300
G1 X68.93050747460019 Y157.11117296503812 F300;svg > g > g > g#figure_1 > g#text_1 > g > use > path#Cmmi10-74
M3 S90
G4 P0.2
G0 X72.64832605384773 Y156.50444204056618
M3 S30
G4 P0.2
G1 X72.6604224731184 Y156.61776638952315 F300
G1 X72.95455645748991 Y157.7872991369051 F300
G1 X72.52672520749499 Y157.7872991369051 F300
G1 X72.48534272051631 Y157.84141469680029 F300
G1 X72.53882162676568 Y157.93054620721588 F300
G1 X72.99020906165617 Y157.93054620721588 F300
G1 X73.15382904863338 Y158.59521261345802 F300
G1 X73.21749441321596 Y158.6868907384569 F300
G1 X73.3244522257147 Y158.7244533035606 F300
G1 X73.411037121547 Y158.69325727491517 F300
G1 X73.44605307206741 Y158.61112895460366 F300
G1 X73.44477976477576 Y158.59202934522887 F300
G1 X73.44223315019246 Y158.57738631137488 F300
G1 X73.27924981686105 Y157.93054620721588 F300
G1 X73.69880456946025 Y157.93054620721588 F300
G1 X73.74082371008474 Y157.87706730096653 F300
G1 X73.73254721268901 Y157.84268800409194 F300
G1 X73.71663087154337 Y157.80321547805073 F300
G1 X73.68670815018956 Y157.7872991369051 F300
G1 X73.24296055904898 Y157.7872991369051 F300
G1 X72.95073653561496 Y156.60948989212744 F300
G1 X72.92081381426114 Y156.41085395462974 F300
G1 X73.0405046996764 Y156.23577420202767 F300
G1 X73.35755821529764 Y156.4038507645257 F300
G1 X73.5695638793576 Y156.77310987910465 F300
G1 X73.6013965616489 Y156.7966660640002 F300
G1 X73.6510555460233 Y156.7966660640002 F300
G1 X73.67652169185634 Y156.78584295202117 F300
G1 X73.68670815018956 Y156.76101345983398 F300
G1 X73.68288822831461 Y156.74891704056324 F300
G1 X73.42186023352602 Y156.31535590775593 F300
G1 X73.03031824134318 Y156.12817973588318 F300
G1 X72.75846713457558 Y156.2332275874444 F300
G1 X72.64832605384773 Y156.50444204056618 F300;svg > g > g > g#figure_1 > g#text_1 > g > use > path#Cmmi10-6e
M3 S90
G4 P0.2
G0 X74.50032924486737 Y157.7816965993739
M3 S30
G4 P0.2
G1 X74.50300319017987 Y157.80709907984237 F300
G1 X74.71602750007317 Y158.65785934675932 F300
G1 X74.73697340502083 Y158.79735016055977 F300
G1 X74.65363544278222 Y158.91990598738124 F300
G1 X74.52127514981505 Y158.8129481748825 F300
G1 X74.43749153002437 Y158.54377101342735 F300
G1 X74.42902403653491 Y158.53040128686501 F300
G1 X74.41387167976424 Y158.52549905379217 F300
G1 X74.3804473633584 Y158.52549905379217 F300
G1 X74.36351237637943 Y158.53574917748998 F300
G1 X74.35682751309824 Y158.5549124522293 F300
G1 X74.41609996752463 Y158.7648171592581 F300
G1 X74.50523147794024 Y158.92213427514162 F300
G1 X74.6563093880947 Y158.9934394834741 F300
G1 X74.8452681901758 Y158.92569953555827 F300
G1 X74.92771483731023 Y158.7541213780082 F300
G1 X75.12692376308912 Y158.9292647959749 F300
G1 X75.36936147141955 Y158.9934394834741 F300
G1 X75.54450488938625 Y158.95867819441204 F300
G1 X75.65948453782237 Y158.85350301212162 F300
G1 X75.70093069016563 Y158.6859357725403 F300
G1 X75.64834309902042 Y158.4029432269707 F300
G1 X75.51821109381363 Y158.03260180119386 F300
G1 X75.47810191412661 Y157.86146930119585 F300
G1 X75.54316791673 Y157.776348708749 F300
G1 X75.72900711594654 Y157.8957849327059 F300
G1 X75.83462795578905 Y158.1524836827028 F300
G1 X75.85824780604918 Y158.16897301212973 F300
G1 X75.89167212245502 Y158.16897301212973 F300
G1 X75.91038973964231 Y158.1618424912965 F300
G1 X75.91796591802765 Y158.14401618921337 F300
G1 X75.91529197271517 Y158.13554869572386 F300
G1 X75.77936641933137 Y157.8374037933837 F300
G1 X75.53782002610507 Y157.70103258244777 F300
G1 X75.36624186855502 Y157.77010950301988 F300
G1 X75.29538231777461 Y157.9376767426012 F300
G1 X75.31766519537851 Y158.04909113062075 F300
G1 X75.40055750006502 Y158.27191990665975 F300
G1 X75.47721059902246 Y158.51970550561512 F300
G1 X75.50706965501168 Y158.72871889753975 F300
G1 X75.4740909961579 Y158.8641987933715 F300
G1 X75.36356792324256 Y158.91990598738124 F300
G1 X75.17148951829691 Y158.87355760196508 F300
G1 X75.01818332038206 Y158.75189309024782 F300
G1 X74.89874709642515 Y158.57140178165622 F300
G1 X74.7048860612712 Y157.7959576410404 F300
G1 X74.66076596361548 Y157.7291090082287 F300
G1 X74.58500417976222 Y157.70103258244777 F300
G1 X74.52528606778377 Y157.7233154600517 F300
G1 X74.50032924486737 Y157.7816965993739 F300;svg > g > g > g#figure_1 > g#text_1 > g > use > path#Cmr10-a2
M3 S90
G4 P0.2
G0 X62.09521098422304 Y150.41985222599257
M3 S30
G4 P0.2
G1 X62.06146834099427 Y150.45168490828388 F300
G1 X62.06401495557757 Y150.4574147910963 F300
G1 X62.065288262869224 Y150.46569128849202 F300
G1 X63.467836244623406 Y153.2930701296043 F300
G1 X63.541688067539184 Y153.33636257752042 F300
G1 X63.59707693472602 Y153.33636257752042 F300
G1 X63.670928757641825 Y153.2930701296043 F300
G1 X65.07347673939601 Y150.46569128849202 F300
G1 X65.0760233539793 Y150.45868809838797 F300
G1 X65.07729666127095 Y150.45168490828388 F300
G1 X65.0435540180422 Y150.41985222599257 F300
G1 X62.09521098422304 Y150.41985222599257 F300
M3 S90
G4 P0.2
G0 X62.3638788227615 Y150.7464555463012
M3 S30
G4 P0.2
G1 X64.51067491648601 Y150.7464555463012 F300
G1 X63.43791352326959 Y152.9085313275255 F300
G1 X62.3638788227615 Y150.7464555463012 F300;svg > g > g > g#figure_1 > g#text_1 > g > use > path#Cmmi10-74
M3 S90
G4 P0.2
G0 X65.52120342309901 Y150.75027546817614
M3 S30
G4 P0.2
G1 X65.5332998423697 Y150.86359981713312 F300
G1 X65.82743382674123 Y152.03313256451509 F300
G1 X65.39960257674629 Y152.03313256451509 F300
G1 X65.35822008976761 Y152.0872481244103 F300
G1 X65.41169899601698 Y152.17637963482588 F300
G1 X65.86308643090744 Y152.17637963482588 F300
G1 X66.02670641788468 Y152.841046041068 F300
G1 X66.09037178246727 Y152.93272416606686 F300
G1 X66.19732959496598 Y152.97028673117063 F300
G1 X66.2839144907983 Y152.93909070252514 F300
G1 X66.3189304413187 Y152.85696238221365 F300
G1 X66.31765713402706 Y152.83786277283883 F300
G1 X66.31511051944375 Y152.82321973898485 F300
G1 X66.15212718611235 Y152.17637963482588 F300
G1 X66.57168193871155 Y152.17637963482588 F300
G1 X66.61370107933605 Y152.1229007285765 F300
G1 X66.60542458194031 Y152.0885214317019 F300
G1 X66.58950824079466 Y152.04904890566073 F300
G1 X66.55958551944086 Y152.03313256451509 F300
G1 X66.1158379283003 Y152.03313256451509 F300
G1 X65.82361390486625 Y150.8553233197374 F300
G1 X65.79369118351244 Y150.65668738223974 F300
G1 X65.91338206892769 Y150.48160762963767 F300
G1 X66.23043558454893 Y150.64968419213568 F300
G1 X66.4424412486089 Y151.01894330671465 F300
G1 X66.47427393090021 Y151.0424994916102 F300
G1 X66.5239329152746 Y151.0424994916102 F300
G1 X66.54939906110764 Y151.03167637963116 F300
G1 X66.55958551944086 Y151.00684688744394 F300
G1 X66.5557655975659 Y150.99475046817327 F300
G1 X66.29473760277733 Y150.56118933536592 F300
G1 X65.90319561059448 Y150.37401316349315 F300
G1 X65.63134450382688 Y150.4790610150544 F300
G1 X65.52120342309901 Y150.75027546817614 F300;svg > g > g > g#figure_1 > g#text_1 > g > use > path#Cmr10-3d
M3 S90
G4 P0.2
G0 X78.43876075442479 Y153.74563989216142
M3 S30
G4 P0.2
G1 X78.3587242960924 Y153.78202010049432 F300
G1 X78.32780111900945 Y153.8620565588267 F300
G1 X78.3587242960924 Y153.94391202757575 F300
G1 X78.43876075442479 Y153.978473225492 F300
G1 X82.09406218667304 Y153.978473225492 F300
G1 X82.16773210854718 Y153.94391202757575 F300
G1 X82.19956479083847 Y153.8620565588267 F300
G1 X82.16773210854718 Y153.78202010049432 F300
G1 X82.09406218667304 Y153.74563989216142 F300
G1 X78.43876075442479 Y153.74563989216142 F300
M3 S90
G4 P0.2
G0 X78.43876075442479 Y154.87706437131465
M3 S30
G4 P0.2
G1 X78.3587242960924 Y154.9107160640226 F300
G1 X78.32780111900945 Y154.99348103797996 F300
G1 X78.3587242960924 Y155.07260799110398 F300
G1 X78.43876075442479 Y155.1098977046452 F300
G1 X82.09406218667304 Y155.1098977046452 F300
G1 X82.16773210854718 Y155.07260799110398 F300
G1 X82.19956479083847 Y154.99348103797996 F300
G1 X82.16773210854718 Y154.9107160640226 F300
G1 X82.09406218667304 Y154.87706437131465 F300
G1 X78.43876075442479 Y154.87706437131465 F300;svg > g > g > g#figure_1 > g#text_1 > g > use > path#Cmr10-6c
M3 S90
G4 P0.2
G0 X85.17967231588639 Y152.97256046508727
M3 S30
G4 P0.2
G1 X85.17967231588639 Y153.17719913695984 F300
G1 X85.5061846856742 Y153.2081223140428 F300
G1 X85.63442492004766 Y153.36182869424934 F300
G1 X85.63442492004766 Y156.41776619421304 F300
G1 X85.5871306492149 Y156.643323485877 F300
G1 X85.45252387838316 Y156.72881697545932 F300
G1 X85.17967231588639 Y156.7442785640008 F300
G1 X85.17967231588639 Y156.9489172358734 F300
G1 X86.04370226379281 Y157.01167309524766 F300
G1 X86.04370226379281 Y153.36182869424934 F300
G1 X86.17103299295798 Y153.2081223140428 F300
G1 X86.4957263523291 Y153.17719913695984 F300
G1 X86.4957263523291 Y152.97256046508727 F300
G1 X85.17967231588639 Y152.97256046508727 F300;svg > g > g > g#figure_1 > g#text_1 > g > use > path#Cmr10-69
M3 S90
G4 P0.2
G0 X86.79120186415894 Y152.97256046508727
M3 S30
G4 P0.2
G1 X86.79120186415894 Y153.17719913695984 F300
G1 X87.11771423394674 Y153.2081223140428 F300
G1 X87.2459544683202 Y153.36182869424934 F300
G1 X87.2459544683202 Y154.9507342931888 F300
G1 X87.15864196832123 Y155.2263143713105 F300
G1 X86.81666800999197 Y155.2772466629766 F300
G1 X86.81666800999197 Y155.48188533484915 F300
G1 X87.65523181206535 Y155.5446411942234 F300
G1 X87.65523181206535 Y153.36182869424934 F300
G1 X87.7661914474807 Y153.2081223140428 F300
G1 X88.0617806401855 Y153.17719913695984 F300
G1 X88.0617806401855 Y152.97256046508727 F300
G1 X86.79120186415894 Y152.97256046508727 F300
M3 S90
G4 P0.2
G0 X87.03858728082267 Y156.54509692337817
M3 S30
G4 P0.2
G1 X87.13499483290487 Y156.76974470983384 F300
G1 X87.35691410373558 Y156.86615226191603 F300
G1 X87.51516800998367 Y156.82340551712488 F300
G1 X87.63522269748225 Y156.70426033483463 F300
G1 X87.67796944227341 Y156.54509692337817 F300
G1 X87.58065238498288 Y156.32317765254749 F300
G1 X87.35691410373558 Y156.2267701004653 F300
G1 X87.13499483290487 Y156.32317765254749 F300
G1 X87.03858728082267 Y156.54509692337817 F300;svg > g > g > g#figure_1 > g#text_1 > g > use > path#Cmr10-6d
M3 S90
G4 P0.2
G0 X88.39727432297322 Y152.97256046508727
M3 S30
G4 P0.2
G1 X88.39727432297322 Y153.17719913695984 F300
G1 X88.723786692761 Y153.2081223140428 F300
G1 X88.85202692713447 Y153.36182869424934 F300
G1 X88.85202692713447 Y154.9507342931888 F300
G1 X88.80473265630171 Y155.17629158485278 F300
G1 X88.67012588546996 Y155.26178507443512 F300
G1 X88.39727432297322 Y155.2772466629766 F300
G1 X88.39727432297322 Y155.48188533484915 F300
G1 X89.24129515629652 Y155.5446411942234 F300
G1 X89.24129515629652 Y154.97620043902182 F300
G1 X89.58599763025076 Y155.38547778276697 F300
G1 X90.08531598961983 Y155.5446411942234 F300
G1 X90.87294750002714 Y154.9989380692299 F300
G1 X91.21310244793978 Y155.39366332964184 F300
G1 X91.70514476564225 Y155.5446411942234 F300
G1 X92.14989281251196 Y155.45914770464108 F300
G1 X92.42183486980042 Y155.19902921506082 F300
G1 X92.51278539063267 Y154.7606477046494 F300
G1 X92.51278539063267 Y153.36182869424934 F300
G1 X92.64193513021448 Y153.2081223140428 F300
G1 X92.96753799479393 Y153.17719913695984 F300
G1 X92.96753799479393 Y152.97256046508727 F300
G1 X91.6342033593931 Y152.97256046508727 F300
G1 X91.6342033593931 Y153.17719913695984 F300
G1 X91.96071572918088 Y153.2081223140428 F300
G1 X92.08895596355435 Y153.36182869424934 F300
G1 X92.08895596355435 Y154.74336710569122 F300
G1 X92.00619098959702 Y155.21540030881062 F300
G1 X91.66876455730936 Y155.39457283485018 F300
G1 X91.11396638023261 Y155.1244497879784 F300
G1 X90.89568513023521 Y154.51053377236065 F300
G1 X90.89568513023521 Y153.36182869424934 F300
G1 X91.02301585940037 Y153.2081223140428 F300
G1 X91.35043773439646 Y153.17719913695984 F300
G1 X91.35043773439646 Y152.97256046508727 F300
G1 X90.01710309899565 Y152.97256046508727 F300
G1 X90.01710309899565 Y153.17719913695984 F300
G1 X90.34361546878341 Y153.2081223140428 F300
G1 X90.4718557031569 Y153.36182869424934 F300
G1 X90.4718557031569 Y154.74336710569122 F300
G1 X90.38909072919955 Y155.21085278276902 F300
G1 X90.05075479170357 Y155.39457283485018 F300
G1 X89.4950471094185 Y155.1244497879784 F300
G1 X89.27767536462943 Y154.51053377236065 F300
G1 X89.27767536462943 Y153.36182869424934 F300
G1 X89.4059155990029 Y153.2081223140428 F300
G1 X89.72969945316572 Y153.17719913695984 F300
G1 X89.72969945316572 Y152.97256046508727 F300
G1 X88.39727432297322 Y152.97256046508727 F300;svg > g > g > g#figure_1 > g#text_1 > g > use > path#Cmr10-a2
M3 S90
G4 P0.2
G0 X83.76621027163235 Y148.9646438926765
M3 S30
G4 P0.2
G1 X83.7324676284036 Y148.9964765749678 F300
G1 X83.73501424298689 Y149.00220645778023 F300
G1 X83.73628755027853 Y149.01048295517595 F300
G1 X85.13883553203272 Y151.83786179628822 F300
G1 X85.21268735494851 Y151.88115424420437 F300
G1 X85.26807622213536 Y151.88115424420437 F300
G1 X85.34192804505113 Y151.83786179628822 F300
G1 X86.74447602680532 Y149.01048295517595 F300
G1 X86.74702264138863 Y149.0034797650719 F300
G1 X86.7482959486803 Y148.9964765749678 F300
G1 X86.71455330545152 Y148.9646438926765 F300
G1 X83.76621027163235 Y148.9646438926765 F300
M3 S90
G4 P0.2
G0 X84.03487811017084 Y149.29124721298516
M3 S30
G4 P0.2
G1 X86.18167420389533 Y149.29124721298516 F300
G1 X85.1089128106789 Y151.45332299420946 F300
G1 X84.03487811017084 Y149.29124721298516 F300;svg > g > g > g#figure_1 > g#text_1 > g > use > path#Cmmi10-74
M3 S90
G4 P0.2
G0 X87.19220271050834 Y149.2950671348601
M3 S30
G4 P0.2
G1 X87.20429912977903 Y149.40839148381707 F300
G1 X87.49843311415054 Y150.577924231199 F300
G1 X87.07060186415562 Y150.577924231199 F300
G1 X87.02921937717693 Y150.6320397910942 F300
G1 X87.08269828342631 Y150.7211713015098 F300
G1 X87.53408571831679 Y150.7211713015098 F300
G1 X87.697705705294 Y151.38583770775193 F300
G1 X87.76137106987659 Y151.4775158327508 F300
G1 X87.86832888237531 Y151.51507839785455 F300
G1 X87.95491377820763 Y151.48388236920908 F300
G1 X87.98992972872804 Y151.40175404889757 F300
G1 X87.98865642143639 Y151.38265443952278 F300
G1 X87.9861098068531 Y151.3680114056688 F300
G1 X87.82312647352168 Y150.7211713015098 F300
G1 X88.24268122612088 Y150.7211713015098 F300
G1 X88.28470036674537 Y150.66769239526045 F300
G1 X88.27642386934964 Y150.63331309838586 F300
G1 X88.260507528204 Y150.59384057234465 F300
G1 X88.23058480685019 Y150.577924231199 F300
G1 X87.78683721570961 Y150.577924231199 F300
G1 X87.4946131922756 Y149.40011498642136 F300
G1 X87.46469047092175 Y149.2014790489237 F300
G1 X87.58438135633703 Y149.02639929632159 F300
G1 X87.90143487195826 Y149.19447585881963 F300
G1 X88.11344053601823 Y149.56373497339857 F300
G1 X88.14527321830953 Y149.5872911582941 F300
G1 X88.19493220268393 Y149.5872911582941 F300
G1 X88.22039834851695 Y149.57646804631509 F300
G1 X88.23058480685019 Y149.5516385541279 F300
G1 X88.22676488497522 Y149.5395421348572 F300
G1 X87.96573689018665 Y149.10598100204984 F300
G1 X87.57419489800381 Y148.9188048301771 F300
G1 X87.30234379123621 Y149.0238526817383 F300
G1 X87.19220271050834 Y149.2950671348601 F300;svg > g > g > g#figure_1 > g#text_1 > g > use > path#Cmsy10-21
M3 S90
G4 P0.2
G0 X88.71595362644857 Y149.90179805933204
M3 S30
G4 P0.2
G1 X88.65992810561592 Y149.92726420516507 F300
G1 X88.63828188165786 Y149.98328972599776 F300
G1 X88.65992810561592 Y150.03867859318458 F300
G1 X88.71595362644857 Y150.06478139266346 F300
G1 X91.80818038422436 Y150.06478139266346 F300
G1 X91.53314600922761 Y150.32262611922286 F300
G1 X91.33451007173 Y150.6371330202608 F300
G1 X91.221185722773 Y150.99429571556908 F300
G1 X91.26256820975166 Y151.04777462181846 F300
G1 X91.34405987641738 Y151.04777462181846 F300
G1 X91.36888936860457 Y151.03567820254773 F300
G1 X91.38416905610438 Y151.01021205671472 F300
G1 X91.49049021495729 Y150.68488204369777 F300
G1 X91.67257315766348 Y150.4047544395344 F300
G1 X91.91704815766056 Y150.18192566349538 F300
G1 X92.22391521494859 Y150.0291287884972 F300
G1 X92.25129132171911 Y149.98328972599776 F300
G1 X92.22391521494859 Y149.94381719995656 F300
G1 X91.83364653005741 Y149.72353503850084 F300
G1 X91.54142250662336 Y149.3797420697549 F300
G1 X91.38416905610438 Y148.95636739528075 F300
G1 X91.36825271495874 Y148.93090124944774 F300
G1 X91.34405987641738 Y148.9188048301771 F300
G1 X91.26256820975166 Y148.9188048301771 F300
G1 X91.221185722773 Y148.97292039007223 F300
G1 X91.42746150402056 Y149.49688634058685 F300
G1 X91.80818038422436 Y149.90179805933204 F300
G1 X88.71595362644857 Y149.90179805933204 F300;svg > g > g > g#figure_1 > g#text_1 > g > use > path#Cmr10-30
M3 S90
G4 P0.2
G0 X93.50295238941257 Y148.87487572861505
M3 S30
G4 P0.2
G1 X92.82364294931646 Y149.2855173301727 F300
G1 X92.64346996754777 Y150.26405398380692 F300
G1 X92.70777198577619 Y150.92999369734068 F300
G1 X92.96434340504395 Y151.46032618431354 F300
G1 X93.50295238941257 Y151.67869838483176 F300
G1 X93.94224340503234 Y151.54691108014583 F300
G1 X94.20327139982092 Y151.2075746869207 F300
G1 X94.32550889981947 Y150.7619171348427 F300
G1 X94.3586148894024 Y150.26405398380692 F300
G1 X94.29367621752817 Y149.60830072860634 F300
G1 X94.04028806648951 Y149.08879135361252 F300
G1 X93.50295238941257 Y148.87487572861505 F300
M3 S90
G4 P0.2
G0 X93.50295238941257 Y148.98056023382216
M3 S30
G4 P0.2
G1 X93.84101547534605 Y149.21293881454855 F300
G1 X93.97853266284442 Y149.72862826766746 F300
G1 X94.00463546232326 Y150.32962930932698 F300
G1 X93.97853266284442 Y150.89434109317446 F300
G1 X93.84165212899187 Y151.36291817650218 F300
G1 X93.50295238941257 Y151.5730138796247 F300
G1 X93.16106938160412 Y151.36164486921055 F300
G1 X93.02355219410578 Y150.8930677858828 F300
G1 X92.9974493946269 Y150.32962930932698 F300
G1 X93.00827250660595 Y149.90179805933204 F300
G1 X93.06748129566775 Y149.48669988225365 F300
G1 X93.22155147795756 Y149.12635391871626 F300
G1 X93.50295238941257 Y148.98056023382216 F300;svg > g > g > g#figure_1 > g#text_1 > g > use > path#Cmmi10-74
M3 S90
G4 P0.2
G0 X94.77434972012665 Y157.04852627539304
M3 S30
G4 P0.2
G1 X94.78644613939734 Y157.16185062435 F300
G1 X95.08058012376884 Y158.3313833717319 F300
G1 X94.65274887377392 Y158.3313833717319 F300
G1 X94.61136638679524 Y158.38549893162715 F300
G1 X94.6648452930446 Y158.47463044204275 F300
G1 X95.11623272793508 Y158.47463044204275 F300
G1 X95.27985271491231 Y159.13929684828486 F300
G1 X95.34351807949488 Y159.23097497328376 F300
G1 X95.4504758919936 Y159.26853753838745 F300
G1 X95.53706078782592 Y159.23734150974204 F300
G1 X95.57207673834634 Y159.15521318943053 F300
G1 X95.57080343105469 Y159.13611358005573 F300
G1 X95.56825681647138 Y159.12147054620175 F300
G1 X95.40527348313998 Y158.47463044204275 F300
G1 X95.82482823573918 Y158.47463044204275 F300
G1 X95.86684737636367 Y158.4211515357934 F300
G1 X95.85857087896794 Y158.38677223891878 F300
G1 X95.84265453782228 Y158.34729971287757 F300
G1 X95.81273181646847 Y158.3313833717319 F300
G1 X95.3689842253279 Y158.3313833717319 F300
G1 X95.0767602018939 Y157.1535741269543 F300
G1 X95.04683748054006 Y156.9549381894566 F300
G1 X95.16652836595532 Y156.7798584368545 F300
G1 X95.48358188157655 Y156.94793499935255 F300
G1 X95.69558754563653 Y157.3171941139315 F300
G1 X95.72742022792782 Y157.34075029882706 F300
G1 X95.77707921230223 Y157.34075029882706 F300
G1 X95.80254535813526 Y157.329927186848 F300
G1 X95.81273181646847 Y157.30509769466084 F300
G1 X95.80891189459352 Y157.29300127539008 F300
G1 X95.54788389980496 Y156.85944014258277 F300
G1 X95.1563419076221 Y156.67226397071 F300
G1 X94.8844908008545 Y156.77731182227126 F300
G1 X94.77434972012665 Y157.04852627539304 F300;svg > g > g > g#figure_1 > g#text_1 > g > use > path#Cmmi10-6e
M3 S90
G4 P0.2
G0 X96.62635285293797 Y158.32578077599246
M3 S30
G4 P0.2
G1 X96.62902679825046 Y158.35118325646093 F300
G1 X96.84205110814375 Y159.20194352337788 F300
G1 X96.86299701309142 Y159.3414343371783 F300
G1 X96.77965905085283 Y159.46399016399974 F300
G1 X96.64729875788565 Y159.35703235150103 F300
G1 X96.56351513809498 Y159.0878551900459 F300
G1 X96.5550476446055 Y159.07448546348357 F300
G1 X96.53989528783484 Y159.06958323041067 F300
G1 X96.50647097142901 Y159.06958323041067 F300
G1 X96.48953598445003 Y159.07983335410847 F300
G1 X96.48285112116885 Y159.09899662884786 F300
G1 X96.54212357559521 Y159.3089013358766 F300
G1 X96.63125508601084 Y159.46621845176014 F300
G1 X96.7823329961653 Y159.53752366009263 F300
G1 X96.97129179824638 Y159.4697837121768 F300
G1 X97.05373844538082 Y159.29820555462672 F300
G1 X97.25294737115972 Y159.4733489725934 F300
G1 X97.49538507949015 Y159.53752366009263 F300
G1 X97.67052849745684 Y159.50276237103057 F300
G1 X97.78550814589298 Y159.39758718874015 F300
G1 X97.82695429823622 Y159.2300199491588 F300
G1 X97.77436670709102 Y158.94702740358923 F300
G1 X97.64423470188423 Y158.5766859778124 F300
G1 X97.60412552219721 Y158.4055534778144 F300
G1 X97.6691915248006 Y158.32043288536752 F300
G1 X97.85503072401714 Y158.43986910932446 F300
G1 X97.96065156385964 Y158.69656785932136 F300
G1 X97.98427141411976 Y158.71305718874825 F300
G1 X98.01769573052562 Y158.71305718874825 F300
G1 X98.03641334771291 Y158.70592666791504 F300
G1 X98.04398952609823 Y158.6881003658319 F300
G1 X98.04131558078576 Y158.67963287234238 F300
G1 X97.90539002740196 Y158.3814879700022 F300
G1 X97.66384363417566 Y158.2451167590663 F300
G1 X97.4922654766256 Y158.3141936796384 F300
G1 X97.42140592584519 Y158.48176091921977 F300
G1 X97.4436888034491 Y158.59317530723928 F300
G1 X97.52658110813563 Y158.81600408327827 F300
G1 X97.60323420709305 Y159.06378968223368 F300
G1 X97.63309326308229 Y159.27280307415828 F300
G1 X97.6001146042285 Y159.40828296998998 F300
G1 X97.48959153131315 Y159.46399016399974 F300
G1 X97.29751312636752 Y159.41764177858363 F300
G1 X97.14420692845266 Y159.29597726686634 F300
G1 X97.02477070449574 Y159.11548595827475 F300
G1 X96.83090966934179 Y158.34004181765894 F300
G1 X96.78678957168607 Y158.27319318484723 F300
G1 X96.71102778783282 Y158.2451167590663 F300
G1 X96.65130967585435 Y158.2673996366702 F300
G1 X96.62635285293797 Y158.32578077599246 F300;svg > g > g > g#figure_1 > g#text_1 > g > use > path#Cmex10-a3
M3 S90
G4 P0.2
G0 X99.84460081063281 Y155.1553737990776
M3 S30
G4 P0.2
G1 X99.84460081063281 Y160.31991042504168 F300
G1 X100.67092667078708 Y160.31991042504168 F300
G1 X100.67092667078708 Y160.14764705354372 F300
G1 X100.01686418213077 Y160.14764705354372 F300
G1 X100.01686418213077 Y155.32763717057557 F300
G1 X100.67092667078708 Y155.32763717057557 F300
G1 X100.67092667078708 Y155.1553737990776 F300
G1 X99.84460081063281 Y155.1553737990776 F300;svg > g > g > g#figure_1 > g#text_1 > g > use > path#Cmex10-a1
M3 S90
G4 P0.2
G0 X102.44957635406611 Y155.16385542718754
M3 S30
G4 P0.2
G1 X101.6683646143664 Y156.28890799288772 F300
G1 X101.41939963272222 Y157.73559639973902 F300
G1 X101.6683646143664 Y159.18968646820682 F300
G1 X102.44957635406611 Y160.3113746422631 F300
G1 X102.47043558225792 Y160.31944918220833 F300
G1 X102.52359297023057 Y160.31944918220833 F300
G1 X102.54647083340869 Y160.30599161563296 F300
G1 X102.557236886669 Y160.27974936081105 F300
G1 X102.548489468395 Y160.25417998431786 F300
G1 X102.15620140272323 Y159.71655019963217 F300
G1 X101.90589066442152 Y159.10153940713818 F300
G1 X101.77467939031175 Y158.4360627399866 F300
G1 X101.73497956891443 Y157.73088625143762 F300
G1 X102.548489468395 Y155.22037720680405 F300
G1 X102.557236886669 Y155.19548070863962 F300
G1 X102.54512507675116 Y155.16923845381766 F300
G1 X102.52359297023057 Y155.15510800891354 F300
G1 X102.47043558225792 Y155.15510800891354 F300
G1 X102.44957635406611 Y155.16385542718754 F300;svg > g > g > g#figure_1 > g#text_1 > g > use > path#Cmr10-31
M3 S90
G4 P0.2
G0 X103.11586474734007 Y156.71810303320945
M3 S30
G4 P0.2
G1 X103.11586474734007 Y156.86135010352024 F300
G1 X103.62518766400068 Y156.99059079362289 F300
G1 X103.62518766400068 Y159.12974704359746 F300
G1 X103.09167190879869 Y159.02788246026535 F300
G1 X103.09167190879869 Y159.17112953057614 F300
G1 X103.84610647910222 Y159.4321575253647 F300
G1 X103.90340530722654 Y159.4321575253647 F300
G1 X103.93014476035123 Y159.42069775973985 F300
G1 X103.94351448691357 Y159.39586826755263 F300
G1 X103.94351448691357 Y156.99059079362289 F300
G1 X104.45283740357421 Y156.86135010352024 F300
G1 X104.45283740357421 Y156.71810303320945 F300
G1 X103.11586474734007 Y156.71810303320945 F300;svg > g > g > g#figure_1 > g#text_1 > g > use > path#Cmr10-2b
M3 S90
G4 P0.2
G0 X105.79665410832908 Y157.655257199865
M3 S30
G4 P0.2
G1 X105.74062858749642 Y157.680723345698 F300
G1 X105.71898236353836 Y157.7367488665307 F300
G1 X105.74062858749642 Y157.79213773371754 F300
G1 X105.79665410832908 Y157.81824053319642 F300
G1 X106.99483626977319 Y157.81824053319642 F300
G1 X106.99483626977319 Y159.02024261651545 F300
G1 X107.01839245466876 Y159.07244821547314 F300
G1 X107.07632793643889 Y159.0934577857854 F300
G1 X107.13171680362574 Y159.07244821547314 F300
G1 X107.15781960310458 Y159.02024261651545 F300
G1 X107.15781960310458 Y157.81824053319642 F300
G1 X108.35536511090288 Y157.81824053319642 F300
G1 X108.40693405621477 Y157.79213773371754 F300
G1 X108.42921693381867 Y157.7367488665307 F300
G1 X108.40693405621477 Y157.680723345698 F300
G1 X108.35536511090288 Y157.655257199865 F300
G1 X107.15781960310458 Y157.655257199865 F300
G1 X107.15781960310458 Y156.45325511654593 F300
G1 X107.13171680362574 Y156.40104951758823 F300
G1 X107.07632793643889 Y156.38003994727595 F300
G1 X107.01839245466876 Y156.40104951758823 F300
G1 X106.99483626977319 Y156.45325511654593 F300
G1 X106.99483626977319 Y157.655257199865 F300
G1 X105.79665410832908 Y157.655257199865 F300;svg > g > g > g#figure_1 > g#text_1 > g > use > path#Cmr10-a2
M3 S90
G4 P0.2
G0 X109.52586872962854 Y158.27815912694092
M3 S30
G4 P0.2
G1 X109.50224887936842 Y158.30044200454483 F300
G1 X109.50403150957675 Y158.30445292251352 F300
G1 X109.50492282468089 Y158.31024647069054 F300
G1 X110.4867064119088 Y160.28941165946915 F300
G1 X110.53840268794984 Y160.31971637301044 F300
G1 X110.57717489498066 Y160.31971637301044 F300
G1 X110.6288711710217 Y160.28941165946915 F300
G1 X111.61065475824965 Y158.31024647069054 F300
G1 X111.61243738845795 Y158.30534423761767 F300
G1 X111.61332870356209 Y158.30044200454483 F300
G1 X111.58970885330197 Y158.27815912694092 F300
G1 X109.52586872962854 Y158.27815912694092 F300
M3 S90
G4 P0.2
G0 X109.71393621660549 Y158.50678145115697
M3 S30
G4 P0.2
G1 X111.21669348221263 Y158.50678145115697 F300
G1 X110.46576050696115 Y160.020234498014 F300
G1 X109.71393621660549 Y158.50678145115697 F300;svg > g > g > g#figure_1 > g#text_1 > g > use > path#Cmmi10-74
M3 S90
G4 P0.2
G0 X111.92406344266257 Y158.50945539646943
M3 S30
G4 P0.2
G1 X111.93253093615205 Y158.58878244073935 F300
G1 X112.13842472521213 Y159.40745536390668 F300
G1 X111.83894285021567 Y159.40745536390668 F300
G1 X111.80997510933061 Y159.44533625583333 F300
G1 X111.84741034370516 Y159.50772831312423 F300
G1 X112.16338154812848 Y159.50772831312423 F300
G1 X112.27791553901255 Y159.97299479749373 F300
G1 X112.32248129422035 Y160.03716948499294 F300
G1 X112.39735176296945 Y160.06346328056557 F300
G1 X112.45796119005205 Y160.04162606051372 F300
G1 X112.48247235541635 Y159.98413623629565 F300
G1 X112.48158104031221 Y159.97076650973332 F300
G1 X112.47979841010388 Y159.96051638603552 F300
G1 X112.3657100767719 Y159.50772831312423 F300
G1 X112.65939840359134 Y159.50772831312423 F300
G1 X112.6888118020285 Y159.47029307874968 F300
G1 X112.68301825385149 Y159.44622757093745 F300
G1 X112.67187681504953 Y159.4185968027086 F300
G1 X112.65093091010186 Y159.40745536390668 F300
G1 X112.34030759630346 Y159.40745536390668 F300
G1 X112.13575077989964 Y158.5829888925623 F300
G1 X112.11480487495197 Y158.44394373631397 F300
G1 X112.19858849474264 Y158.3213879094925 F300
G1 X112.4205259556775 Y158.4390415032411 F300
G1 X112.56892992051951 Y158.69752288344634 F300
G1 X112.59121279812338 Y158.71401221287323 F300
G1 X112.6259740871855 Y158.71401221287323 F300
G1 X112.6438003892686 Y158.70643603448795 F300
G1 X112.65093091010186 Y158.68905538995688 F300
G1 X112.64825696478938 Y158.6805878964674 F300
G1 X112.4655373684374 Y158.37709510350226 F300
G1 X112.1914579739094 Y158.24607178319127 F300
G1 X112.00116219917207 Y158.3196052792842 F300
G1 X111.92406344266257 Y158.50945539646943 F300;svg > g > g > g#figure_1 > g#text_1 > g > use > path#Cmmi10-74
M3 S90
G4 P0.2
G0 X110.71231827388527 Y155.41875657833947
M3 S30
G4 P0.2
G1 X110.72078576737478 Y155.49808362260939 F300
G1 X110.92667955643483 Y156.31675654577677 F300
G1 X110.62719768143837 Y156.31675654577677 F300
G1 X110.59822994055331 Y156.3546374377034 F300
G1 X110.63566517492787 Y156.4170294949943 F300
G1 X110.95163637935119 Y156.4170294949943 F300
G1 X111.06617037023526 Y156.88229597936376 F300
G1 X111.11073612544304 Y156.94647066686298 F300
G1 X111.18560659419215 Y156.9727644624356 F300
G1 X111.24621602127478 Y156.95092724238378 F300
G1 X111.27072718663908 Y156.8934374181657 F300
G1 X111.26983587153491 Y156.88006769160336 F300
G1 X111.26805324132658 Y156.86981756790559 F300
G1 X111.1539649079946 Y156.4170294949943 F300
G1 X111.44765323481407 Y156.4170294949943 F300
G1 X111.4770666332512 Y156.37959426061977 F300
G1 X111.47127308507419 Y156.35552875280754 F300
G1 X111.46013164627222 Y156.32789798457867 F300
G1 X111.43918574132456 Y156.31675654577677 F300
G1 X111.12856242752615 Y156.31675654577677 F300
G1 X110.92400561112235 Y155.49229007443233 F300
G1 X110.90305970617467 Y155.35324491818398 F300
G1 X110.98684332596537 Y155.23068909136254 F300
G1 X111.20878078690022 Y155.34834268511113 F300
G1 X111.35718475174221 Y155.6068240653164 F300
G1 X111.37946762934611 Y155.62331339474332 F300
G1 X111.4142289184082 Y155.62331339474332 F300
G1 X111.4320552204913 Y155.61573721635799 F300
G1 X111.43918574132456 Y155.5983565718269 F300
G1 X111.4365117960121 Y155.58988907833742 F300
G1 X111.2537921996601 Y155.28639628537226 F300
G1 X110.97971280513212 Y155.15537296506136 F300
G1 X110.78941703039477 Y155.22890646115425 F300
G1 X110.71231827388527 Y155.41875657833947 F300;svg > g > g > g#figure_1 > g#text_1 > g > use > path#Cmex10-a2
M3 S90
G4 P0.2
G0 X113.50029894555466 Y155.15510800891354
M3 S30
G4 P0.2
G1 X113.46261775914364 Y155.19548070863962 F300
G1 X113.47069229908887 Y155.22037720680405 F300
G1 X113.95920196577447 Y155.95112307184615 F300
G1 X114.21153133906247 Y156.80904294102544 F300
G1 X114.28420219856945 Y157.73963366971165 F300
G1 X113.47069229908887 Y160.25417998431786 F300
G1 X113.46261775914364 Y160.27974936081105 F300
G1 X113.50029894555466 Y160.31944918220833 F300
G1 X113.55278345519858 Y160.31944918220833 F300
G1 X113.57364268339039 Y160.3113746422631 F300
G1 X114.35149003144625 Y159.18968646820682 F300
G1 X114.59978213476165 Y157.73559639973902 F300
G1 X114.35283578810377 Y156.28890799288772 F300
G1 X113.57364268339039 Y155.16385542718754 F300
G1 X113.55278345519858 Y155.15510800891354 F300
G1 X113.50029894555466 Y155.15510800891354 F300;svg > g > g > g#figure_1 > g#text_1 > g > use > path#Cmmi10-6e
M3 S90
G4 P0.2
G0 X115.66003133658695 Y158.32578077599246
M3 S30
G4 P0.2
G1 X115.6627052818994 Y158.35118325646093 F300
G1 X115.87572959179273 Y159.20194352337788 F300
G1 X115.89667549674039 Y159.3414343371783 F300
G1 X115.81333753450181 Y159.46399016399974 F300
G1 X115.68097724153462 Y159.35703235150103 F300
G1 X115.59719362174397 Y159.0878551900459 F300
G1 X115.58872612825446 Y159.07448546348357 F300
G1 X115.57357377148381 Y159.06958323041067 F300
G1 X115.54014945507797 Y159.06958323041067 F300
G1 X115.52321446809898 Y159.07983335410847 F300
G1 X115.51652960481783 Y159.09899662884786 F300
G1 X115.57580205924418 Y159.3089013358766 F300
G1 X115.66493356965982 Y159.46621845176014 F300
G1 X115.81601147981425 Y159.53752366009263 F300
G1 X116.00497028189534 Y159.4697837121768 F300
G1 X116.08741692902979 Y159.29820555462672 F300
G1 X116.28662585480869 Y159.4733489725934 F300
G1 X116.52906356313913 Y159.53752366009263 F300
G1 X116.70420698110581 Y159.50276237103057 F300
G1 X116.81918662954193 Y159.39758718874015 F300
G1 X116.8606327818852 Y159.2300199491588 F300
G1 X116.80804519073997 Y158.94702740358923 F300
G1 X116.6779131855332 Y158.5766859778124 F300
G1 X116.63780400584616 Y158.4055534778144 F300
G1 X116.70287000844957 Y158.32043288536752 F300
G1 X116.88870920766611 Y158.43986910932446 F300
G1 X116.9943300475086 Y158.69656785932136 F300
G1 X117.01794989776873 Y158.71305718874825 F300
G1 X117.0513742141746 Y158.71305718874825 F300
G1 X117.07009183136186 Y158.70592666791504 F300
G1 X117.07766800974721 Y158.6881003658319 F300
G1 X117.07499406443472 Y158.67963287234238 F300
G1 X116.93906851105093 Y158.3814879700022 F300
G1 X116.69752211782462 Y158.2451167590663 F300
G1 X116.52594396027459 Y158.3141936796384 F300
G1 X116.45508440949416 Y158.48176091921977 F300
G1 X116.47736728709808 Y158.59317530723928 F300
G1 X116.56025959178459 Y158.81600408327827 F300
G1 X116.63691269074201 Y159.06378968223368 F300
G1 X116.66677174673124 Y159.27280307415828 F300
G1 X116.63379308787746 Y159.40828296998998 F300
G1 X116.52327001496211 Y159.46399016399974 F300
G1 X116.33119161001649 Y159.41764177858363 F300
G1 X116.17788541210165 Y159.29597726686634 F300
G1 X116.05844918814472 Y159.11548595827475 F300
G1 X115.86458815299078 Y158.34004181765894 F300
G1 X115.82046805533504 Y158.27319318484723 F300
G1 X115.74470627148177 Y158.2451167590663 F300
G1 X115.68498815950332 Y158.2673996366702 F300
G1 X115.66003133658695 Y158.32578077599246 F300;svg > g > g > g#figure_1 > g#text_1 > g > use > path#Cmsy10-a1
M3 S90
G4 P0.2
G0 X118.54250456892773 Y157.655257199865
M3 S30
G4 P0.2
G1 X118.48647904809505 Y157.680723345698 F300
G1 X118.464832824137 Y157.7367488665307 F300
G1 X118.48647904809505 Y157.79213773371754 F300
G1 X118.54250456892773 Y157.81824053319642 F300
G1 X120.88029675639997 Y157.81824053319642 F300
G1 X120.93313900900351 Y157.79213773371754 F300
G1 X120.95414857931576 Y157.7367488665307 F300
G1 X120.93313900900351 Y157.680723345698 F300
G1 X120.88029675639997 Y157.655257199865 F300
G1 X118.54250456892773 Y157.655257199865 F300;svg > g > g > g#figure_1 > g#text_1 > g > use > path#Cmr10-31
M3 S90
G4 P0.2
G0 X122.38574385819459 Y156.71810303320945
M3 S30
G4 P0.2
G1 X122.38574385819459 Y156.86135010352024 F300
G1 X122.89506677485521 Y156.99059079362289 F300
G1 X122.89506677485521 Y159.12974704359746 F300
G1 X122.36155101965323 Y159.02788246026535 F300
G1 X122.36155101965323 Y159.17112953057614 F300
G1 X123.11598558995675 Y159.4321575253647 F300
G1 X123.17328441808108 Y159.4321575253647 F300
G1 X123.20002387120576 Y159.42069775973985 F300
G1 X123.21339359776809 Y159.39586826755263 F300
G1 X123.21339359776809 Y156.99059079362289 F300
G1 X123.72271651442871 Y156.86135010352024 F300
G1 X123.72271651442871 Y156.71810303320945 F300
G1 X122.38574385819459 Y156.71810303320945 F300;svg > g > g > g#figure_1 > g#text_1 > g > use > path#Cmex10-a4
M3 S90
G4 P0.2
G0 X124.13974269429941 Y155.1553737990776
M3 S30
G4 P0.2
G1 X124.13974269429941 Y155.32763717057557 F300
G1 X124.7938051829557 Y155.32763717057557 F300
G1 X124.7938051829557 Y160.14764705354372 F300
G1 X124.13974269429941 Y160.14764705354372 F300
G1 X124.13974269429941 Y160.31991042504168 F300
G1 X124.96606855445366 Y160.31991042504168 F300
G1 X124.96606855445366 Y155.1553737990776 F300
G1 X124.13974269429941 Y155.1553737990776 F300;svg > g > g > g#figure_1 > g#text_1 > g > use > path#Cmr10-a2
M3 S90
G4 P0.2
G0 X107.95580870434512 Y150.41985222599257
M3 S30
G4 P0.2
G1 X107.92206606111634 Y150.45168490828388 F300
G1 X107.92461267569965 Y150.4574147910963 F300
G1 X107.9258859829913 Y150.46569128849202 F300
G1 X109.32843396474549 Y153.2930701296043 F300
G1 X109.40228578766127 Y153.33636257752042 F300
G1 X109.45767465484809 Y153.33636257752042 F300
G1 X109.53152647776389 Y153.2930701296043 F300
G1 X110.93407445951806 Y150.46569128849202 F300
G1 X110.93662107410138 Y150.45868809838797 F300
G1 X110.93789438139302 Y150.45168490828388 F300
G1 X110.90415173816424 Y150.41985222599257 F300
G1 X107.95580870434512 Y150.41985222599257 F300
M3 S90
G4 P0.2
G0 X108.22447654288358 Y150.7464555463012
M3 S30
G4 P0.2
G1 X110.3712726366081 Y150.7464555463012 F300
G1 X109.29851124339167 Y152.9085313275255 F300
G1 X108.22447654288358 Y150.7464555463012 F300;svg > g > g > g#figure_1 > g#text_1 > g > use > path#Cmmi10-74
M3 S90
G4 P0.2
G0 X111.38180108501274 Y150.75027546817614
M3 S30
G4 P0.2
G1 X111.39389750428343 Y150.86359981713312 F300
G1 X111.68803148865496 Y152.03313256451509 F300
G1 X111.26020023866002 Y152.03313256451509 F300
G1 X111.21881775168136 Y152.0872481244103 F300
G1 X111.2722966579307 Y152.17637963482588 F300
G1 X111.72368409282119 Y152.17637963482588 F300
G1 X111.88730407979841 Y152.841046041068 F300
G1 X111.95096944438097 Y152.93272416606686 F300
G1 X112.0579272568797 Y152.97028673117063 F300
G1 X112.14451215271202 Y152.93909070252514 F300
G1 X112.17952810323243 Y152.85696238221365 F300
G1 X112.17825479594077 Y152.83786277283883 F300
G1 X112.17570818135748 Y152.82321973898485 F300
G1 X112.01272484802607 Y152.17637963482588 F300
G1 X112.43227960062526 Y152.17637963482588 F300
G1 X112.47429874124977 Y152.1229007285765 F300
G1 X112.46602224385403 Y152.0885214317019 F300
G1 X112.45010590270837 Y152.04904890566073 F300
G1 X112.42018318135456 Y152.03313256451509 F300
G1 X111.976435590214 Y152.03313256451509 F300
G1 X111.68421156678 Y150.8553233197374 F300
G1 X111.65428884542618 Y150.65668738223974 F300
G1 X111.7739797308414 Y150.48160762963767 F300
G1 X112.09103324646264 Y150.64968419213568 F300
G1 X112.30303891052263 Y151.01894330671465 F300
G1 X112.33487159281393 Y151.0424994916102 F300
G1 X112.38453057718833 Y151.0424994916102 F300
G1 X112.40999672302138 Y151.03167637963116 F300
G1 X112.42018318135456 Y151.00684688744394 F300
G1 X112.41636325947962 Y150.99475046817327 F300
G1 X112.15533526469108 Y150.56118933536592 F300
G1 X111.76379327250822 Y150.37401316349315 F300
G1 X111.49194216574061 Y150.4790610150544 F300
G1 X111.38180108501274 Y150.75027546817614 F300;svg > g > g > g#figure_1 > g#text_1 > g > path
M3 S90
G4 P0.2
G0 X29.999999999999996 Y153.70016463174528
M3 S30
G4 P0.2
G1 X29.999999999999996 Y154.06396671507432 F300
G1 X34.116363703326115 Y154.06396671507432 F300
G1 X34.116363703326115 Y153.70016463174528 F300
G1 X29.999999999999996 Y153.70016463174528 F300;svg > g > g > g#figure_1 > g#text_1 > g > path
M3 S90
G4 P0.2
G0 X52.38633383590083 Y153.70016463174528
M3 S30
G4 P0.2
G1 X52.38633383590083 Y154.06396671507432 F300
G1 X76.25162809015907 Y154.06396671507432 F300
G1 X76.25162809015907 Y153.70016463174528 F300
G1 X52.38633383590083 Y153.70016463174528 F300;svg > g > g > g#figure_1 > g#text_1 > g > path
M3 S90
G4 P0.2
G0 X109.37122555905748 Y157.22742594987008
M3 S30
G4 P0.2
G1 X109.37122555905748 Y157.48208740820039 F300
G1 X112.77632784201704 Y157.48208740820039 F300
G1 X112.77632784201704 Y157.22742594987008 F300
G1 X109.37122555905748 Y157.22742594987008 F300;svg > g > g > g#figure_1 > g#text_1 > g > path
M3 S90
G4 P0.2
G0 X94.5215982227338 Y153.70016463174528
M3 S30
G4 P0.2
G1 X94.5215982227338 Y154.06396671507432 F300
G1 X125.83636185636193 Y154.06396671507432 F300
G1 X125.83636185636193 Y153.70016463174528 F300
G1 X94.5215982227338 Y153.70016463174528 F300;svg > g > g > g#figure_1 > g#text_1 > g > use > path#Cmr10-3d
M3 S90
G4 P0.2
G0 X31.45952849760767 Y135.46858125381513
M3 S30
G4 P0.2
G1 X31.379492039275288 Y135.50496146214806 F300
G1 X31.34856886219232 Y135.58499792048042 F300
G1 X31.379492039275288 Y135.6668533892295 F300
G1 X31.45952849760767 Y135.7014145871457 F300
G1 X35.11482992985592 Y135.7014145871457 F300
G1 X35.18849985173005 Y135.6668533892295 F300
G1 X35.22033253402134 Y135.58499792048042 F300
G1 X35.18849985173005 Y135.50496146214806 F300
G1 X35.11482992985592 Y135.46858125381513 F300
G1 X31.45952849760767 Y135.46858125381513 F300
M3 S90
G4 P0.2
G0 X31.45952849760767 Y136.60000573296838
M3 S30
G4 P0.2
G1 X31.379492039275288 Y136.63365742567632 F300
G1 X31.34856886219232 Y136.71642239963367 F300
G1 X31.379492039275288 Y136.7955493527577 F300
G1 X31.45952849760767 Y136.83283906629896 F300
G1 X35.11482992985592 Y136.83283906629896 F300
G1 X35.18849985173005 Y136.7955493527577 F300
G1 X35.22033253402134 Y136.71642239963367 F300
G1 X35.18849985173005 Y136.63365742567632 F300
G1 X35.11482992985592 Y136.60000573296838 F300
G1 X31.45952849760767 Y136.60000573296838 F300;svg > g > g > g#figure_1 > g#text_1 > g > use > path#Cmr10-6c
M3 S90
G4 P0.2
G0 X38.20044000086095 Y134.69550182674098
M3 S30
G4 P0.2
G1 X38.20044000086095 Y134.90014049861355 F300
G1 X38.52695237064874 Y134.93106367569652 F300
G1 X38.655192605022215 Y135.08477005590302 F300
G1 X38.655192605022215 Y138.14070755586675 F300
G1 X38.60789833418945 Y138.36626484753072 F300
G1 X38.473291563357705 Y138.45175833711303 F300
G1 X38.20044000086095 Y138.46721992565452 F300
G1 X38.20044000086095 Y138.67185859752712 F300
G1 X39.06446994876736 Y138.73461445690137 F300
G1 X39.06446994876736 Y135.08477005590302 F300
G1 X39.19180067793251 Y134.93106367569652 F300
G1 X39.51649403730366 Y134.90014049861355 F300
G1 X39.51649403730366 Y134.69550182674098 F300
G1 X38.20044000086095 Y134.69550182674098 F300;svg > g > g > g#figure_1 > g#text_1 > g > use > path#Cmr10-69
M3 S90
G4 P0.2
G0 X39.81196954913349 Y134.69550182674098
M3 S30
G4 P0.2
G1 X39.81196954913349 Y134.90014049861355 F300
G1 X40.13848191892128 Y134.93106367569652 F300
G1 X40.26672215329475 Y135.08477005590302 F300
G1 X40.26672215329475 Y136.6736756548425 F300
G1 X40.179409653295785 Y136.94925573296425 F300
G1 X39.837435694966516 Y137.0001880246303 F300
G1 X39.837435694966516 Y137.20482669650286 F300
G1 X40.67599949703989 Y137.2675825558771 F300
G1 X40.67599949703989 Y135.08477005590302 F300
G1 X40.78695913245523 Y134.93106367569652 F300
G1 X41.08254832516007 Y134.90014049861355 F300
G1 X41.08254832516007 Y134.69550182674098 F300
G1 X39.81196954913349 Y134.69550182674098 F300
M3 S90
G4 P0.2
G0 X40.05935496579721 Y138.2680382850319
M3 S30
G4 P0.2
G1 X40.1557625178794 Y138.49268607148758 F300
G1 X40.377681788710106 Y138.58909362356977 F300
G1 X40.53593569495822 Y138.5463468787786 F300
G1 X40.65599038245679 Y138.42720169648834 F300
G1 X40.69873712724796 Y138.2680382850319 F300
G1 X40.60142006995745 Y138.04611901420122 F300
G1 X40.377681788710106 Y137.949711462119 F300
G1 X40.1557625178794 Y138.04611901420122 F300
G1 X40.05935496579721 Y138.2680382850319 F300;svg > g > g > g#figure_1 > g#text_1 > g > use > path#Cmr10-6d
M3 S90
G4 P0.2
G0 X41.41804206615607 Y134.69550182674098
M3 S30
G4 P0.2
G1 X41.41804206615607 Y134.90014049861355 F300
G1 X41.74455443594386 Y134.93106367569652 F300
G1 X41.87279467031733 Y135.08477005590302 F300
G1 X41.87279467031733 Y136.6736756548425 F300
G1 X41.82550039948457 Y136.8992329465065 F300
G1 X41.69089362865284 Y136.98472643608883 F300
G1 X41.41804206615607 Y137.0001880246303 F300
G1 X41.41804206615607 Y137.20482669650286 F300
G1 X42.26206289947938 Y137.2675825558771 F300
G1 X42.26206289947938 Y136.69914180067556 F300
G1 X42.60676537343363 Y137.10841914442068 F300
G1 X43.106083732802695 Y137.2675825558771 F300
G1 X43.89371524321002 Y136.7218794308836 F300
G1 X44.233870191122634 Y137.11660469129558 F300
G1 X44.725912508825125 Y137.2675825558771 F300
G1 X45.170660555694845 Y137.1820890662948 F300
G1 X45.44260261298328 Y136.92197057671453 F300
G1 X45.53355313381553 Y136.4835890663031 F300
G1 X45.53355313381553 Y135.08477005590302 F300
G1 X45.66270287339734 Y134.93106367569652 F300
G1 X45.9883057379768 Y134.90014049861355 F300
G1 X45.9883057379768 Y134.69550182674098 F300
G1 X44.65497110257597 Y134.69550182674098 F300
G1 X44.65497110257597 Y134.90014049861355 F300
G1 X44.98148347236376 Y134.93106367569652 F300
G1 X45.109723706737235 Y135.08477005590302 F300
G1 X45.109723706737235 Y136.46630846734496 F300
G1 X45.02695873277988 Y136.93834167046438 F300
G1 X44.689532300492225 Y137.11751419650392 F300
G1 X44.134734123415484 Y136.8473911496321 F300
G1 X43.916452873418066 Y136.2334751340144 F300
G1 X43.916452873418066 Y135.08477005590302 F300
G1 X44.043783602583225 Y134.93106367569652 F300
G1 X44.37120547757934 Y134.90014049861355 F300
G1 X44.37120547757934 Y134.69550182674098 F300
G1 X43.037870842178506 Y134.69550182674098 F300
G1 X43.037870842178506 Y134.90014049861355 F300
G1 X43.36438321196629 Y134.93106367569652 F300
G1 X43.49262344633978 Y135.08477005590302 F300
G1 X43.49262344633978 Y136.46630846734496 F300
G1 X43.40985847238242 Y136.9337941444228 F300
G1 X43.07152253488644 Y137.11751419650392 F300
G1 X42.51581485260137 Y136.8473911496321 F300
G1 X42.29844310781229 Y136.2334751340144 F300
G1 X42.29844310781229 Y135.08477005590302 F300
G1 X42.42668334218577 Y134.93106367569652 F300
G1 X42.75046719634859 Y134.90014049861355 F300
G1 X42.75046719634859 Y134.69550182674098 F300
G1 X41.41804206615607 Y134.69550182674098 F300;svg > g > g > g#figure_1 > g#text_1 > g > use > path#Cmr10-a2
M3 S90
G4 P0.2
G0 X36.7869779566069 Y130.68758525433026
M3 S30
G4 P0.2
G1 X36.75323531337814 Y130.71941793662154 F300
G1 X36.75578192796143 Y130.72514781943397 F300
G1 X36.757055235253084 Y130.7334243168297 F300
G1 X38.159603217007266 Y133.56080315794196 F300
G1 X38.23345503992305 Y133.6040956058581 F300
G1 X38.2888439071099 Y133.6040956058581 F300
G1 X38.362695730025685 Y133.56080315794196 F300
G1 X39.76524371177987 Y130.7334243168297 F300
G1 X39.76779032636317 Y130.7264211267256 F300
G1 X39.769063633654824 Y130.71941793662154 F300
G1 X39.73532099042606 Y130.68758525433026 F300
G1 X36.7869779566069 Y130.68758525433026 F300
M3 S90
G4 P0.2
G0 X37.05564579514538 Y131.01418857463887
M3 S30
G4 P0.2
G1 X39.202441888869885 Y131.01418857463887 F300
G1 X38.12968049565345 Y133.1762643558632 F300
G1 X37.05564579514538 Y131.01418857463887 F300;svg > g > g > g#figure_1 > g#text_1 > g > use > path#Cmmi10-74
M3 S90
G4 P0.2
G0 X40.212970395482884 Y131.01800849651383
M3 S30
G4 P0.2
G1 X40.225066814753575 Y131.13133284547078 F300
G1 X40.51920079912508 Y132.30086559285274 F300
G1 X40.09136954913016 Y132.30086559285274 F300
G1 X40.04998706215148 Y132.35498115274794 F300
G1 X40.10346596840085 Y132.44411266316357 F300
G1 X40.55485340329132 Y132.44411266316357 F300
G1 X40.71847339026854 Y133.10877906940567 F300
G1 X40.78213875485112 Y133.20045719440458 F300
G1 X40.88909656734985 Y133.2380197595083 F300
G1 X40.97568146318216 Y133.20682373086285 F300
G1 X41.01069741370258 Y133.1246954105513 F300
G1 X41.009424106410926 Y133.10559580117655 F300
G1 X41.006877491827616 Y133.09095276732253 F300
G1 X40.84389415849622 Y132.44411266316357 F300
G1 X41.26344891109541 Y132.44411266316357 F300
G1 X41.30546805171991 Y132.39063375691418 F300
G1 X41.29719155432417 Y132.3562544600396 F300
G1 X41.28127521317853 Y132.3167819339984 F300
G1 X41.25135249182472 Y132.30086559285274 F300
G1 X40.807604900684154 Y132.30086559285274 F300
G1 X40.51538087725013 Y131.12305634807507 F300
G1 X40.48545815589632 Y130.92442041057745 F300
G1 X40.605149041311556 Y130.74934065797535 F300
G1 X40.922202556932795 Y130.91741722047334 F300
G1 X41.134208220992775 Y131.2866763350523 F300
G1 X41.16604090328406 Y131.31023251994785 F300
G1 X41.215699887658474 Y131.31023251994785 F300
G1 X41.2411660334915 Y131.2994094079688 F300
G1 X41.25135249182472 Y131.2745799157816 F300
G1 X41.24753256994977 Y131.26248349651092 F300
G1 X40.9865045751612 Y130.82892236370355 F300
G1 X40.59496258297835 Y130.64174619183078 F300
G1 X40.32311147621075 Y130.74679404339204 F300
G1 X40.212970395482884 Y131.01800849651383 F300;svg > g > g > g#figure_1 > g#text_1 > g > use > path#Cmsy10-21
M3 S90
G4 P0.2
G0 X41.73672131142312 Y131.6247394209858
M3 S30
G4 P0.2
G1 X41.680695790590455 Y131.6502055668188 F300
G1 X41.65904956663238 Y131.70623108765147 F300
G1 X41.680695790590455 Y131.76161995483832 F300
G1 X41.73672131142312 Y131.7877227543172 F300
G1 X44.8289480691989 Y131.7877227543172 F300
G1 X44.55391369420217 Y132.04556748087663 F300
G1 X44.35527775670453 Y132.36007438191456 F300
G1 X44.241953407747545 Y132.71723707722282 F300
G1 X44.28333589472622 Y132.77071598347214 F300
G1 X44.36482756139191 Y132.77071598347214 F300
G1 X44.38965705357912 Y132.7586195642015 F300
G1 X44.40493674107894 Y132.73315341836846 F300
G1 X44.51125789993184 Y132.40782340535148 F300
G1 X44.693340842638015 Y132.12769580118814 F300
G1 X44.93781584263511 Y131.90486702514914 F300
G1 X45.244682899923134 Y131.75207015015096 F300
G1 X45.272059006693645 Y131.70623108765147 F300
G1 X45.244682899923134 Y131.6667585616103 F300
G1 X44.85441421503194 Y131.44647640015455 F300
G1 X44.562190191597914 Y131.10268343140865 F300
G1 X44.40493674107894 Y130.67930875693452 F300
G1 X44.3890203999333 Y130.65384261110148 F300
G1 X44.36482756139191 Y130.64174619183078 F300
G1 X44.28333589472622 Y130.64174619183078 F300
G1 X44.241953407747545 Y130.69586175172597 F300
G1 X44.44822918899509 Y131.2198277022406 F300
G1 X44.8289480691989 Y131.6247394209858 F300
G1 X41.73672131142312 Y131.6247394209858 F300;svg > g > g > g#figure_1 > g#text_1 > g > use > path#Cmr10-30
M3 S90
G4 P0.2
G0 X46.523720074387114 Y130.59781709026882
M3 S30
G4 P0.2
G1 X45.84441063429101 Y131.00845869182643 F300
G1 X45.66423765252232 Y131.98699534546063 F300
G1 X45.72853967075073 Y132.6529350589944 F300
G1 X45.985111090018506 Y133.18326754596725 F300
G1 X46.523720074387114 Y133.40163974648553 F300
G1 X46.963011090006894 Y133.26985244179957 F300
G1 X47.22403908479546 Y132.93051604857445 F300
G1 X47.346276584794005 Y132.48485849649637 F300
G1 X47.379382574376955 Y131.98699534546063 F300
G1 X47.31444390250272 Y131.33124209026013 F300
G1 X47.06105575146406 Y130.81173271526626 F300
G1 X46.523720074387114 Y130.59781709026882 F300
M3 S90
G4 P0.2
G0 X46.523720074387114 Y130.7035015954759
M3 S30
G4 P0.2
G1 X46.86178316032059 Y130.93588017620232 F300
G1 X46.99930034781896 Y131.45156962932117 F300
G1 X47.02540314729782 Y132.05257067098069 F300
G1 X46.99930034781896 Y132.61728245482814 F300
G1 X46.862419813966426 Y133.08585953815594 F300
G1 X46.523720074387114 Y133.29595524127845 F300
G1 X46.18183706657867 Y133.0845862308643 F300
G1 X46.044319879080305 Y132.61600914753652 F300
G1 X46.01821707960144 Y132.05257067098069 F300
G1 X46.02904019158048 Y131.6247394209858 F300
G1 X46.088248980642284 Y131.20964124390738 F300
G1 X46.24231916293213 Y130.84929528037 F300
G1 X46.523720074387114 Y130.7035015954759 F300;svg > g > g > g#figure_1 > g#text_1 > g > use > path#Cmmi10-74
M3 S90
G4 P0.2
G0 X48.02795073843175 Y137.25457663139812
M3 S30
G4 P0.2
G1 X48.040047157702446 Y137.3679009803551 F300
G1 X48.33418114207395 Y138.53743372773704 F300
G1 X47.90634989207903 Y138.53743372773704 F300
G1 X47.86496740510035 Y138.59154928763226 F300
G1 X47.91844631134972 Y138.68068079804786 F300
G1 X48.36983374624019 Y138.68068079804786 F300
G1 X48.53345373321741 Y139.34534720428996 F300
G1 X48.59711909779999 Y139.43702532928887 F300
G1 X48.70407691029872 Y139.47458789439258 F300
G1 X48.79066180613102 Y139.44339186574715 F300
G1 X48.825677756651444 Y139.3612635454356 F300
G1 X48.82440444935979 Y139.3421639360608 F300
G1 X48.82185783477649 Y139.32752090220683 F300
G1 X48.65887450144509 Y138.68068079804786 F300
G1 X49.07842925404427 Y138.68068079804786 F300
G1 X49.120448394668784 Y138.62720189179848 F300
G1 X49.11217189727304 Y138.5928225949239 F300
G1 X49.0962555561274 Y138.55335006888268 F300
G1 X49.06633283477359 Y138.53743372773704 F300
G1 X48.622585243633026 Y138.53743372773704 F300
G1 X48.330361220198995 Y137.3596244829594 F300
G1 X48.30043849884518 Y137.16098854546172 F300
G1 X48.42012938426042 Y136.98590879285962 F300
G1 X48.73718289988166 Y137.15398535535766 F300
G1 X48.94918856394164 Y137.52324446993657 F300
G1 X48.98102124623293 Y137.54680065483214 F300
G1 X49.03068023060734 Y137.54680065483214 F300
G1 X49.056146376440374 Y137.53597754285312 F300
G1 X49.06633283477359 Y137.51114805066592 F300
G1 X49.06251291289863 Y137.4990516313952 F300
G1 X48.80148491811006 Y137.06549049858785 F300
G1 X48.40994292592721 Y136.8783143267151 F300
G1 X48.13809181915961 Y136.98336217827634 F300
G1 X48.02795073843175 Y137.25457663139812 F300;svg > g > g > g#figure_1 > g#text_1 > g > use > path#Cmmi10-6e
M3 S90
G4 P0.2
G0 X49.87995392945143 Y138.53183119020588
M3 S30
G4 P0.2
G1 X49.8826278747639 Y138.55723367067432 F300
G1 X50.0956521846572 Y139.4079939375913 F300
G1 X50.11659808960487 Y139.5474847513917 F300
G1 X50.033260127366276 Y139.67004057821316 F300
G1 X49.900899834399105 Y139.56308276571446 F300
G1 X49.817116214608426 Y139.2939056042593 F300
G1 X49.80864872111894 Y139.280535877697 F300
G1 X49.79349636434829 Y139.27563364462412 F300
G1 X49.76007204794244 Y139.27563364462412 F300
G1 X49.74313706096347 Y139.28588376832187 F300
G1 X49.736452197682304 Y139.30504704306125 F300
G1 X49.79572465210868 Y139.51495175009003 F300
G1 X49.88485616252429 Y139.67226886597356 F300
G1 X50.03593407267874 Y139.74357407430608 F300
G1 X50.22489287475983 Y139.6758341263902 F300
G1 X50.30733952189427 Y139.50425596884014 F300
G1 X50.506548447673154 Y139.67939938680684 F300
G1 X50.74898615600361 Y139.74357407430608 F300
G1 X50.924129573970276 Y139.70881278524396 F300
G1 X51.03910922240642 Y139.60363760295357 F300
G1 X51.08055537474968 Y139.43607036337218 F300
G1 X51.02796778360447 Y139.15307781780265 F300
G1 X50.89783577839767 Y138.7827363920258 F300
G1 X50.85772659871065 Y138.6116038920278 F300
G1 X50.92279260131404 Y138.52648329958092 F300
G1 X51.108631800530596 Y138.64591952353786 F300
G1 X51.214252640373076 Y138.90261827353478 F300
G1 X51.23787249063322 Y138.91910760296167 F300
G1 X51.27129680703907 Y138.91910760296167 F300
G1 X51.29001442422635 Y138.91197708212843 F300
G1 X51.29759060261167 Y138.8941507800453 F300
G1 X51.29491665729922 Y138.8856832865558 F300
G1 X51.15899110391541 Y138.5875383842156 F300
G1 X50.91744471068911 Y138.4511671732797 F300
G1 X50.74586655313907 Y138.52024409385183 F300
G1 X50.675007002358655 Y138.68781133343316 F300
G1 X50.697289879962554 Y138.7992257214527 F300
G1 X50.78018218464908 Y139.02205449749172 F300
G1 X50.856835283606486 Y139.26984009644707 F300
G1 X50.88669433959573 Y139.47885348837173 F300
G1 X50.85371568074194 Y139.6143333842034 F300
G1 X50.74319260782659 Y139.67004057821316 F300
G1 X50.55111420288095 Y139.62369219279705 F300
G1 X50.397808004966116 Y139.50202768107977 F300
G1 X50.278371781009206 Y139.32153637248814 F300
G1 X50.084510745855255 Y138.54609223187236 F300
G1 X50.040390648199526 Y138.47924359906065 F300
G1 X49.96462886434626 Y138.4511671732797 F300
G1 X49.9049107523678 Y138.47345005088363 F300
G1 X49.87995392945143 Y138.53183119020588 F300;svg > g > g > g#figure_1 > g#text_1 > g > use > path#Cmr10-a2
M3 S90
G4 P0.2
G0 X47.76328472280989 Y132.14279352943794
M3 S30
G4 P0.2
G1 X47.72954207958113 Y132.17462621172928 F300
G1 X47.732088694164425 Y132.1803560945417 F300
G1 X47.73336200145608 Y132.18863259193742 F300
G1 X49.13590998321026 Y135.01601143304967 F300
G1 X49.209761806126046 Y135.05930388096584 F300
G1 X49.26515067331289 Y135.05930388096584 F300
G1 X49.33900249622867 Y135.01601143304967 F300
G1 X50.741550477982855 Y132.18863259193742 F300
G1 X50.74409709256616 Y132.18162940183333 F300
G1 X50.745370399857805 Y132.17462621172928 F300
G1 X50.71162775662905 Y132.14279352943794 F300
G1 X47.76328472280989 Y132.14279352943794 F300
M3 S90
G4 P0.2
G0 X48.03195256134837 Y132.4693968497466
M3 S30
G4 P0.2
G1 X50.17874865507287 Y132.4693968497466 F300
G1 X49.10598726185645 Y134.6314726309709 F300
G1 X48.03195256134837 Y132.4693968497466 F300;svg > g > g > g#figure_1 > g#text_1 > g > use > path#Cmmi10-74
M3 S90
G4 P0.2
G0 X51.18927716168587 Y132.4732167716215
M3 S30
G4 P0.2
G1 X51.20137358095656 Y132.58654112057854 F300
G1 X51.49550756532807 Y133.75607386796045 F300
G1 X51.06767631533315 Y133.75607386796045 F300
G1 X51.02629382835447 Y133.81018942785568 F300
G1 X51.079772734603836 Y133.89932093827125 F300
G1 X51.531160169494306 Y133.89932093827125 F300
G1 X51.69478015647153 Y134.56398734451338 F300
G1 X51.75844552105411 Y134.6556654695123 F300
G1 X51.86540333355284 Y134.693228034616 F300
G1 X51.951988229385144 Y134.66203200597053 F300
G1 X51.987004179905576 Y134.57990368565902 F300
G1 X51.985730872613914 Y134.56080407628426 F300
G1 X51.983184258030604 Y134.54616104243027 F300
G1 X51.820200924699215 Y133.89932093827125 F300
G1 X52.23975567729839 Y133.89932093827125 F300
G1 X52.28177481792291 Y133.8458420320219 F300
G1 X52.27349832052717 Y133.81146273514733 F300
G1 X52.25758197938152 Y133.7719902091061 F300
G1 X52.227659258027714 Y133.75607386796045 F300
G1 X51.78391166688715 Y133.75607386796045 F300
G1 X51.49168764345311 Y132.57826462318278 F300
G1 X51.4617649220993 Y132.37962868568513 F300
G1 X51.581455807514544 Y132.20454893308306 F300
G1 X51.898509323135784 Y132.37262549558108 F300
G1 X52.110514987195764 Y132.74188461016 F300
G1 X52.142347669487044 Y132.76544079505558 F300
G1 X52.19200665386146 Y132.76544079505558 F300
G1 X52.21747279969449 Y132.75461768307653 F300
G1 X52.227659258027714 Y132.7297881908893 F300
G1 X52.22383933615275 Y132.71769177161863 F300
G1 X51.96281134136419 Y132.2841306388113 F300
G1 X51.57126934918134 Y132.0969544669385 F300
G1 X51.29941824241373 Y132.20200231849975 F300
G1 X51.18927716168587 Y132.4732167716215 F300;svg > g > g > g#figure_1 > g#text_1 > g > use > path#Cmex10-68
M3 S90
G4 P0.2
G0 X54.21633907637974 Y132.34467064518034
M3 S30
G4 P0.2
G1 X54.21633907637974 Y140.95231505279168 F300
G1 X55.302762575707334 Y140.95231505279168 F300
G1 X55.302762575707334 Y140.7235156097124 F300
G1 X54.44513851945906 Y140.7235156097124 F300
G1 X54.44513851945906 Y132.57347008825968 F300
G1 X55.302762575707334 Y132.57347008825968 F300
G1 X55.302762575707334 Y132.34467064518034 F300
G1 X54.21633907637974 Y132.34467064518034 F300;svg > g > g > g#figure_1 > g#text_1 > g > use > path#Cmr10-31
M3 S90
G4 P0.2
G0 X55.933927266650365 Y134.69550182674098
M3 S30
G4 P0.2
G1 X55.933927266650365 Y134.90014049861355 F300
G1 X56.6615314333084 Y135.08477005590302 F300
G1 X56.6615314333084 Y138.14070755586675 F300
G1 X55.89936606873412 Y137.99518672253515 F300
G1 X55.89936606873412 Y138.19982539440772 F300
G1 X56.97712974059631 Y138.57272252981994 F300
G1 X57.05898520934533 Y138.57272252981994 F300
G1 X57.09718442809488 Y138.55635143607014 F300
G1 X57.11628403746966 Y138.52088073294559 F300
G1 X57.11628403746966 Y135.08477005590302 F300
G1 X57.84388820412768 Y134.90014049861355 F300
G1 X57.84388820412768 Y134.69550182674098 F300
G1 X55.933927266650365 Y134.69550182674098 F300;svg > g > g > g#figure_1 > g#text_1 > g > use > path#Cmr10-2b
M3 S90
G4 P0.2
G0 X59.76362633714655 Y136.03429349339177
M3 S30
G4 P0.2
G1 X59.68358987881417 Y136.07067370172464 F300
G1 X59.65266670173121 Y136.15071016005706 F300
G1 X59.68358987881417 Y136.2298371131811 F300
G1 X59.76362633714655 Y136.26712682672232 F300
G1 X61.47531513920957 Y136.26712682672232 F300
G1 X61.47531513920957 Y137.98427266003526 F300
G1 X61.50896683191749 Y138.05885208711774 F300
G1 X61.59173180587484 Y138.08886575899234 F300
G1 X61.67085875899891 Y138.05885208711774 F300
G1 X61.70814847254013 Y137.98427266003526 F300
G1 X61.70814847254013 Y136.26712682672232 F300
G1 X63.41892776939483 Y136.26712682672232 F300
G1 X63.49259769126894 Y136.2298371131811 F300
G1 X63.52443037356023 Y136.15071016005706 F300
G1 X63.49259769126894 Y136.07067370172464 F300
G1 X63.41892776939483 Y136.03429349339177 F300
G1 X61.70814847254013 Y136.03429349339177 F300
G1 X61.70814847254013 Y134.31714766007883 F300
G1 X61.67085875899891 Y134.24256823299638 F300
G1 X61.59173180587484 Y134.21255456112175 F300
G1 X61.50896683191749 Y134.24256823299638 F300
G1 X61.47531513920957 Y134.31714766007883 F300
G1 X61.47531513920957 Y136.03429349339177 F300
G1 X59.76362633714655 Y136.03429349339177 F300;svg > g > g > g#figure_1 > g#text_1 > g > use > path#Cmmi10-6e
M3 S90
G4 P0.2
G0 X65.31945261216391 Y134.79463789444816
M3 S30
G4 P0.2
G1 X65.32490964341385 Y134.84647969132254 F300
G1 X65.75965313299203 Y136.58272513401025 F300
G1 X65.80239987778317 Y136.86740026421518 F300
G1 X65.63232240382686 Y137.11751419650392 F300
G1 X65.36219935695507 Y136.8992329465065 F300
G1 X65.19121237779044 Y136.3498918006797 F300
G1 X65.17393177883233 Y136.32260664442998 F300
G1 X65.14300860174933 Y136.31260208713846 F300
G1 X65.07479571112515 Y136.31260208713846 F300
G1 X65.0402345132089 Y136.3335207069299 F300
G1 X65.02659193508406 Y136.37262943088774 F300
G1 X65.14755612779096 Y136.80100638400765 F300
G1 X65.32945716945545 Y137.1220617225455 F300
G1 X65.63777943507681 Y137.2675825558771 F300
G1 X66.02340964340556 Y137.12933776421207 F300
G1 X66.19166810694523 Y136.77917825900792 F300
G1 X66.59821693506541 Y137.13661380587868 F300
G1 X67.09298776839286 Y137.2675825558771 F300
G1 X67.45042331526362 Y137.196641149628 F300
G1 X67.68507565901083 Y136.98199792046384 F300
G1 X67.76965964338481 Y136.64002396213456 F300
G1 X67.66233802880275 Y136.06248815484975 F300
G1 X67.39676250797258 Y135.30668932673373 F300
G1 X67.31490703922354 Y134.95743932673787 F300
G1 X67.44769479963865 Y134.7837238319483 F300
G1 X67.82695847150914 Y135.02747122777873 F300
G1 X68.0425112058816 Y135.5513462277725 F300
G1 X68.09071498192267 Y135.58499792048042 F300
G1 X68.15892787254687 Y135.58499792048042 F300
G1 X68.19712709129641 Y135.57044583714728 F300
G1 X68.21258867983788 Y135.53406562881437 F300
G1 X68.20713164858796 Y135.51678502985624 F300
G1 X67.92973256004959 Y134.90832604548848 F300
G1 X67.43678073713878 Y134.63001745174176 F300
G1 X67.0866212319346 Y134.77099075903175 F300
G1 X66.94200990381131 Y135.11296471736102 F300
G1 X66.98748516422745 Y135.34034101944167 F300
G1 X67.15665313297544 Y135.79509362360292 F300
G1 X67.3130880288069 Y136.30077851943025 F300
G1 X67.37402487776451 Y136.72733646213354 F300
G1 X67.30672149234866 Y137.00382604546357 F300
G1 X67.08116420068467 Y137.11751419650392 F300
G1 X66.68916745589766 Y137.02292565483836 F300
G1 X66.37629766423471 Y136.7746307329663 F300
G1 X66.13255026840426 Y136.40628112359568 F300
G1 X65.73691550278394 Y134.82374206111447 F300
G1 X65.64687448716003 Y134.68731627986608 F300
G1 X65.49225860174519 Y134.63001745174176 F300
G1 X65.37038490382997 Y134.6754927121579 F300
G1 X65.31945261216391 Y134.79463789444816 F300;svg > g > g > g#figure_1 > g#text_1 > g > use > path#Cmr10-a2
M3 S90
G4 P0.2
G0 X68.58414425868766 Y136.92415338921455
M3 S30
G4 P0.2
G1 X68.5504016154589 Y136.95598607150583 F300
G1 X68.55294823004218 Y136.96171595431827 F300
G1 X68.55422153733385 Y136.96999245171398 F300
G1 X69.95676951908801 Y139.79737129282626 F300
G1 X70.0306213420038 Y139.8406637407424 F300
G1 X70.08601020919065 Y139.8406637407424 F300
G1 X70.15986203210643 Y139.79737129282626 F300
G1 X71.5624100138606 Y136.96999245171398 F300
G1 X71.56495662844392 Y136.96298926160992 F300
G1 X71.56622993573556 Y136.95598607150583 F300
G1 X71.53248729250679 Y136.92415338921455 F300
G1 X68.58414425868766 Y136.92415338921455 F300
M3 S90
G4 P0.2
G0 X68.85281209722613 Y137.25075670952316
M3 S30
G4 P0.2
G1 X70.99960819095064 Y137.25075670952316 F300
G1 X69.92684679773421 Y139.4128324907475 F300
G1 X68.85281209722613 Y137.25075670952316 F300;svg > g > g > g#figure_1 > g#text_1 > g > use > path#Cmmi10-74
M3 S90
G4 P0.2
G0 X72.01013669756364 Y137.25457663139812
M3 S30
G4 P0.2
G1 X72.02223311683431 Y137.3679009803551 F300
G1 X72.31636710120583 Y138.53743372773704 F300
G1 X71.88853585121092 Y138.53743372773704 F300
G1 X71.84715336423224 Y138.59154928763226 F300
G1 X71.9006322704816 Y138.68068079804786 F300
G1 X72.35201970537209 Y138.68068079804786 F300
G1 X72.5156396923493 Y139.34534720428996 F300
G1 X72.57930505693186 Y139.43702532928887 F300
G1 X72.68626286943059 Y139.47458789439258 F300
G1 X72.77284776526291 Y139.44339186574715 F300
G1 X72.80786371578333 Y139.3612635454356 F300
G1 X72.80659040849166 Y139.3421639360608 F300
G1 X72.80404379390838 Y139.32752090220683 F300
G1 X72.64106046057697 Y138.68068079804786 F300
G1 X73.06061521317616 Y138.68068079804786 F300
G1 X73.10263435380065 Y138.62720189179848 F300
G1 X73.09435785640491 Y138.5928225949239 F300
G1 X73.07844151525927 Y138.55335006888268 F300
G1 X73.04851879390546 Y138.53743372773704 F300
G1 X72.6047712027649 Y138.53743372773704 F300
G1 X72.31254717933088 Y137.3596244829594 F300
G1 X72.28262445797706 Y137.16098854546172 F300
G1 X72.4023153433923 Y136.98590879285962 F300
G1 X72.71936885901354 Y137.15398535535766 F300
G1 X72.93137452307352 Y137.52324446993657 F300
G1 X72.96320720536481 Y137.54680065483214 F300
G1 X73.01286618973921 Y137.54680065483214 F300
G1 X73.03833233557225 Y137.53597754285312 F300
G1 X73.04851879390546 Y137.51114805066592 F300
G1 X73.04469887203052 Y137.4990516313952 F300
G1 X72.78367087724196 Y137.06549049858785 F300
G1 X72.3921288850591 Y136.8783143267151 F300
G1 X72.1202777782915 Y136.98336217827634 F300
G1 X72.01013669756364 Y137.25457663139812 F300;svg > g > g > g#figure_1 > g#text_1 > g > use > path#Cmmi10-74
M3 S90
G4 P0.2
G0 X70.30401860762555 Y132.83929264707552
M3 S30
G4 P0.2
G1 X70.31611502689624 Y132.95261699603253 F300
G1 X70.61024901126775 Y134.12214974341447 F300
G1 X70.18241776127283 Y134.12214974341447 F300
G1 X70.14103527429415 Y134.17626530330963 F300
G1 X70.19451418054352 Y134.26539681372523 F300
G1 X70.64590161543401 Y134.26539681372523 F300
G1 X70.80952160241122 Y134.93006321996737 F300
G1 X70.8731869669938 Y135.02174134496627 F300
G1 X70.98014477949252 Y135.05930391006999 F300
G1 X71.06672967532484 Y135.02810788142455 F300
G1 X71.10174562584525 Y134.945979561113 F300
G1 X71.1004723185536 Y134.92687995173824 F300
G1 X71.0979257039703 Y134.91223691788426 F300
G1 X70.9349423706389 Y134.26539681372523 F300
G1 X71.35449712323809 Y134.26539681372523 F300
G1 X71.39651626386258 Y134.2119179074759 F300
G1 X71.38823976646685 Y134.17753861060132 F300
G1 X71.37232342532121 Y134.1380660845601 F300
G1 X71.3424007039674 Y134.12214974341447 F300
G1 X70.89865311282682 Y134.12214974341447 F300
G1 X70.6064290893928 Y132.9443404986368 F300
G1 X70.57650636803898 Y132.74570456113912 F300
G1 X70.69619725345424 Y132.57062480853708 F300
G1 X71.01325076907547 Y132.73870137103506 F300
G1 X71.22525643313544 Y133.107960485614 F300
G1 X71.25708911542674 Y133.13151667050957 F300
G1 X71.30674809980114 Y133.13151667050957 F300
G1 X71.33221424563418 Y133.12069355853052 F300
G1 X71.3424007039674 Y133.09586406634332 F300
G1 X71.33858078209245 Y133.08376764707265 F300
G1 X71.07755278730386 Y132.65020651426528 F300
G1 X70.68601079512102 Y132.4630303423925 F300
G1 X70.41415968835342 Y132.56807819395374 F300
G1 X70.30401860762555 Y132.83929264707552 F300;svg > g > g > g#figure_1 > g#text_1 > g > use > path#Cmr10-2b
M3 S90
G4 P0.2
G0 X75.41478987412735 Y136.03429349339177
M3 S30
G4 P0.2
G1 X75.33475341579498 Y136.07067370172464 F300
G1 X75.303830238712 Y136.15071016005706 F300
G1 X75.33475341579498 Y136.2298371131811 F300
G1 X75.41478987412735 Y136.26712682672232 F300
G1 X77.12647867619036 Y136.26712682672232 F300
G1 X77.12647867619036 Y137.98427266003526 F300
G1 X77.1601303688983 Y138.05885208711774 F300
G1 X77.24289534285565 Y138.08886575899234 F300
G1 X77.32202229597972 Y138.05885208711774 F300
G1 X77.35931200952092 Y137.98427266003526 F300
G1 X77.35931200952092 Y136.26712682672232 F300
G1 X79.0700913063756 Y136.26712682672232 F300
G1 X79.14376122824973 Y136.2298371131811 F300
G1 X79.17559391054102 Y136.15071016005706 F300
G1 X79.14376122824973 Y136.07067370172464 F300
G1 X79.0700913063756 Y136.03429349339177 F300
G1 X77.35931200952092 Y136.03429349339177 F300
G1 X77.35931200952092 Y134.31714766007883 F300
G1 X77.32202229597972 Y134.24256823299638 F300
G1 X77.24289534285565 Y134.21255456112175 F300
G1 X77.1601303688983 Y134.24256823299638 F300
G1 X77.12647867619036 Y134.31714766007883 F300
G1 X77.12647867619036 Y136.03429349339177 F300
G1 X75.41478987412735 Y136.03429349339177 F300;svg > g > g > g#figure_1 > g#text_1 > g > use > path#Cmmi10-6e
M3 S90
G4 P0.2
G0 X80.83582741906298 Y137.96635540743137
M3 S30
G4 P0.2
G1 X80.83964734093794 Y138.0026446652434 F300
G1 X81.14396778364267 Y139.2180164751248 F300
G1 X81.17389050499648 Y139.41728906626827 F300
G1 X81.05483627322705 Y139.59236881887034 F300
G1 X80.8657501404168 Y139.43957194387215 F300
G1 X80.74605925500155 Y139.0550331417934 F300
G1 X80.73396283573086 Y139.0359335324186 F300
G1 X80.71231661177279 Y139.02893034231454 F300
G1 X80.66456758833584 Y139.02893034231454 F300
G1 X80.64037474979447 Y139.04357337616852 F300
G1 X80.6308249451071 Y139.07094948293903 F300
G1 X80.71549988000191 Y139.37081335012297 F300
G1 X80.84283060916707 Y139.5955520870995 F300
G1 X81.05865619510202 Y139.6974166704316 F300
G1 X81.32859734093213 Y139.60064531626605 F300
G1 X81.44637826540992 Y139.35553366262312 F300
G1 X81.73096244509402 Y139.6057385454327 F300
G1 X82.07730202842325 Y139.6974166704316 F300
G1 X82.32750691123277 Y139.6477576860572 F300
G1 X82.49176355185583 Y139.49750742564228 F300
G1 X82.55097234091761 Y139.25812565481183 F300
G1 X82.47584721071017 Y138.85385058971244 F300
G1 X82.28994434612906 Y138.3247914100312 F300
G1 X82.23264551800473 Y138.08031641003413 F300
G1 X82.32559695029529 Y137.9587155636814 F300
G1 X82.59108152060465 Y138.1293387407627 F300
G1 X82.74196843466535 Y138.49605124075836 F300
G1 X82.77571107789412 Y138.51960742565393 F300
G1 X82.82346010133105 Y138.51960742565393 F300
G1 X82.85019955445574 Y138.5094209673207 F300
G1 X82.86102266643478 Y138.48395482148769 F300
G1 X82.85720274455983 Y138.47185840221698 F300
G1 X82.66302338258295 Y138.0459371131595 F300
G1 X82.31795710654538 Y137.85112109753686 F300
G1 X82.07284545290246 Y137.94980241263985 F300
G1 X81.97161752321617 Y138.1891841834703 F300
G1 X82.00345020550746 Y138.3483475949268 F300
G1 X82.12186778363106 Y138.66667441783966 F300
G1 X82.23137221071309 Y139.02065384491883 F300
G1 X82.27402800498342 Y139.3192444048111 F300
G1 X82.22691563519231 Y139.51278711314214 F300
G1 X82.0690255310275 Y139.59236881887034 F300
G1 X81.79462780967661 Y139.52615683970447 F300
G1 X81.57561895551254 Y139.35235039439402 F300
G1 X81.40499577843123 Y139.09450566783457 F300
G1 X81.12805144249702 Y137.98672832409775 F300
G1 X81.06502273156028 Y137.89123027722388 F300
G1 X80.95679161176989 Y137.85112109753686 F300
G1 X80.87148002322924 Y137.88295377982814 F300
G1 X80.83582741906298 Y137.96635540743137 F300;svg > g > g > g#figure_1 > g#text_1 > g > use > path#Cmr10-28
M3 S90
G4 P0.2
G0 X84.22958926348103 Y136.885954170465
M3 S30
G4 P0.2
G1 X83.838683924944 Y137.29723242566843 F300
G1 X83.57001608640553 Y137.79191230847505 F300
G1 X83.41403594317823 Y138.34070775117686 F300
G1 X83.36246699786632 Y138.91560599335756 F300
G1 X83.41403594317823 Y139.4943241574132 F300
G1 X83.57192604734301 Y140.0456662146983 F300
G1 X83.84377715411061 Y140.54098275115072 F300
G1 X84.22958926348103 Y140.94525781625012 F300
G1 X84.24996218014746 Y140.95289766000002 F300
G1 X84.28752474525118 Y140.95289766000002 F300
G1 X84.30917096920926 Y140.942074548021 F300
G1 X84.31935742754247 Y140.91724505583377 F300
G1 X84.31171758379256 Y140.89114225635493 F300
G1 X83.98002103431733 Y140.4734974646932 F300
G1 X83.76674206296569 Y139.99855384490718 F300
G1 X83.65087109942542 Y139.4771345089759 F300
G1 X83.61521849525916 Y138.91560599335756 F300
G1 X84.30726100827177 Y136.94770957411006 F300
G1 X84.31935742754247 Y136.91396693088132 F300
G1 X84.30853431556342 Y136.89168405327743 F300
G1 X84.28752474525118 Y136.87831432671507 F300
G1 X84.24996218014746 Y136.87831432671507 F300
G1 X84.22958926348103 Y136.885954170465 F300;svg > g > g > g#figure_1 > g#text_1 > g > use > path#Cmmi10-6e
M3 S90
G4 P0.2
G0 X84.86266175801516 Y137.96635540743137
M3 S30
G4 P0.2
G1 X84.86648167989013 Y138.0026446652434 F300
G1 X85.17080212259484 Y139.2180164751248 F300
G1 X85.20072484394865 Y139.41728906626827 F300
G1 X85.08167061217924 Y139.59236881887034 F300
G1 X84.89258447936896 Y139.43957194387215 F300
G1 X84.77289359395374 Y139.0550331417934 F300
G1 X84.76079717468305 Y139.0359335324186 F300
G1 X84.73915095072498 Y139.02893034231454 F300
G1 X84.69140192728803 Y139.02893034231454 F300
G1 X84.66720908874666 Y139.04357337616852 F300
G1 X84.65765928405926 Y139.07094948293903 F300
G1 X84.7423342189541 Y139.37081335012297 F300
G1 X84.86966494811925 Y139.5955520870995 F300
G1 X85.08549053405419 Y139.6974166704316 F300
G1 X85.3554316798843 Y139.60064531626605 F300
G1 X85.47321260436208 Y139.35553366262312 F300
G1 X85.7577967840462 Y139.6057385454327 F300
G1 X86.10413636737542 Y139.6974166704316 F300
G1 X86.35434125018496 Y139.6477576860572 F300
G1 X86.518597890808 Y139.49750742564228 F300
G1 X86.5778066798698 Y139.25812565481183 F300
G1 X86.50268154966236 Y138.85385058971244 F300
G1 X86.31677868508122 Y138.3247914100312 F300
G1 X86.25947985695692 Y138.08031641003413 F300
G1 X86.35243128924748 Y137.9587155636814 F300
G1 X86.61791585955682 Y138.1293387407627 F300
G1 X86.76880277361752 Y138.49605124075836 F300
G1 X86.80254541684629 Y138.51960742565393 F300
G1 X86.85029444028324 Y138.51960742565393 F300
G1 X86.87703389340791 Y138.5094209673207 F300
G1 X86.88785700538693 Y138.48395482148769 F300
G1 X86.884037083512 Y138.47185840221698 F300
G1 X86.68985772153515 Y138.0459371131595 F300
G1 X86.34479144549756 Y137.85112109753686 F300
G1 X86.09967979185465 Y137.94980241263985 F300
G1 X85.99845186216834 Y138.1891841834703 F300
G1 X86.03028454445963 Y138.3483475949268 F300
G1 X86.14870212258324 Y138.66667441783966 F300
G1 X86.25820654966526 Y139.02065384491883 F300
G1 X86.30086234393558 Y139.3192444048111 F300
G1 X86.2537499741445 Y139.51278711314214 F300
G1 X86.09585986997968 Y139.59236881887034 F300
G1 X85.82146214862878 Y139.52615683970447 F300
G1 X85.60245329446471 Y139.35235039439402 F300
G1 X85.43183011738341 Y139.09450566783457 F300
G1 X85.15488578144918 Y137.98672832409775 F300
G1 X85.09185707051245 Y137.89123027722388 F300
G1 X84.98362595072206 Y137.85112109753686 F300
G1 X84.8983143621814 Y137.88295377982814 F300
G1 X84.86266175801516 Y137.96635540743137 F300;svg > g > g > g#figure_1 > g#text_1 > g > use > path#Cmsy10-a1
M3 S90
G4 P0.2
G0 X88.12447715616393 Y138.83411432669186
M3 S30
G4 P0.2
G1 X88.06845163533127 Y138.85958047252487 F300
G1 X88.04680541137319 Y138.91560599335756 F300
G1 X88.06845163533127 Y138.9709948605444 F300
G1 X88.12447715616393 Y138.9970976600233 F300
G1 X90.46226934363618 Y138.9970976600233 F300
G1 X90.51511159623972 Y138.9709948605444 F300
G1 X90.53612116655195 Y138.91560599335756 F300
G1 X90.51511159623972 Y138.85958047252487 F300
G1 X90.46226934363618 Y138.83411432669186 F300
G1 X88.12447715616393 Y138.83411432669186 F300;svg > g > g > g#figure_1 > g#text_1 > g > use > path#Cmr10-31
M3 S90
G4 P0.2
G0 X91.96771644543081 Y137.89696016003631
M3 S30
G4 P0.2
G1 X91.96771644543081 Y138.0402072303471 F300
G1 X92.47703936209142 Y138.16944792044976 F300
G1 X92.47703936209142 Y140.3086041704243 F300
G1 X91.94352360688944 Y140.20673958709222 F300
G1 X91.94352360688944 Y140.349986657403 F300
G1 X92.69795817719296 Y140.61101465219159 F300
G1 X92.75525700531729 Y140.61101465219159 F300
G1 X92.78199645844198 Y140.59955488656672 F300
G1 X92.79536618500431 Y140.57472539437953 F300
G1 X92.79536618500431 Y138.16944792044976 F300
G1 X93.30468910166493 Y138.0402072303471 F300
G1 X93.30468910166493 Y137.89696016003631 F300
G1 X91.96771644543081 Y137.89696016003631 F300;svg > g > g > g#figure_1 > g#text_1 > g > use > path#Cmr10-29
M3 S90
G4 P0.2
G0 X93.89168376311628 Y136.87831432671507
M3 S30
G4 P0.2
G1 X93.85539450530422 Y136.91396693088132 F300
G1 X93.86367100269996 Y136.9400697303602 F300
G1 X94.56017009123336 Y138.91560599335756 F300
G1 X93.87131084644986 Y140.883502412605 F300
G1 X93.85539450530422 Y140.91724505583377 F300
G1 X93.86621761728325 Y140.942074548021 F300
G1 X93.89168376311628 Y140.95289766000002 F300
G1 X93.92924632822002 Y140.95289766000002 F300
G1 X93.9489825912406 Y140.94525781625012 F300
G1 X94.43665928394316 Y140.38372930063179 F300
G1 X94.72188011727309 Y139.67959036834847 F300
G1 X94.81292158862618 Y138.91560599335756 F300
G1 X94.76389925789759 Y138.34771094128095 F300
G1 X94.60855576831612 Y137.79700553764167 F300
G1 X94.33925127613179 Y137.29532246473096 F300
G1 X93.9489825912406 Y136.885954170465 F300
G1 X93.92924632822002 Y136.87831432671507 F300
G1 X93.89168376311628 Y136.87831432671507 F300;svg > g > g > g#figure_1 > g#text_1 > g > use > path#Cmr10-32
M3 S90
G4 P0.2
G0 X87.06912136430148 Y132.34524938881057
M3 S30
G4 P0.2
G1 X87.06912136430148 Y132.4547538158926 F300
G1 X87.07676120805137 Y132.47640003985066 F300
G1 X87.70959493200219 Y133.17671905025904 F300
G1 X87.94197351272861 Y133.43711039140177 F300
G1 X88.11896322626816 Y133.6803120841072 F300
G1 X88.2577537210582 Y133.95980303462474 F300
G1 X88.30868601272425 Y134.2609402091003 F300
G1 X88.24693060907913 Y134.58054033930486 F300
G1 X88.06293770543552 Y134.82437868565614 F300
G1 X87.76753041377235 Y134.91605681065502 F300
G1 X87.44920359085945 Y134.8090989981563 F300
G1 X87.249930999716 Y134.53406462315957 F300
G1 X87.29386010127797 Y134.53788454503453 F300
G1 X87.44984024450528 Y134.47612914138944 F300
G1 X87.51477891637951 Y134.31696572993297 F300
G1 X87.44984024450528 Y134.15843897212238 F300
G1 X87.29386010127797 Y134.09413695389398 F300
G1 X87.13342338252987 Y134.16034893305982 F300
G1 X87.06912136430148 Y134.31696572993297 F300
G1 X87.1264201924258 Y134.6040965242004 F300
G1 X87.29258679398632 Y134.84284164138506 F300
G1 X87.53769844762923 Y135.00327836013318 F300
G1 X87.82673920283413 Y135.05930388096584 F300
G1 X88.2603003356415 Y134.96062256586285 F300
G1 X88.57862715855437 Y134.68176826899116 F300
G1 X88.69640808303215 Y134.2609402091003 F300
G1 X88.61873633824139 Y133.9247870841043 F300
G1 X88.41946374709794 Y133.63510967525357 F300
G1 X88.1094134215808 Y133.3397023835904 F300
G1 X87.86111849970874 Y133.11942022213472 F300
G1 X87.39954460648505 Y132.67567263099414 F300
G1 X87.7910865986679 Y132.67567263099414 F300
G1 X88.27367006220383 Y132.68012920651492 F300
G1 X88.47930918980555 Y132.69540889401475 F300
G1 X88.57735385126271 Y133.07167119869774 F300
G1 X88.69640808303215 Y133.07167119869774 F300
G1 X88.58117377313768 Y132.34524938881057 F300
G1 X87.06912136430148 Y132.34524938881057 F300;svg > g > g > g#figure_1 > g#text_1 > g > use > path#Cmex10-a1
M3 S90
G4 P0.2
G0 X98.34214806828804 Y132.47540507571398
M3 S30
G4 P0.2
G1 X97.22613084474465 Y134.0826236784397 F300
G1 X96.87046644103143 Y136.1493222405571 F300
G1 X97.22613084474465 Y138.22659460927133 F300
G1 X98.34214806828804 Y139.82900693627118 F300
G1 X98.37194697778834 Y139.84054199801324 F300
G1 X98.44788613425683 Y139.84054199801324 F300
G1 X98.48056880919263 Y139.82131689510982 F300
G1 X98.49594889151538 Y139.78382794444815 F300
G1 X98.48345257462815 Y139.74730024893168 F300
G1 X97.92304082499354 Y138.97925738794012 F300
G1 X97.56545391098996 Y138.10067018525396 F300
G1 X97.37800915768166 Y137.14998884667995 F300
G1 X97.32129510411656 Y136.14259345454084 F300
G1 X97.6400499595522 Y133.96915486645582 F300
G1 X98.48345257462815 Y132.55615050790834 F300
G1 X98.49594889151538 Y132.520584067537 F300
G1 X98.4786462989023 Y132.48309511687535 F300
G1 X98.44788613425683 Y132.46290875882673 F300
G1 X98.37194697778834 Y132.46290875882673 F300
G1 X98.34214806828804 Y132.47540507571398 F300;svg > g > g > g#figure_1 > g#text_1 > g > use > path#Cmr10-a2
M3 S90
G4 P0.2
G0 X98.97466037582676 Y136.92415338921455
M3 S30
G4 P0.2
G1 X98.94091773259801 Y136.95598607150583 F300
G1 X98.9434643471813 Y136.96171595431827 F300
G1 X98.94473765447296 Y136.96999245171398 F300
G1 X100.34728563622714 Y139.79737129282626 F300
G1 X100.42113745914293 Y139.8406637407424 F300
G1 X100.47652632632978 Y139.8406637407424 F300
G1 X100.55037814924556 Y139.79737129282626 F300
G1 X101.95292613099973 Y136.96999245171398 F300
G1 X101.95547274558304 Y136.96298926160992 F300
G1 X101.95674605287469 Y136.95598607150583 F300
G1 X101.92300340964591 Y136.92415338921455 F300
G1 X98.97466037582676 Y136.92415338921455 F300
M3 S90
G4 P0.2
G0 X99.24332821436525 Y137.25075670952316
M3 S30
G4 P0.2
G1 X101.39012430808975 Y137.25075670952316 F300
G1 X100.31736291487333 Y139.4128324907475 F300
G1 X99.24332821436525 Y137.25075670952316 F300;svg > g > g > g#figure_1 > g#text_1 > g > use > path#Cmmi10-74
M3 S90
G4 P0.2
G0 X102.40065281470275 Y137.25457663139812
M3 S30
G4 P0.2
G1 X102.41274923397343 Y137.3679009803551 F300
G1 X102.70688321834497 Y138.53743372773704 F300
G1 X102.27905196835002 Y138.53743372773704 F300
G1 X102.23766948137137 Y138.59154928763226 F300
G1 X102.29114838762071 Y138.68068079804786 F300
G1 X102.74253582251121 Y138.68068079804786 F300
G1 X102.90615580948842 Y139.34534720428996 F300
G1 X102.96982117407099 Y139.43702532928887 F300
G1 X103.07677898656972 Y139.47458789439258 F300
G1 X103.16336388240204 Y139.44339186574715 F300
G1 X103.19837983292244 Y139.3612635454356 F300
G1 X103.19710652563079 Y139.3421639360608 F300
G1 X103.19455991104749 Y139.32752090220683 F300
G1 X103.03157657771608 Y138.68068079804786 F300
G1 X103.45113133031529 Y138.68068079804786 F300
G1 X103.49315047093978 Y138.62720189179848 F300
G1 X103.48487397354404 Y138.5928225949239 F300
G1 X103.4689576323984 Y138.55335006888268 F300
G1 X103.43903491104459 Y138.53743372773704 F300
G1 X102.99528731990402 Y138.53743372773704 F300
G1 X102.70306329646999 Y137.3596244829594 F300
G1 X102.6731405751162 Y137.16098854546172 F300
G1 X102.79283146053143 Y136.98590879285962 F300
G1 X103.10988497615267 Y137.15398535535766 F300
G1 X103.32189064021264 Y137.52324446993657 F300
G1 X103.35372332250395 Y137.54680065483214 F300
G1 X103.40338230687834 Y137.54680065483214 F300
G1 X103.42884845271139 Y137.53597754285312 F300
G1 X103.43903491104459 Y137.51114805066592 F300
G1 X103.43521498916965 Y137.4990516313952 F300
G1 X103.17418699438107 Y137.06549049858785 F300
G1 X102.78264500219824 Y136.8783143267151 F300
G1 X102.51079389543062 Y136.98336217827634 F300
G1 X102.40065281470275 Y137.25457663139812 F300;svg > g > g > g#figure_1 > g#text_1 > g > use > path#Cmmi10-74
M3 S90
G4 P0.2
G0 X100.69453472476467 Y132.83929264707552
M3 S30
G4 P0.2
G1 X100.70663114403536 Y132.95261699603253 F300
G1 X101.00076512840685 Y134.12214974341447 F300
G1 X100.57293387841194 Y134.12214974341447 F300
G1 X100.53155139143325 Y134.17626530330963 F300
G1 X100.58503029768264 Y134.26539681372523 F300
G1 X101.0364177325731 Y134.26539681372523 F300
G1 X101.20003771955032 Y134.93006321996737 F300
G1 X101.2637030841329 Y135.02174134496627 F300
G1 X101.37066089663163 Y135.05930391006999 F300
G1 X101.45724579246394 Y135.02810788142455 F300
G1 X101.49226174298437 Y134.945979561113 F300
G1 X101.49098843569271 Y134.92687995173824 F300
G1 X101.4884418211094 Y134.91223691788426 F300
G1 X101.32545848777801 Y134.26539681372523 F300
G1 X101.7450132403772 Y134.26539681372523 F300
G1 X101.7870323810017 Y134.2119179074759 F300
G1 X101.77875588360595 Y134.17753861060132 F300
G1 X101.76283954246031 Y134.1380660845601 F300
G1 X101.7329168211065 Y134.12214974341447 F300
G1 X101.28916922996594 Y134.12214974341447 F300
G1 X100.99694520653192 Y132.9443404986368 F300
G1 X100.96702248517808 Y132.74570456113912 F300
G1 X101.08671337059334 Y132.57062480853708 F300
G1 X101.40376688621458 Y132.73870137103506 F300
G1 X101.61577255027456 Y133.107960485614 F300
G1 X101.64760523256585 Y133.13151667050957 F300
G1 X101.69726421694025 Y133.13151667050957 F300
G1 X101.72273036277329 Y133.12069355853052 F300
G1 X101.7329168211065 Y133.09586406634332 F300
G1 X101.72909689923154 Y133.08376764707265 F300
G1 X101.46806890444297 Y132.65020651426528 F300
G1 X101.07652691226014 Y132.4630303423925 F300
G1 X100.80467580549252 Y132.56807819395374 F300
G1 X100.69453472476467 Y132.83929264707552 F300;svg > g > g > g#figure_1 > g#text_1 > g > use > path#Cmex10-a2
M3 S90
G4 P0.2
G0 X104.65241788496832 Y132.46290875882673
M3 S30
G4 P0.2
G1 X104.59858759683875 Y132.520584067537 F300
G1 X104.61012265858079 Y132.55615050790834 F300
G1 X105.30799389397485 Y133.6000735955639 F300
G1 X105.66846457341391 Y134.82567390565677 F300
G1 X105.77228012909238 Y136.1550897714281 F300
G1 X105.45332184492175 Y138.33357831457613 F300
G1 X104.61012265858079 Y139.74730024893168 F300
G1 X104.59858759683875 Y139.78382794444815 F300
G1 X104.65241788496832 Y139.84054199801324 F300
G1 X104.72739578629164 Y139.84054199801324 F300
G1 X104.75719469579195 Y139.82900693627118 F300
G1 X105.86840564360946 Y138.22659460927133 F300
G1 X106.22310879217753 Y136.1493222405571 F300
G1 X105.87032815389982 Y134.0826236784397 F300
G1 X104.75719469579195 Y132.47540507571398 F300
G1 X104.72739578629164 Y132.46290875882673 F300
G1 X104.65241788496832 Y132.46290875882673 F300;svg > g > g > g#figure_1 > g#text_1 > g > use > path#Cmr10-32
M3 S90
G4 P0.2
G0 X107.62633533484903 Y136.92278910229786
M3 S30
G4 P0.2
G1 X107.62633533484903 Y137.0322935293799 F300
G1 X107.6339751785989 Y137.053939753338 F300
G1 X108.26680890254973 Y137.75425876374632 F300
G1 X108.49918748327615 Y138.01465010488909 F300
G1 X108.6761771968157 Y138.25785179759453 F300
G1 X108.81496769160573 Y138.53734274811202 F300
G1 X108.86589998327179 Y138.8384799225876 F300
G1 X108.80414457962668 Y139.15808005279217 F300
G1 X108.62015167598304 Y139.40191839914343 F300
G1 X108.32474438431989 Y139.49359652414233 F300
G1 X108.00641756140699 Y139.3866387116436 F300
G1 X107.80714497026355 Y139.11160433664688 F300
G1 X107.85107407182551 Y139.11542425852187 F300
G1 X108.00705421505283 Y139.05366885487672 F300
G1 X108.07199288692703 Y138.8945054434203 F300
G1 X108.00705421505283 Y138.73597868560967 F300
G1 X107.85107407182551 Y138.67167666738126 F300
G1 X107.69063735307742 Y138.73788864654716 F300
G1 X107.62633533484903 Y138.8945054434203 F300
G1 X107.68363416297333 Y139.1816362376877 F300
G1 X107.84980076453387 Y139.42038135487238 F300
G1 X108.09491241817678 Y139.58081807362046 F300
G1 X108.38395317338167 Y139.63684359445313 F300
G1 X108.81751430618904 Y139.53816227935016 F300
G1 X109.1358411291019 Y139.25930798247845 F300
G1 X109.25362205357969 Y138.8384799225876 F300
G1 X109.17595030878894 Y138.5023267975916 F300
G1 X108.97667771764546 Y138.21264938874089 F300
G1 X108.66662739212833 Y137.91724209707772 F300
G1 X108.41833247025626 Y137.69695993562203 F300
G1 X107.95675857703259 Y137.25321234448145 F300
G1 X108.34830056921545 Y137.25321234448145 F300
G1 X108.83088403275137 Y137.25766892000223 F300
G1 X109.03652316035308 Y137.27294860750206 F300
G1 X109.13456782181026 Y137.64921091218508 F300
G1 X109.25362205357969 Y137.64921091218508 F300
G1 X109.13838774368523 Y136.92278910229786 F300
G1 X107.62633533484903 Y136.92278910229786 F300;svg > g > g > g#figure_1 > g#text_1 > g > use > path#Cmr10-2b
M3 S90
G4 P0.2
G0 X111.29127755140969 Y136.03429349339177
M3 S30
G4 P0.2
G1 X111.2112410930773 Y136.07067370172464 F300
G1 X111.18031791599432 Y136.15071016005706 F300
G1 X111.2112410930773 Y136.2298371131811 F300
G1 X111.29127755140969 Y136.26712682672232 F300
G1 X113.00296635347267 Y136.26712682672232 F300
G1 X113.00296635347267 Y137.98427266003526 F300
G1 X113.03661804618064 Y138.05885208711774 F300
G1 X113.11938302013797 Y138.08886575899234 F300
G1 X113.19850997326205 Y138.05885208711774 F300
G1 X113.23579968680325 Y137.98427266003526 F300
G1 X113.23579968680325 Y136.26712682672232 F300
G1 X114.94657898365794 Y136.26712682672232 F300
G1 X115.02024890553206 Y136.2298371131811 F300
G1 X115.05208158782337 Y136.15071016005706 F300
G1 X115.02024890553206 Y136.07067370172464 F300
G1 X114.94657898365794 Y136.03429349339177 F300
G1 X113.23579968680325 Y136.03429349339177 F300
G1 X113.23579968680325 Y134.31714766007883 F300
G1 X113.19850997326205 Y134.24256823299638 F300
G1 X113.11938302013797 Y134.21255456112175 F300
G1 X113.03661804618064 Y134.24256823299638 F300
G1 X113.00296635347267 Y134.31714766007883 F300
G1 X113.00296635347267 Y136.03429349339177 F300
G1 X111.29127755140969 Y136.03429349339177 F300;svg > g > g > g#figure_1 > g#text_1 > g > use > path#STIXGeneral-Regular-2026
M3 S90
G4 P0.2
G0 X121.56652635241267 Y134.9456157590297
M3 S30
G4 P0.2
G1 X121.47011880033047 Y134.7246059934073 F300
G1 X121.2409234878332 Y134.63183646215842 F300
G1 X121.01354718575257 Y134.7246059934073 F300
G1 X120.92077765450365 Y134.95107279027962 F300
G1 X121.01627570137752 Y135.18117760798523 F300
G1 X121.24638051908313 Y135.27758516006745 F300
G1 X121.47011880033047 Y135.17844909236027 F300
G1 X121.56652635241267 Y134.9456157590297 F300
M3 S90
G4 P0.2
G0 X119.62837075347734 Y134.9456157590297
M3 S30
G4 P0.2
G1 X119.53196320139516 Y134.7246059934073 F300
G1 X119.30185838368955 Y134.63183646215842 F300
G1 X119.07539158681725 Y134.7246059934073 F300
G1 X118.98262205556834 Y134.95107279027962 F300
G1 X119.07812010244221 Y135.18117760798523 F300
G1 X119.3082249201478 Y135.27758516006745 F300
G1 X119.53196320139516 Y135.17844909236027 F300
G1 X119.62837075347734 Y134.9456157590297 F300
M3 S90
G4 P0.2
G0 X117.69021515454203 Y134.9456157590297
M3 S30
G4 P0.2
G1 X117.59380760245985 Y134.7246059934073 F300
G1 X117.36370278475424 Y134.63183646215842 F300
G1 X117.1363264826736 Y134.7246059934073 F300
G1 X117.0435569514247 Y134.95107279027962 F300
G1 X117.13996450350689 Y135.18117760798523 F300
G1 X117.3700693212125 Y135.27758516006745 F300
G1 X117.59380760245985 Y135.17844909236027 F300
G1 X117.69021515454203 Y134.9456157590297 F300;svg > g > g > g#figure_1 > g#text_1 > g > use > path#Cmex10-69
M3 S90
G4 P0.2
G0 X122.30537508484917 Y132.34467064518034
M3 S30
G4 P0.2
G1 X122.30537508484917 Y132.57347008825968 F300
G1 X123.16000829870426 Y132.57347008825968 F300
G1 X123.16000829870426 Y140.7235156097124 F300
G1 X122.30537508484917 Y140.7235156097124 F300
G1 X122.30537508484917 Y140.95231505279168 F300
G1 X123.39179858417675 Y140.95231505279168 F300
G1 X123.39179858417675 Y132.34467064518034 F300
G1 X122.30537508484917 Y132.34467064518034 F300;svg > g > g > g#figure_1 > g#text_1 > g > path
M3 S90
G4 P0.2
G0 X47.54236590770835 Y135.42310599339902
M3 S30
G4 P0.2
G1 X47.54236590770835 Y135.78690807672803 F300
G1 X52.406797673983924 Y135.78690807672803 F300
G1 X52.406797673983924 Y135.42310599339902 F300
G1 X47.54236590770835 Y135.42310599339902 F300;svg > g > g > g#figure_1 > g#text_1 > g > path
M3 S90
G4 P0.2
G0 X68.36322544358612 Y135.42310599339902
M3 S30
G4 P0.2
G1 X68.36322544358612 Y135.78690807672803 F300
G1 X73.22765720986168 Y135.78690807672803 F300
G1 X73.22765720986168 Y135.42310599339902 F300
G1 X68.36322544358612 Y135.42310599339902 F300;svg > g > g > g#figure_1 > g#text_1 > g > path
M3 S90
G4 P0.2
G0 X80.52132051802506 Y135.42310599339902
M3 S30
G4 P0.2
G1 X80.52132051802506 Y135.78690807672803 F300
G1 X95.20852227326732 Y135.78690807672803 F300
G1 X95.20852227326732 Y135.42310599339902 F300
G1 X80.52132051802506 Y135.42310599339902 F300;svg > g > g > g#figure_1 > g#text_1 > g > path
M3 S90
G4 P0.2
G0 X98.75374156072523 Y135.42310599339902
M3 S30
G4 P0.2
G1 X98.75374156072523 Y135.78690807672803 F300
G1 X103.61817332700076 Y135.78690807672803 F300
G1 X103.61817332700076 Y135.42310599339902 F300
G1 X98.75374156072523 Y135.42310599339902 F300;svg > g > g > g#figure_1 > g#text_1 > g > use > path#Cmr10-3d
M3 S90
G4 P0.2
G0 X31.45952849760767 Y117.57618361381516
M3 S30
G4 P0.2
G1 X31.379492039275288 Y117.61256382214806 F300
G1 X31.34856886219232 Y117.69260028048043 F300
G1 X31.379492039275288 Y117.77445574922946 F300
G1 X31.45952849760767 Y117.80901694714571 F300
G1 X35.11482992985592 Y117.80901694714571 F300
G1 X35.18849985173005 Y117.77445574922946 F300
G1 X35.22033253402134 Y117.69260028048043 F300
G1 X35.18849985173005 Y117.61256382214806 F300
G1 X35.11482992985592 Y117.57618361381516 F300
G1 X31.45952849760767 Y117.57618361381516 F300
M3 S90
G4 P0.2
G0 X31.45952849760767 Y118.70760809296837
M3 S30
G4 P0.2
G1 X31.379492039275288 Y118.74125978567632 F300
G1 X31.34856886219232 Y118.82402475963367 F300
G1 X31.379492039275288 Y118.90315171275775 F300
G1 X31.45952849760767 Y118.94044142629895 F300
G1 X35.11482992985592 Y118.94044142629895 F300
G1 X35.18849985173005 Y118.90315171275775 F300
G1 X35.22033253402134 Y118.82402475963367 F300
G1 X35.18849985173005 Y118.74125978567632 F300
G1 X35.11482992985592 Y118.70760809296837 F300
G1 X31.45952849760767 Y118.70760809296837 F300;svg > g > g > g#figure_1 > g#text_1 > g > use > path#Cmr10-6c
M3 S90
G4 P0.2
G0 X38.20044000086095 Y116.803104186741
M3 S30
G4 P0.2
G1 X38.20044000086095 Y117.00774285861357 F300
G1 X38.52695237064874 Y117.03866603569652 F300
G1 X38.655192605022215 Y117.19237241590305 F300
G1 X38.655192605022215 Y120.24830991586676 F300
G1 X38.60789833418945 Y120.47386720753073 F300
G1 X38.473291563357705 Y120.55936069711308 F300
G1 X38.20044000086095 Y120.57482228565455 F300
G1 X38.20044000086095 Y120.77946095752712 F300
G1 X39.06446994876736 Y120.84221681690137 F300
G1 X39.06446994876736 Y117.19237241590305 F300
G1 X39.19180067793251 Y117.03866603569652 F300
G1 X39.51649403730366 Y117.00774285861357 F300
G1 X39.51649403730366 Y116.803104186741 F300
G1 X38.20044000086095 Y116.803104186741 F300;svg > g > g > g#figure_1 > g#text_1 > g > use > path#Cmr10-69
M3 S90
G4 P0.2
G0 X39.81196954913349 Y116.803104186741
M3 S30
G4 P0.2
G1 X39.81196954913349 Y117.00774285861357 F300
G1 X40.13848191892128 Y117.03866603569652 F300
G1 X40.26672215329475 Y117.19237241590305 F300
G1 X40.26672215329475 Y118.7812780148425 F300
G1 X40.179409653295785 Y119.05685809296425 F300
G1 X39.837435694966516 Y119.1077903846303 F300
G1 X39.837435694966516 Y119.31242905650285 F300
G1 X40.67599949703989 Y119.3751849158771 F300
G1 X40.67599949703989 Y117.19237241590305 F300
G1 X40.78695913245523 Y117.03866603569652 F300
G1 X41.08254832516007 Y117.00774285861357 F300
G1 X41.08254832516007 Y116.803104186741 F300
G1 X39.81196954913349 Y116.803104186741 F300
M3 S90
G4 P0.2
G0 X40.05935496579721 Y120.37564064503191
M3 S30
G4 P0.2
G1 X40.1557625178794 Y120.60028843148757 F300
G1 X40.377681788710106 Y120.69669598356975 F300
G1 X40.53593569495822 Y120.65394923877862 F300
G1 X40.65599038245679 Y120.53480405648835 F300
G1 X40.69873712724796 Y120.37564064503191 F300
G1 X40.60142006995745 Y120.1537213742012 F300
G1 X40.377681788710106 Y120.05731382211904 F300
G1 X40.1557625178794 Y120.1537213742012 F300
G1 X40.05935496579721 Y120.37564064503191 F300;svg > g > g > g#figure_1 > g#text_1 > g > use > path#Cmr10-6d
M3 S90
G4 P0.2
G0 X41.41804206615607 Y116.803104186741
M3 S30
G4 P0.2
G1 X41.41804206615607 Y117.00774285861357 F300
G1 X41.74455443594386 Y117.03866603569652 F300
G1 X41.87279467031733 Y117.19237241590305 F300
G1 X41.87279467031733 Y118.7812780148425 F300
G1 X41.82550039948457 Y119.0068353065065 F300
G1 X41.69089362865284 Y119.09232879608882 F300
G1 X41.41804206615607 Y119.1077903846303 F300
G1 X41.41804206615607 Y119.31242905650285 F300
G1 X42.26206289947938 Y119.3751849158771 F300
G1 X42.26206289947938 Y118.80674416067554 F300
G1 X42.60676537343363 Y119.2160215044207 F300
G1 X43.106083732802695 Y119.3751849158771 F300
G1 X43.89371524321002 Y118.8294817908836 F300
G1 X44.233870191122634 Y119.2242070512956 F300
G1 X44.725912508825125 Y119.3751849158771 F300
G1 X45.170660555694845 Y119.28969142629481 F300
G1 X45.44260261298328 Y119.02957293671457 F300
G1 X45.53355313381553 Y118.5911914263031 F300
G1 X45.53355313381553 Y117.19237241590305 F300
G1 X45.66270287339734 Y117.03866603569652 F300
G1 X45.9883057379768 Y117.00774285861357 F300
G1 X45.9883057379768 Y116.803104186741 F300
G1 X44.65497110257597 Y116.803104186741 F300
G1 X44.65497110257597 Y117.00774285861357 F300
G1 X44.98148347236376 Y117.03866603569652 F300
G1 X45.109723706737235 Y117.19237241590305 F300
G1 X45.109723706737235 Y118.57391082734496 F300
G1 X45.02695873277988 Y119.04594403046437 F300
G1 X44.689532300492225 Y119.22511655650392 F300
G1 X44.134734123415484 Y118.9549935096321 F300
G1 X43.916452873418066 Y118.34107749401441 F300
G1 X43.916452873418066 Y117.19237241590305 F300
G1 X44.043783602583225 Y117.03866603569652 F300
G1 X44.37120547757934 Y117.00774285861357 F300
G1 X44.37120547757934 Y116.803104186741 F300
G1 X43.037870842178506 Y116.803104186741 F300
G1 X43.037870842178506 Y117.00774285861357 F300
G1 X43.36438321196629 Y117.03866603569652 F300
G1 X43.49262344633978 Y117.19237241590305 F300
G1 X43.49262344633978 Y118.57391082734496 F300
G1 X43.40985847238242 Y119.04139650442275 F300
G1 X43.07152253488644 Y119.22511655650392 F300
G1 X42.51581485260137 Y118.9549935096321 F300
G1 X42.29844310781229 Y118.34107749401441 F300
G1 X42.29844310781229 Y117.19237241590305 F300
G1 X42.42668334218577 Y117.03866603569652 F300
G1 X42.75046719634859 Y117.00774285861357 F300
G1 X42.75046719634859 Y116.803104186741 F300
G1 X41.41804206615607 Y116.803104186741 F300;svg > g > g > g#figure_1 > g#text_1 > g > use > path#Cmr10-a2
M3 S90
G4 P0.2
G0 X36.7869779566069 Y112.79518761433025
M3 S30
G4 P0.2
G1 X36.75323531337814 Y112.82702029662153 F300
G1 X36.75578192796143 Y112.83275017943399 F300
G1 X36.757055235253084 Y112.8410266768297 F300
G1 X38.159603217007266 Y115.66840551794195 F300
G1 X38.23345503992305 Y115.71169796585814 F300
G1 X38.2888439071099 Y115.71169796585814 F300
G1 X38.362695730025685 Y115.66840551794195 F300
G1 X39.76524371177987 Y112.8410266768297 F300
G1 X39.76779032636317 Y112.83402348672563 F300
G1 X39.769063633654824 Y112.82702029662153 F300
G1 X39.73532099042606 Y112.79518761433025 F300
G1 X36.7869779566069 Y112.79518761433025 F300
M3 S90
G4 P0.2
G0 X37.05564579514538 Y113.12179093463887
M3 S30
G4 P0.2
G1 X39.202441888869885 Y113.12179093463887 F300
G1 X38.12968049565345 Y115.2838667158632 F300
G1 X37.05564579514538 Y113.12179093463887 F300;svg > g > g > g#figure_1 > g#text_1 > g > use > path#Cmmi10-74
M3 S90
G4 P0.2
G0 X40.212970395482884 Y113.12561085651382
M3 S30
G4 P0.2
G1 X40.225066814753575 Y113.23893520547084 F300
G1 X40.51920079912508 Y114.40846795285276 F300
G1 X40.09136954913016 Y114.40846795285276 F300
G1 X40.04998706215148 Y114.46258351274795 F300
G1 X40.10346596840085 Y114.55171502316355 F300
G1 X40.55485340329132 Y114.55171502316355 F300
G1 X40.71847339026854 Y115.21638142940566 F300
G1 X40.78213875485112 Y115.30805955440458 F300
G1 X40.88909656734985 Y115.3456221195083 F300
G1 X40.97568146318216 Y115.31442609086282 F300
G1 X41.01069741370258 Y115.23229777055131 F300
G1 X41.009424106410926 Y115.21319816117655 F300
G1 X41.006877491827616 Y115.19855512732255 F300
G1 X40.84389415849622 Y114.55171502316355 F300
G1 X41.26344891109541 Y114.55171502316355 F300
G1 X41.30546805171991 Y114.49823611691419 F300
G1 X41.29719155432417 Y114.46385682003961 F300
G1 X41.28127521317853 Y114.4243842939984 F300
G1 X41.25135249182472 Y114.40846795285276 F300
G1 X40.807604900684154 Y114.40846795285276 F300
G1 X40.51538087725013 Y113.23065870807507 F300
G1 X40.48545815589632 Y113.03202277057744 F300
G1 X40.605149041311556 Y112.85694301797534 F300
G1 X40.922202556932795 Y113.02501958047336 F300
G1 X41.134208220992775 Y113.39427869505231 F300
G1 X41.16604090328406 Y113.41783487994786 F300
G1 X41.215699887658474 Y113.41783487994786 F300
G1 X41.2411660334915 Y113.40701176796881 F300
G1 X41.25135249182472 Y113.3821822757816 F300
G1 X41.24753256994977 Y113.37008585651093 F300
G1 X40.9865045751612 Y112.93652472370358 F300
G1 X40.59496258297835 Y112.74934855183079 F300
G1 X40.32311147621075 Y112.85439640339204 F300
G1 X40.212970395482884 Y113.12561085651382 F300;svg > g > g > g#figure_1 > g#text_1 > g > use > path#Cmsy10-21
M3 S90
G4 P0.2
G0 X41.73672131142312 Y113.73234178098579
M3 S30
G4 P0.2
G1 X41.680695790590455 Y113.7578079268188 F300
G1 X41.65904956663238 Y113.81383344765149 F300
G1 X41.680695790590455 Y113.86922231483832 F300
G1 X41.73672131142312 Y113.89532511431717 F300
G1 X44.8289480691989 Y113.89532511431717 F300
G1 X44.55391369420217 Y114.15316984087661 F300
G1 X44.35527775670453 Y114.46767674191454 F300
G1 X44.241953407747545 Y114.8248394372228 F300
G1 X44.28333589472622 Y114.87831834347217 F300
G1 X44.36482756139191 Y114.87831834347217 F300
G1 X44.38965705357912 Y114.8662219242015 F300
G1 X44.40493674107894 Y114.84075577836846 F300
G1 X44.51125789993184 Y114.51542576535148 F300
G1 X44.693340842638015 Y114.23529816118814 F300
G1 X44.93781584263511 Y114.01246938514913 F300
G1 X45.244682899923134 Y113.85967251015094 F300
G1 X45.272059006693645 Y113.81383344765149 F300
G1 X45.244682899923134 Y113.77436092161028 F300
G1 X44.85441421503194 Y113.55407876015458 F300
G1 X44.562190191597914 Y113.21028579140865 F300
G1 X44.40493674107894 Y112.78691111693453 F300
G1 X44.3890203999333 Y112.7614449711015 F300
G1 X44.36482756139191 Y112.74934855183079 F300
G1 X44.28333589472622 Y112.74934855183079 F300
G1 X44.241953407747545 Y112.80346411172599 F300
G1 X44.44822918899509 Y113.32743006224061 F300
G1 X44.8289480691989 Y113.73234178098579 F300
G1 X41.73672131142312 Y113.73234178098579 F300;svg > g > g > g#figure_1 > g#text_1 > g > use > path#Cmr10-30
M3 S90
G4 P0.2
G0 X46.523720074387114 Y112.7054194502688
M3 S30
G4 P0.2
G1 X45.84441063429101 Y113.11606105182645 F300
G1 X45.66423765252232 Y114.09459770546066 F300
G1 X45.72853967075073 Y114.76053741899442 F300
G1 X45.985111090018506 Y115.29086990596728 F300
G1 X46.523720074387114 Y115.50924210648552 F300
G1 X46.963011090006894 Y115.37745480179959 F300
G1 X47.22403908479546 Y115.03811840857446 F300
G1 X47.346276584794005 Y114.5924608564964 F300
G1 X47.379382574376955 Y114.09459770546066 F300
G1 X47.31444390250272 Y113.4388444502601 F300
G1 X47.06105575146406 Y112.91933507526628 F300
G1 X46.523720074387114 Y112.7054194502688 F300
M3 S90
G4 P0.2
G0 X46.523720074387114 Y112.81110395547589
M3 S30
G4 P0.2
G1 X46.86178316032059 Y113.04348253620232 F300
G1 X46.99930034781896 Y113.55917198932119 F300
G1 X47.02540314729782 Y114.1601730309807 F300
G1 X46.99930034781896 Y114.72488481482816 F300
G1 X46.862419813966426 Y115.19346189815593 F300
G1 X46.523720074387114 Y115.40355760127844 F300
G1 X46.18183706657867 Y115.19218859086428 F300
G1 X46.044319879080305 Y114.7236115075365 F300
G1 X46.01821707960144 Y114.1601730309807 F300
G1 X46.02904019158048 Y113.73234178098579 F300
G1 X46.088248980642284 Y113.31724360390739 F300
G1 X46.24231916293213 Y112.95689764036999 F300
G1 X46.523720074387114 Y112.81110395547589 F300;svg > g > g > g#figure_1 > g#text_1 > g > use > path#Cmmi10-6e
M3 S90
G4 P0.2
G0 X47.991661480619676 Y116.90224025444815
M3 S30
G4 P0.2
G1 X47.997118511869616 Y116.95408205132254 F300
G1 X48.431862001447776 Y118.69032749401026 F300
G1 X48.47460874623895 Y118.97500262421521 F300
G1 X48.304531272282624 Y119.22511655650392 F300
G1 X48.034408225410836 Y119.0068353065065 F300
G1 X47.8634212462462 Y118.45749416067969 F300
G1 X47.846140647288074 Y118.43020900443003 F300
G1 X47.815217470205106 Y118.42020444713845 F300
G1 X47.74700457958092 Y118.42020444713845 F300
G1 X47.71244338166466 Y118.44112306692988 F300
G1 X47.698800803539825 Y118.48023179088776 F300
G1 X47.81976499624672 Y118.90860874400768 F300
G1 X48.00166603791123 Y119.22966408254551 F300
G1 X48.30998830353256 Y119.3751849158771 F300
G1 X48.69561851186131 Y119.2369401242121 F300
G1 X48.863876975400984 Y118.88678061900792 F300
G1 X49.27042580352116 Y119.24421616587867 F300
G1 X49.76519663684862 Y119.3751849158771 F300
G1 X50.122632183719375 Y119.30424350962795 F300
G1 X50.35728452746659 Y119.08960028046386 F300
G1 X50.44186851184058 Y118.74762632213458 F300
G1 X50.33454689725852 Y118.17009051484978 F300
G1 X50.06897137642834 Y117.41429168673373 F300
G1 X49.98711590767931 Y117.06504168673789 F300
G1 X50.11990366809441 Y116.89132619194827 F300
G1 X50.4991673399649 Y117.13507358777872 F300
G1 X50.71472007433734 Y117.6589485877725 F300
G1 X50.762923850378435 Y117.69260028048043 F300
G1 X50.831136741002624 Y117.69260028048043 F300
G1 X50.86933595975218 Y117.67804819714728 F300
G1 X50.88479754829365 Y117.64166798881438 F300
G1 X50.879340517043715 Y117.62438738985625 F300
G1 X50.60194142850535 Y117.01592840548848 F300
G1 X50.10898960559453 Y116.73761981174178 F300
G1 X49.758830100390355 Y116.87859311903176 F300
G1 X49.61421877226707 Y117.22056707736104 F300
G1 X49.6596940326832 Y117.44794337944167 F300
G1 X49.82886200143119 Y117.90269598360294 F300
G1 X49.985296897262664 Y118.40838087943027 F300
G1 X50.04623374622028 Y118.83493882213354 F300
G1 X49.97893036080441 Y119.11142840546358 F300
G1 X49.75337306914042 Y119.22511655650392 F300
G1 X49.361376324353415 Y119.13052801483835 F300
G1 X49.04850653269046 Y118.88223309296632 F300
G1 X48.80475913686002 Y118.51388348359569 F300
G1 X48.40912437123972 Y116.93134442111447 F300
G1 X48.319083355615795 Y116.7949186398661 F300
G1 X48.16446747020096 Y116.73761981174178 F300
G1 X48.042593772285734 Y116.7830950721579 F300
G1 X47.991661480619676 Y116.90224025444815 F300;svg > g > g > g#figure_1 > g#text_1 > g > use > path#Cmmi10-74
M3 S90
G4 P0.2
G0 X51.396507937954254 Y117.27513738986038
M3 S30
G4 P0.2
G1 X51.41378853691238 Y117.4370293169418 F300
G1 X51.833979943157395 Y119.1077903846303 F300
G1 X51.22279244316465 Y119.1077903846303 F300
G1 X51.16367460462369 Y119.18509832733771 F300
G1 X51.24007304212278 Y119.31242905650285 F300
G1 X51.88491223482346 Y119.31242905650285 F300
G1 X52.11865507336235 Y120.2619524939916 F300
G1 X52.209605594194606 Y120.39292124399003 F300
G1 X52.36240246919279 Y120.44658205128106 F300
G1 X52.486095177524646 Y120.40201629607327 F300
G1 X52.53611796398238 Y120.28469012419966 F300
G1 X52.53429895356574 Y120.25740496794998 F300
G1 X52.53066093273245 Y120.23648634815856 F300
G1 X52.29782759940188 Y119.31242905650285 F300
G1 X52.89719153168643 Y119.31242905650285 F300
G1 X52.95721887543572 Y119.23603061900377 F300
G1 X52.94539530772753 Y119.18691733775437 F300
G1 X52.92265767751946 Y119.13052801483835 F300
G1 X52.8799109327283 Y119.1077903846303 F300
G1 X52.2459858025275 Y119.1077903846303 F300
G1 X51.82852291190747 Y117.42520574923361 F300
G1 X51.78577616711629 Y117.14144012423698 F300
G1 X51.956763146280935 Y116.89132619194827 F300
G1 X52.40969674002556 Y117.13143556694544 F300
G1 X52.712561974396955 Y117.6589485877725 F300
G1 X52.75803723481309 Y117.69260028048043 F300
G1 X52.82897864106224 Y117.69260028048043 F300
G1 X52.86535884939515 Y117.67713869193894 F300
G1 X52.8799109327283 Y117.64166798881438 F300
G1 X52.874453901478375 Y117.62438738985625 F300
G1 X52.50155676606613 Y117.0050143429886 F300
G1 X51.94221106294778 Y116.73761981174178 F300
G1 X51.55385233899406 Y116.88768817111499 F300
G1 X51.396507937954254 Y117.27513738986038 F300;svg > g > g > g#figure_1 > g#text_1 > g > use > path#Cmmi10-6e
M3 S90
G4 P0.2
G0 X54.04222674900616 Y119.09978670969288
M3 S30
G4 P0.2
G1 X54.04604667088112 Y119.13607596750496 F300
G1 X54.35036711358583 Y120.35144777738635 F300
G1 X54.380289834939646 Y120.55072036852982 F300
G1 X54.26123560317023 Y120.72580012113191 F300
G1 X54.072149470359975 Y120.57300324613372 F300
G1 X53.95245858494473 Y120.18846444405496 F300
G1 X53.94036216567404 Y120.16936483468017 F300
G1 X53.91871594171596 Y120.16236164457611 F300
G1 X53.87096691827904 Y120.16236164457611 F300
G1 X53.84677407973765 Y120.17700467843011 F300
G1 X53.837224275050254 Y120.2043807852006 F300
G1 X53.92189920994509 Y120.50424465238453 F300
G1 X54.04922993911025 Y120.72898338936103 F300
G1 X54.26505552504518 Y120.83084797269316 F300
G1 X54.534996670875316 Y120.73407661852765 F300
G1 X54.65277759535308 Y120.48896496488472 F300
G1 X54.9373617750372 Y120.73916984769426 F300
G1 X55.28370135836642 Y120.83084797269316 F300
G1 X55.53390624117594 Y120.78118898831877 F300
G1 X55.698162881799 Y120.63093872790388 F300
G1 X55.75737167086079 Y120.39155695707338 F300
G1 X55.68224654065335 Y119.98728189197402 F300
G1 X55.49634367607222 Y119.4582227122928 F300
G1 X55.43904484794791 Y119.21374771229571 F300
G1 X55.531996280238474 Y119.092146865943 F300
G1 X55.79748085054781 Y119.26277004302429 F300
G1 X55.94836776460852 Y119.62948254301993 F300
G1 X55.9821104078373 Y119.65303872791549 F300
G1 X56.029859431274225 Y119.65303872791549 F300
G1 X56.05659888439891 Y119.64285226958225 F300
G1 X56.067421996377945 Y119.61738612374924 F300
G1 X56.06360207450299 Y119.60528970447857 F300
G1 X55.86942271252614 Y119.17936841542111 F300
G1 X55.52435643648857 Y118.98455239979842 F300
G1 X55.27924478284564 Y119.0832337149014 F300
G1 X55.17801685315934 Y119.3226154857319 F300
G1 X55.20984953545063 Y119.48177889718835 F300
G1 X55.32826711357423 Y119.80010572010124 F300
G1 X55.43777154065626 Y120.15408514718034 F300
G1 X55.48042733492658 Y120.45267570707266 F300
G1 X55.43331496513547 Y120.64621841540368 F300
G1 X55.27542486097069 Y120.72580012113191 F300
G1 X55.00102713961977 Y120.65958814196604 F300
G1 X54.782018285455706 Y120.48578169665558 F300
G1 X54.6113951083744 Y120.22793697009617 F300
G1 X54.33445077244019 Y119.12015962635931 F300
G1 X54.27142206150345 Y119.02466157948544 F300
G1 X54.163190941713054 Y118.98455239979842 F300
G1 X54.07787935317241 Y119.01638508208973 F300
G1 X54.04222674900616 Y119.09978670969288 F300;svg > g > g > g#figure_1 > g#text_1 > g > use > path#Cmsy10-a1
M3 S90
G4 P0.2
G0 X56.58860259083009 Y119.96754562895343
M3 S30
G4 P0.2
G1 X56.53257706999743 Y119.99301177478644 F300
G1 X56.510930846039344 Y120.0490372956191 F300
G1 X56.53257706999743 Y120.10442616280595 F300
G1 X56.58860259083009 Y120.13052896228483 F300
G1 X58.92639477830234 Y120.13052896228483 F300
G1 X58.97923703090588 Y120.10442616280595 F300
G1 X59.00024660121812 Y120.0490372956191 F300
G1 X58.97923703090588 Y119.99301177478644 F300
G1 X58.92639477830234 Y119.96754562895343 F300
G1 X56.58860259083009 Y119.96754562895343 F300;svg > g > g > g#figure_1 > g#text_1 > g > use > path#Cmr10-31
M3 S90
G4 P0.2
G0 X59.71640238198046 Y119.03039146229789
M3 S30
G4 P0.2
G1 X59.71640238198046 Y119.17363853260866 F300
G1 X60.22572529864107 Y119.30287922271133 F300
G1 X60.22572529864107 Y121.4420354726859 F300
G1 X59.69220954343907 Y121.34017088935377 F300
G1 X59.69220954343907 Y121.48341795966458 F300
G1 X60.446644113742614 Y121.74444595445314 F300
G1 X60.50394294186694 Y121.74444595445314 F300
G1 X60.5306823949916 Y121.73298618882828 F300
G1 X60.54405212155395 Y121.70815669664107 F300
G1 X60.54405212155395 Y119.30287922271133 F300
G1 X61.053375038214575 Y119.17363853260866 F300
G1 X61.053375038214575 Y119.03039146229789 F300
G1 X59.71640238198046 Y119.03039146229789 F300;svg > g > g > g#figure_1 > g#text_1 > g > use > path#Cmr10-2b
M3 S90
G4 P0.2
G0 X64.05799554763723 Y118.14189585339177
M3 S30
G4 P0.2
G1 X63.97795908930484 Y118.17827606172466 F300
G1 X63.94703591222188 Y118.25831252005705 F300
G1 X63.97795908930484 Y118.3374394731811 F300
G1 X64.05799554763723 Y118.37472918672235 F300
G1 X65.76968434970024 Y118.37472918672235 F300
G1 X65.76968434970024 Y120.09187502003527 F300
G1 X65.80333604240816 Y120.16645444711773 F300
G1 X65.88610101636553 Y120.19646811899239 F300
G1 X65.96522796948958 Y120.16645444711773 F300
G1 X66.00251768303079 Y120.09187502003527 F300
G1 X66.00251768303079 Y118.37472918672235 F300
G1 X67.71329697988548 Y118.37472918672235 F300
G1 X67.78696690175961 Y118.3374394731811 F300
G1 X67.81879958405091 Y118.25831252005705 F300
G1 X67.78696690175961 Y118.17827606172466 F300
G1 X67.71329697988548 Y118.14189585339177 F300
G1 X66.00251768303079 Y118.14189585339177 F300
G1 X66.00251768303079 Y116.42475002007883 F300
G1 X65.96522796948958 Y116.35017059299638 F300
G1 X65.88610101636553 Y116.32015692112172 F300
G1 X65.80333604240816 Y116.35017059299638 F300
G1 X65.76968434970024 Y116.42475002007883 F300
G1 X65.76968434970024 Y118.14189585339177 F300
G1 X64.05799554763723 Y118.14189585339177 F300;svg > g > g > g#figure_1 > g#text_1 > g > use > path#Cmmi10-6e
M3 S90
G4 P0.2
G0 X69.47903315078118 Y120.07395776743132
M3 S30
G4 P0.2
G1 X69.48285307265614 Y120.11024702524341 F300
G1 X69.78717351536086 Y121.32561883512479 F300
G1 X69.81709623671468 Y121.52489142626827 F300
G1 X69.69804200494525 Y121.69997117887036 F300
G1 X69.50895587213499 Y121.54717430387217 F300
G1 X69.38926498671975 Y121.1626355017934 F300
G1 X69.37716856744906 Y121.14353589241861 F300
G1 X69.35552234349099 Y121.13653270231455 F300
G1 X69.30777332005404 Y121.13653270231455 F300
G1 X69.28358048151267 Y121.15117573616854 F300
G1 X69.27403067682529 Y121.17855184293904 F300
G1 X69.35870561172011 Y121.47841571012297 F300
G1 X69.48603634088528 Y121.70315444709948 F300
G1 X69.70186192682021 Y121.80501903043161 F300
G1 X69.97180307265033 Y121.7082476762661 F300
G1 X70.08958399712812 Y121.46313602262315 F300
G1 X70.37416817681222 Y121.71334090543269 F300
G1 X70.72050776014144 Y121.80501903043161 F300
G1 X70.97071264295097 Y121.7553600460572 F300
G1 X71.13496928357402 Y121.60510978564233 F300
G1 X71.19417807263581 Y121.36572801481182 F300
G1 X71.11905294242837 Y120.96145294971245 F300
G1 X70.93315007784726 Y120.43239377003124 F300
G1 X70.87585124972293 Y120.18791877003416 F300
G1 X70.9688026820135 Y120.06631792368142 F300
G1 X71.23428725232284 Y120.23694110076273 F300
G1 X71.38517416638355 Y120.60365360075836 F300
G1 X71.41891680961231 Y120.62720978565392 F300
G1 X71.46666583304925 Y120.62720978565392 F300
G1 X71.49340528617394 Y120.61702332732071 F300
G1 X71.50422839815297 Y120.59155718148769 F300
G1 X71.50040847627803 Y120.579460762217 F300
G1 X71.30622911430116 Y120.15353947315955 F300
G1 X70.96116283826358 Y119.95872345753688 F300
G1 X70.71605118462065 Y120.05740477263984 F300
G1 X70.61482325493436 Y120.29678654347036 F300
G1 X70.64665593722566 Y120.4559499549268 F300
G1 X70.76507351534926 Y120.77427677783969 F300
G1 X70.87457794243129 Y121.1282562049188 F300
G1 X70.91723373670162 Y121.42684676481109 F300
G1 X70.87012136691051 Y121.62038947314211 F300
G1 X70.7122312627457 Y121.69997117887036 F300
G1 X70.43783354139481 Y121.63375919970449 F300
G1 X70.21882468723074 Y121.45995275439401 F300
G1 X70.04820151014943 Y121.2021080278346 F300
G1 X69.77125717421521 Y120.09433068409777 F300
G1 X69.70822846327847 Y119.99883263722387 F300
G1 X69.59999734348808 Y119.95872345753688 F300
G1 X69.51468575494744 Y119.99055613982816 F300
G1 X69.47903315078118 Y120.07395776743132 F300;svg > g > g > g#figure_1 > g#text_1 > g > use > path#Cmr10-28
M3 S90
G4 P0.2
G0 X72.87279499519921 Y118.99355653046499
M3 S30
G4 P0.2
G1 X72.48188965666219 Y119.40483478566844 F300
G1 X72.21322181812371 Y119.89951466847508 F300
G1 X72.0572416748964 Y120.4483101111769 F300
G1 X72.0056727295845 Y121.02320835335755 F300
G1 X72.0572416748964 Y121.60192651741318 F300
G1 X72.21513177906121 Y122.15326857469829 F300
G1 X72.4869828858288 Y122.64858511115077 F300
G1 X72.87279499519921 Y123.0528601762501 F300
G1 X72.89316791186565 Y123.06050002000002 F300
G1 X72.93073047696936 Y123.06050002000002 F300
G1 X72.95237670092745 Y123.049676908021 F300
G1 X72.96256315926065 Y123.02484741583379 F300
G1 X72.95492331551075 Y122.99874461635491 F300
G1 X72.62322676603551 Y122.58109982469323 F300
G1 X72.40994779468387 Y122.1061562049072 F300
G1 X72.2940768311436 Y121.5847368689759 F300
G1 X72.25842422697734 Y121.02320835335755 F300
G1 X72.95046673998996 Y119.05531193411011 F300
G1 X72.96256315926065 Y119.02156929088133 F300
G1 X72.9517400472816 Y118.99928641327742 F300
G1 X72.93073047696936 Y118.98591668671509 F300
G1 X72.89316791186565 Y118.98591668671509 F300
G1 X72.87279499519921 Y118.99355653046499 F300;svg > g > g > g#figure_1 > g#text_1 > g > use > path#Cmmi10-6e
M3 S90
G4 P0.2
G0 X73.50586748973336 Y120.07395776743132
M3 S30
G4 P0.2
G1 X73.50968741160834 Y120.11024702524341 F300
G1 X73.81400785431303 Y121.32561883512479 F300
G1 X73.84393057566685 Y121.52489142626827 F300
G1 X73.72487634389744 Y121.69997117887036 F300
G1 X73.53579021108717 Y121.54717430387217 F300
G1 X73.41609932567194 Y121.1626355017934 F300
G1 X73.40400290640126 Y121.14353589241861 F300
G1 X73.38235668244317 Y121.13653270231455 F300
G1 X73.33460765900622 Y121.13653270231455 F300
G1 X73.31041482046486 Y121.15117573616854 F300
G1 X73.30086501577746 Y121.17855184293904 F300
G1 X73.3855399506723 Y121.47841571012297 F300
G1 X73.51287067983745 Y121.70315444709948 F300
G1 X73.72869626577238 Y121.80501903043161 F300
G1 X73.9986374116025 Y121.7082476762661 F300
G1 X74.11641833608027 Y121.46313602262315 F300
G1 X74.4010025157644 Y121.71334090543269 F300
G1 X74.74734209909361 Y121.80501903043161 F300
G1 X74.99754698190316 Y121.7553600460572 F300
G1 X75.1618036225262 Y121.60510978564233 F300
G1 X75.22101241158799 Y121.36572801481182 F300
G1 X75.14588728138055 Y120.96145294971245 F300
G1 X74.95998441679941 Y120.43239377003124 F300
G1 X74.90268558867511 Y120.18791877003416 F300
G1 X74.99563702096567 Y120.06631792368142 F300
G1 X75.26112159127501 Y120.23694110076273 F300
G1 X75.41200850533572 Y120.60365360075836 F300
G1 X75.44575114856448 Y120.62720978565392 F300
G1 X75.49350017200143 Y120.62720978565392 F300
G1 X75.52023962512611 Y120.61702332732071 F300
G1 X75.53106273710513 Y120.59155718148769 F300
G1 X75.5272428152302 Y120.579460762217 F300
G1 X75.33306345325335 Y120.15353947315955 F300
G1 X74.98799717721576 Y119.95872345753688 F300
G1 X74.74288552357285 Y120.05740477263984 F300
G1 X74.64165759388653 Y120.29678654347036 F300
G1 X74.67349027617783 Y120.4559499549268 F300
G1 X74.79190785430144 Y120.77427677783969 F300
G1 X74.90141228138346 Y121.1282562049188 F300
G1 X74.94406807565377 Y121.42684676481109 F300
G1 X74.8969557058627 Y121.62038947314211 F300
G1 X74.73906560169789 Y121.69997117887036 F300
G1 X74.46466788034698 Y121.63375919970449 F300
G1 X74.2456590261829 Y121.45995275439401 F300
G1 X74.07503584910161 Y121.2021080278346 F300
G1 X73.79809151316739 Y120.09433068409777 F300
G1 X73.73506280223064 Y119.99883263722387 F300
G1 X73.62683168244025 Y119.95872345753688 F300
G1 X73.54152009389959 Y119.99055613982816 F300
G1 X73.50586748973336 Y120.07395776743132 F300;svg > g > g > g#figure_1 > g#text_1 > g > use > path#Cmsy10-a1
M3 S90
G4 P0.2
G0 X76.76768282967379 Y120.94171668669188
M3 S30
G4 P0.2
G1 X76.71165730884113 Y120.96718283252488 F300
G1 X76.69001108488307 Y121.02320835335755 F300
G1 X76.71165730884113 Y121.0785972205444 F300
G1 X76.76768282967379 Y121.10470002002326 F300
G1 X79.10547501714603 Y121.10470002002326 F300
G1 X79.15831726974957 Y121.0785972205444 F300
G1 X79.17932684006182 Y121.02320835335755 F300
G1 X79.15831726974957 Y120.96718283252488 F300
G1 X79.10547501714603 Y120.94171668669188 F300
G1 X76.76768282967379 Y120.94171668669188 F300;svg > g > g > g#figure_1 > g#text_1 > g > use > path#Cmr10-31
M3 S90
G4 P0.2
G0 X80.610922177149 Y120.00456252003633
M3 S30
G4 P0.2
G1 X80.610922177149 Y120.1478095903471 F300
G1 X81.1202450938096 Y120.27705028044976 F300
G1 X81.1202450938096 Y122.41620653042436 F300
G1 X80.58672933860763 Y122.31434194709222 F300
G1 X80.58672933860763 Y122.45758901740301 F300
G1 X81.34116390891114 Y122.7186170121916 F300
G1 X81.39846273703546 Y122.7186170121916 F300
G1 X81.42520219016016 Y122.70715724656672 F300
G1 X81.43857191672251 Y122.68232775437951 F300
G1 X81.43857191672251 Y120.27705028044976 F300
G1 X81.94789483338312 Y120.1478095903471 F300
G1 X81.94789483338312 Y120.00456252003633 F300
G1 X80.610922177149 Y120.00456252003633 F300;svg > g > g > g#figure_1 > g#text_1 > g > use > path#Cmr10-29
M3 S90
G4 P0.2
G0 X82.53488949483447 Y118.98591668671509
M3 S30
G4 P0.2
G1 X82.49860023702242 Y119.02156929088133 F300
G1 X82.50687673441816 Y119.04767209036017 F300
G1 X83.20337582295156 Y121.02320835335755 F300
G1 X82.51451657816806 Y122.99110477260503 F300
G1 X82.49860023702242 Y123.02484741583379 F300
G1 X82.50942334900145 Y123.049676908021 F300
G1 X82.53488949483447 Y123.06050002000002 F300
G1 X82.57245205993821 Y123.06050002000002 F300
G1 X82.5921883229588 Y123.0528601762501 F300
G1 X83.07986501566135 Y122.4913316606318 F300
G1 X83.36508584899128 Y121.78719272834849 F300
G1 X83.45612732034438 Y121.02320835335755 F300
G1 X83.4071049896158 Y120.45531330128097 F300
G1 X83.25176150003432 Y119.90460789764168 F300
G1 X82.98245700784999 Y119.40292482473097 F300
G1 X82.5921883229588 Y118.99355653046499 F300
G1 X82.57245205993821 Y118.98591668671509 F300
G1 X82.53488949483447 Y118.98591668671509 F300;svg > g > g > g#figure_1 > g#text_1 > g > use > path#Cmr10-32
M3 S90
G4 P0.2
G0 X75.71232709601968 Y114.45285174881056
M3 S30
G4 P0.2
G1 X75.71232709601968 Y114.5623561758926 F300
G1 X75.71996693976956 Y114.58400239985069 F300
G1 X76.3528006637204 Y115.28432141025903 F300
G1 X76.5851792444468 Y115.54471275140176 F300
G1 X76.76216895798636 Y115.78791444410722 F300
G1 X76.90095945277639 Y116.06740539462473 F300
G1 X76.95189174444245 Y116.36854256910033 F300
G1 X76.89013634079733 Y116.68814269930485 F300
G1 X76.70614343715371 Y116.93198104565612 F300
G1 X76.41073614549055 Y117.02365917065505 F300
G1 X76.09240932257765 Y116.9167013581563 F300
G1 X75.8931367314342 Y116.64166698315955 F300
G1 X75.93706583299617 Y116.64548690503453 F300
G1 X76.09304597622348 Y116.58373150138942 F300
G1 X76.15798464809771 Y116.424568089933 F300
G1 X76.09304597622348 Y116.26604133212236 F300
G1 X75.93706583299617 Y116.20173931389397 F300
G1 X75.77662911424807 Y116.26795129305985 F300
G1 X75.71232709601968 Y116.424568089933 F300
G1 X75.769625924144 Y116.71169888420043 F300
G1 X75.93579252570451 Y116.9504440013851 F300
G1 X76.18090417934742 Y117.11088072013317 F300
G1 X76.46994493455233 Y117.16690624096584 F300
G1 X76.9035060673597 Y117.06822492586285 F300
G1 X77.22183289027257 Y116.78937062899115 F300
G1 X77.33961381475035 Y116.36854256910033 F300
G1 X77.26194206995959 Y116.03238944410433 F300
G1 X77.06266947881613 Y115.74271203525359 F300
G1 X76.752619153299 Y115.44730474359042 F300
G1 X76.50432423142693 Y115.2270225821347 F300
G1 X76.04275033820325 Y114.78327499099414 F300
G1 X76.4342923303861 Y114.78327499099414 F300
G1 X76.91687579392203 Y114.7877315665149 F300
G1 X77.12251492152375 Y114.80301125401473 F300
G1 X77.22055958298091 Y115.17927355869777 F300
G1 X77.33961381475035 Y115.17927355869777 F300
G1 X77.22437950485588 Y114.45285174881056 F300
G1 X75.71232709601968 Y114.45285174881056 F300;svg > g > g > g#figure_1 > g#text_1 > g > use > path#Cmmi10-74
M3 S90
G4 P0.2
G0 X84.94040568113924 Y117.27513738986038
M3 S30
G4 P0.2
G1 X84.95768628009738 Y117.4370293169418 F300
G1 X85.37787768634239 Y119.1077903846303 F300
G1 X84.76669018634963 Y119.1077903846303 F300
G1 X84.70757234780868 Y119.18509832733771 F300
G1 X84.78397078530776 Y119.31242905650285 F300
G1 X85.42880997800843 Y119.31242905650285 F300
G1 X85.66255281654735 Y120.2619524939916 F300
G1 X85.7535033373796 Y120.39292124399003 F300
G1 X85.90630021237777 Y120.44658205128106 F300
G1 X86.02999292070963 Y120.40201629607327 F300
G1 X86.08001570716738 Y120.28469012419966 F300
G1 X86.07819669675072 Y120.25740496794998 F300
G1 X86.07455867591744 Y120.23648634815856 F300
G1 X85.84172534258687 Y119.31242905650285 F300
G1 X86.44108927487142 Y119.31242905650285 F300
G1 X86.5011166186207 Y119.23603061900377 F300
G1 X86.48929305091252 Y119.18691733775437 F300
G1 X86.46655542070445 Y119.13052801483835 F300
G1 X86.4238086759133 Y119.1077903846303 F300
G1 X85.78988354571248 Y119.1077903846303 F300
G1 X85.37242065509245 Y117.42520574923361 F300
G1 X85.32967391030128 Y117.14144012423698 F300
G1 X85.50066088946592 Y116.89132619194827 F300
G1 X85.95359448321055 Y117.13143556694544 F300
G1 X86.25645971758196 Y117.6589485877725 F300
G1 X86.30193497799807 Y117.69260028048043 F300
G1 X86.37287638424723 Y117.69260028048043 F300
G1 X86.40925659258012 Y117.67713869193894 F300
G1 X86.4238086759133 Y117.64166798881438 F300
G1 X86.41835164466336 Y117.62438738985625 F300
G1 X86.04545450925113 Y117.0050143429886 F300
G1 X85.48610880613276 Y116.73761981174178 F300
G1 X85.09775008217905 Y116.88768817111499 F300
G1 X84.94040568113924 Y117.27513738986038 F300;svg > g > g > g#figure_1 > g#text_1 > g > use > path#Cmmi10-6e
M3 S90
G4 P0.2
G0 X87.58612449219115 Y119.09978670969288
M3 S30
G4 P0.2
G1 X87.58994441406612 Y119.13607596750496 F300
G1 X87.89426485677083 Y120.35144777738635 F300
G1 X87.92418757812463 Y120.55072036852982 F300
G1 X87.80513334635523 Y120.72580012113191 F300
G1 X87.61604721354496 Y120.57300324613372 F300
G1 X87.49635632812974 Y120.18846444405496 F300
G1 X87.48425990885904 Y120.16936483468017 F300
G1 X87.46261368490096 Y120.16236164457611 F300
G1 X87.41486466146402 Y120.16236164457611 F300
G1 X87.39067182292266 Y120.17700467843011 F300
G1 X87.38112201823525 Y120.2043807852006 F300
G1 X87.46579695313008 Y120.50424465238453 F300
G1 X87.59312768229525 Y120.72898338936103 F300
G1 X87.80895326823018 Y120.83084797269316 F300
G1 X88.0788944140603 Y120.73407661852765 F300
G1 X88.19667533853807 Y120.48896496488472 F300
G1 X88.48125951822219 Y120.73916984769426 F300
G1 X88.82759910155141 Y120.83084797269316 F300
G1 X89.07780398436095 Y120.78118898831877 F300
G1 X89.24206062498399 Y120.63093872790388 F300
G1 X89.30126941404579 Y120.39155695707338 F300
G1 X89.22614428383835 Y119.98728189197402 F300
G1 X89.04024141925721 Y119.4582227122928 F300
G1 X88.9829425911329 Y119.21374771229571 F300
G1 X89.07589402342347 Y119.092146865943 F300
G1 X89.34137859373281 Y119.26277004302429 F300
G1 X89.49226550779352 Y119.62948254301993 F300
G1 X89.52600815102228 Y119.65303872791549 F300
G1 X89.57375717445923 Y119.65303872791549 F300
G1 X89.60049662758391 Y119.64285226958225 F300
G1 X89.61131973956293 Y119.61738612374924 F300
G1 X89.607499817688 Y119.60528970447857 F300
G1 X89.41332045571114 Y119.17936841542111 F300
G1 X89.06825417967356 Y118.98455239979842 F300
G1 X88.82314252603064 Y119.0832337149014 F300
G1 X88.72191459634433 Y119.3226154857319 F300
G1 X88.75374727863563 Y119.48177889718835 F300
G1 X88.87216485675924 Y119.80010572010124 F300
G1 X88.98166928384126 Y120.15408514718034 F300
G1 X89.02432507811157 Y120.45267570707266 F300
G1 X88.97721270832048 Y120.64621841540368 F300
G1 X88.81932260415567 Y120.72580012113191 F300
G1 X88.54492488280476 Y120.65958814196604 F300
G1 X88.3259160286407 Y120.48578169665558 F300
G1 X88.15529285155941 Y120.22793697009617 F300
G1 X87.87834851562518 Y119.12015962635931 F300
G1 X87.81531980468844 Y119.02466157948544 F300
G1 X87.70708868489805 Y118.98455239979842 F300
G1 X87.62177709635739 Y119.01638508208973 F300
G1 X87.58612449219115 Y119.09978670969288 F300;svg > g > g > g#figure_1 > g#text_1 > g > use > path#Cmsy10-a1
M3 S90
G4 P0.2
G0 X90.84793989033993 Y119.96754562895343
M3 S30
G4 P0.2
G1 X90.79191436950725 Y119.99301177478644 F300
G1 X90.77026814554918 Y120.0490372956191 F300
G1 X90.79191436950725 Y120.10442616280595 F300
G1 X90.84793989033993 Y120.13052896228483 F300
G1 X93.18573207781216 Y120.13052896228483 F300
G1 X93.23857433041572 Y120.10442616280595 F300
G1 X93.25958390072795 Y120.0490372956191 F300
G1 X93.23857433041572 Y119.99301177478644 F300
G1 X93.18573207781216 Y119.96754562895343 F300
G1 X90.84793989033993 Y119.96754562895343 F300;svg > g > g > g#figure_1 > g#text_1 > g > use > path#Cmr10-32
M3 S90
G4 P0.2
G0 X94.5160994270047 Y119.03039146229789
M3 S30
G4 P0.2
G1 X94.5160994270047 Y119.1398958893799 F300
G1 X94.5237392707546 Y119.16154211333797 F300
G1 X95.15657299470543 Y119.86186112374635 F300
G1 X95.38895157543183 Y120.12225246488909 F300
G1 X95.5659412889714 Y120.3654541575945 F300
G1 X95.70473178376142 Y120.64494510811205 F300
G1 X95.75566407542749 Y120.94608228258764 F300
G1 X95.69390867178237 Y121.26568241279216 F300
G1 X95.50991576813874 Y121.50952075914344 F300
G1 X95.21450847647559 Y121.60119888414233 F300
G1 X94.89618165356269 Y121.49424107164363 F300
G1 X94.69690906241922 Y121.21920669664688 F300
G1 X94.7408381639812 Y121.22302661852184 F300
G1 X94.89681830720852 Y121.16127121487675 F300
G1 X94.96175697908275 Y121.00210780342029 F300
G1 X94.89681830720852 Y120.84358104560967 F300
G1 X94.7408381639812 Y120.77927902738128 F300
G1 X94.58040144523311 Y120.84549100654715 F300
G1 X94.5160994270047 Y121.00210780342029 F300
G1 X94.57339825512902 Y121.28923859768771 F300
G1 X94.73956485668954 Y121.52798371487238 F300
G1 X94.98467651033246 Y121.68842043362048 F300
G1 X95.27371726553737 Y121.74444595445314 F300
G1 X95.70727839834473 Y121.64576463935016 F300
G1 X96.0256052212576 Y121.36691034247848 F300
G1 X96.14338614573538 Y120.94608228258764 F300
G1 X96.06571440094461 Y120.60992915759161 F300
G1 X95.86644180980117 Y120.32025174874087 F300
G1 X95.55639148428402 Y120.02484445707775 F300
G1 X95.30809656241198 Y119.80456229562202 F300
G1 X94.84652266918827 Y119.36081470448146 F300
G1 X95.23806466137113 Y119.36081470448146 F300
G1 X95.72064812490706 Y119.36527128000222 F300
G1 X95.92628725250879 Y119.38055096750205 F300
G1 X96.02433191396595 Y119.75681327218507 F300
G1 X96.14338614573538 Y119.75681327218507 F300
G1 X96.02815183584092 Y119.03039146229789 F300
G1 X94.5160994270047 Y119.03039146229789 F300;svg > g > g > g#figure_1 > g#text_1 > g > use > path#Cmr10-a2
M3 S90
G4 P0.2
G0 X97.03711145324559 Y116.803104186741
M3 S30
G4 P0.2
G1 X96.9889076772045 Y116.84857944715712 F300
G1 X96.99254569803779 Y116.85676499403202 F300
G1 X96.99436470845443 Y116.86858856174022 F300
G1 X98.99800468238898 Y120.90770119190059 F300
G1 X99.10350728655439 Y120.96954754606652 F300
G1 X99.18263423967845 Y120.96954754606652 F300
G1 X99.28813684384386 Y120.90770119190059 F300
G1 X101.2917768177784 Y116.86858856174022 F300
G1 X101.29541483861169 Y116.85858400444867 F300
G1 X101.29723384902833 Y116.84857944715712 F300
G1 X101.24903007298722 Y116.803104186741 F300
G1 X97.03711145324559 Y116.803104186741 F300
M3 S90
G4 P0.2
G0 X97.42092265115771 Y117.26968035861044
M3 S30
G4 P0.2
G1 X100.48777421362128 Y117.26968035861044 F300
G1 X98.9552579375978 Y120.35836004607377 F300
G1 X97.42092265115771 Y117.26968035861044 F300;svg > g > g > g#figure_1 > g#text_1 > g > use > path#Cmmi10-74
M3 S90
G4 P0.2
G0 X101.93138634097915 Y117.27513738986038
M3 S30
G4 P0.2
G1 X101.94866693993727 Y117.4370293169418 F300
G1 X102.3688583461823 Y119.1077903846303 F300
G1 X101.75767084618953 Y119.1077903846303 F300
G1 X101.69855300764858 Y119.18509832733771 F300
G1 X101.77495144514766 Y119.31242905650285 F300
G1 X102.41979063784834 Y119.31242905650285 F300
G1 X102.65353347638724 Y120.2619524939916 F300
G1 X102.7444839972195 Y120.39292124399003 F300
G1 X102.89728087221766 Y120.44658205128106 F300
G1 X103.02097358054954 Y120.40201629607327 F300
G1 X103.07099636700728 Y120.28469012419966 F300
G1 X103.06917735659063 Y120.25740496794998 F300
G1 X103.06553933575734 Y120.23648634815856 F300
G1 X102.83270600242678 Y119.31242905650285 F300
G1 X103.43206993471132 Y119.31242905650285 F300
G1 X103.4920972784606 Y119.23603061900377 F300
G1 X103.48027371075243 Y119.18691733775437 F300
G1 X103.45753608054437 Y119.13052801483835 F300
G1 X103.41478933575321 Y119.1077903846303 F300
G1 X102.78086420555239 Y119.1077903846303 F300
G1 X102.36340131493236 Y117.42520574923361 F300
G1 X102.3206545701412 Y117.14144012423698 F300
G1 X102.49164154930583 Y116.89132619194827 F300
G1 X102.94457514305044 Y117.13143556694544 F300
G1 X103.24744037742185 Y117.6589485877725 F300
G1 X103.29291563783798 Y117.69260028048043 F300
G1 X103.36385704408714 Y117.69260028048043 F300
G1 X103.40023725242003 Y117.67713869193894 F300
G1 X103.41478933575321 Y117.64166798881438 F300
G1 X103.40933230450328 Y117.62438738985625 F300
G1 X103.03643516909104 Y117.0050143429886 F300
G1 X102.47708946597267 Y116.73761981174178 F300
G1 X102.08873074201894 Y116.88768817111499 F300
G1 X101.93138634097915 Y117.27513738986038 F300;svg > g > g > g#figure_1 > g#text_1 > g > use > path#Cmr10-2b
M3 S90
G4 P0.2
G0 X105.1302298395245 Y118.14189585339177
M3 S30
G4 P0.2
G1 X105.05019338119212 Y118.17827606172466 F300
G1 X105.01927020410915 Y118.25831252005705 F300
G1 X105.05019338119212 Y118.3374394731811 F300
G1 X105.1302298395245 Y118.37472918672235 F300
G1 X106.8419186415875 Y118.37472918672235 F300
G1 X106.8419186415875 Y120.09187502003527 F300
G1 X106.87557033429545 Y120.16645444711773 F300
G1 X106.9583353082528 Y120.19646811899239 F300
G1 X107.03746226137686 Y120.16645444711773 F300
G1 X107.07475197491807 Y120.09187502003527 F300
G1 X107.07475197491807 Y118.37472918672235 F300
G1 X108.78553127177275 Y118.37472918672235 F300
G1 X108.85920119364688 Y118.3374394731811 F300
G1 X108.89103387593816 Y118.25831252005705 F300
G1 X108.85920119364688 Y118.17827606172466 F300
G1 X108.78553127177275 Y118.14189585339177 F300
G1 X107.07475197491807 Y118.14189585339177 F300
G1 X107.07475197491807 Y116.42475002007883 F300
G1 X107.03746226137686 Y116.35017059299638 F300
G1 X106.9583353082528 Y116.32015692112172 F300
G1 X106.87557033429545 Y116.35017059299638 F300
G1 X106.8419186415875 Y116.42475002007883 F300
G1 X106.8419186415875 Y118.14189585339177 F300
G1 X105.1302298395245 Y118.14189585339177 F300;svg > g > g > g#figure_1 > g#text_1 > g > use > path#STIXGeneral-Regular-2026
M3 S90
G4 P0.2
G0 X115.40547864052748 Y117.05321811902972
M3 S30
G4 P0.2
G1 X115.30907108844528 Y116.83220835340732 F300
G1 X115.07987577594801 Y116.73943882215842 F300
G1 X114.85249947386738 Y116.83220835340732 F300
G1 X114.75972994261848 Y117.05867515027963 F300
G1 X114.85522798949232 Y117.28877996798523 F300
G1 X115.08533280719794 Y117.38518752006742 F300
G1 X115.30907108844528 Y117.28605145236027 F300
G1 X115.40547864052748 Y117.05321811902972 F300
M3 S90
G4 P0.2
G0 X113.46732304159215 Y117.05321811902972
M3 S30
G4 P0.2
G1 X113.37091548950997 Y116.83220835340732 F300
G1 X113.14081067180436 Y116.73943882215842 F300
G1 X112.91434387493207 Y116.83220835340732 F300
G1 X112.82157434368315 Y117.05867515027963 F300
G1 X112.91707239055704 Y117.28877996798523 F300
G1 X113.14717720826262 Y117.38518752006742 F300
G1 X113.37091548950997 Y117.28605145236027 F300
G1 X113.46732304159215 Y117.05321811902972 F300
M3 S90
G4 P0.2
G0 X111.52916744265686 Y117.05321811902972
M3 S30
G4 P0.2
G1 X111.43275989057464 Y116.83220835340732 F300
G1 X111.20265507286904 Y116.73943882215842 F300
G1 X110.97527877078842 Y116.83220835340732 F300
G1 X110.88250923953953 Y117.05867515027963 F300
G1 X110.9789167916217 Y117.28877996798523 F300
G1 X111.20902160932731 Y117.38518752006742 F300
G1 X111.43275989057464 Y117.28605145236027 F300
G1 X111.52916744265686 Y117.05321811902972 F300;svg > g > g > g#figure_1 > g#text_1 > g > use > path#Cmr10-4e
M3 S90
G4 P0.2
G0 X121.34704787341524 Y116.803104186741
M3 S30
G4 P0.2
G1 X121.34704787341524 Y117.00774285861357 F300
G1 X121.94641180569978 Y117.35153582735948 F300
G1 X121.94641180569978 Y120.54026108773829 F300
G1 X121.34704787341524 Y120.57482228565455 F300
G1 X121.34704787341524 Y120.77946095752712 F300
G1 X122.46119175361035 Y120.77946095752712 F300
G1 X122.50120998277653 Y120.75672332731904 F300
G1 X124.56123927962707 Y117.72443296277171 F300
G1 X124.56123927962707 Y120.23102931690862 F300
G1 X123.96187534734253 Y120.57482228565455 F300
G1 X123.96187534734253 Y120.77946095752712 F300
G1 X125.34614227440943 Y120.77946095752712 F300
G1 X125.34614227440943 Y120.57482228565455 F300
G1 X124.74950685774985 Y120.23102931690862 F300
G1 X124.74950685774985 Y116.85403647840705 F300
G1 X124.72676922754178 Y116.82038478569912 F300
G1 X124.68947951400054 Y116.803104186741 F300
G1 X124.61853810775139 Y116.803104186741 F300
G1 X124.5785198785852 Y116.82584181694905 F300
G1 X122.13467938382256 Y120.423844421073 F300
G1 X122.13467938382256 Y117.35153582735948 F300
G1 X122.7340433161071 Y117.00774285861357 F300
G1 X122.7340433161071 Y116.803104186741 F300
G1 X121.34704787341524 Y116.803104186741 F300;svg > g > g > g#figure_1 > g#text_1 > g > use > path#Cmr10-6f
M3 S90
G4 P0.2
G0 X126.98870868063992 Y116.73761981174178
M3 S30
G4 P0.2
G1 X126.34023146710597 Y116.91497332736465 F300
G1 X125.86819826398657 Y117.39155405652568 F300
G1 X125.69539227440526 Y118.0427597856846 F300
G1 X125.79089032127916 Y118.55663022838687 F300
G1 X126.06374188377592 Y118.99864975963159 F300
G1 X126.47665724835436 Y119.30242449921133 F300
G1 X126.98870868063992 Y119.41247462941834 F300
G1 X127.64082391500719 Y119.22329754608727 F300
G1 X128.10558107646 Y118.71670314505161 F300
G1 X128.27656805562464 Y118.0427597856846 F300
G1 X128.102852560835 Y117.39246356173399 F300
G1 X127.63172886292395 Y116.91497332736465 F300
G1 X126.98870868063992 Y116.73761981174178 F300
M3 S90
G4 P0.2
G0 X126.98870868063992 Y116.90860679090642
M3 S30
G4 P0.2
G1 X127.61081024313253 Y117.24603322319406 F300
G1 X127.76724513896401 Y118.1073346554755 F300
G1 X127.73632196188106 Y118.59210093151141 F300
G1 X127.59989618063267 Y118.94044142629895 F300
G1 X127.43345672750964 Y119.10960939504693 F300
G1 X127.21972300355382 Y119.22056903046229 F300
G1 X126.98870868063992 Y119.25876824921183 F300
G1 X126.64309670147739 Y119.17600327525449 F300
G1 X126.37206414939725 Y118.94044142629895 F300
G1 X126.23381935773223 Y118.57754884817827 F300
G1 X126.2047151910659 Y118.1073346554755 F300
G1 X126.26110451398189 Y117.52070379610748 F300
G1 X126.49029982647919 Y117.08414129611266 F300
G1 X126.98870868063992 Y116.90860679090642 F300;svg > g > g > g#figure_1 > g#text_1 > g > use > path#Cmr10-77
M3 S90
G4 P0.2
G0 X129.7317763889407 Y116.803104186741
M3 S30
G4 P0.2
G1 X128.9787060764496 Y118.92043231171584 F300
G1 X128.83045672749304 Y119.07777671275565 F300
G1 X128.54941961812142 Y119.1077903846303 F300
G1 X128.54941961812142 Y119.31242905650285 F300
G1 X129.74814748269048 Y119.31242905650285 F300
G1 X129.74814748269048 Y119.1077903846303 F300
G1 X129.40435451394458 Y118.96317905650702 F300
G1 X129.4089020399862 Y118.94589845754888 F300
G1 X129.41072105040283 Y118.92043231171584 F300
G1 X129.97006675352122 Y117.35153582735948 F300
G1 X130.45301401914045 Y118.71852215546825 F300
G1 X130.37661558164135 Y118.92043231171584 F300
G1 X130.23109474830977 Y119.07777671275565 F300
G1 X129.9500576389381 Y119.1077903846303 F300
G1 X129.9500576389381 Y119.31242905650285 F300
G1 X131.09876271704945 Y119.31242905650285 F300
G1 X131.09876271704945 Y119.1077903846303 F300
G1 X130.75496974830352 Y118.96317905650702 F300
G1 X130.76042677955346 Y118.92043231171584 F300
G1 X131.3434196180882 Y117.28059442111031 F300
G1 X131.8718421441236 Y118.76399741588439 F300
G1 X131.8827562066235 Y118.84676238984173 F300
G1 X131.77907261287473 Y119.03775848358946 F300
G1 X131.5480582899608 Y119.1077903846303 F300
G1 X131.5480582899608 Y119.31242905650285 F300
G1 X132.53669045140737 Y119.31242905650285 F300
G1 X132.53669045140737 Y119.1077903846303 F300
G1 X132.23382521703599 Y119.01502085338139 F300
G1 X132.04828615453818 Y118.76399741588439 F300
G1 X131.35433368058807 Y116.803104186741 F300
G1 X131.2661116753808 Y116.73761981174178 F300
G1 X131.22063641496467 Y116.73761981174178 F300
G1 X131.1324144097574 Y116.803104186741 F300
G1 X130.5439645399727 Y118.4629511919296 F300
G1 X129.95642417539636 Y116.803104186741 F300
G1 X129.8654736545641 Y116.73761981174178 F300
G1 X129.82272690977294 Y116.73761981174178 F300
G1 X129.7317763889407 Y116.803104186741 F300;svg > g > g > g#figure_1 > g#text_1 > g > use > path#Cmr10-73
M3 S90
G4 P0.2
G0 X134.77964403421407 Y116.78582358778287
M3 S30
G4 P0.2
G1 X134.77964403421407 Y117.7353470252716 F300
G1 X134.83057632588014 Y117.78082228568773 F300
G1 X134.9015177321293 Y117.78082228568773 F300
G1 X134.94699299254543 Y117.7353470252716 F300
G1 X135.73098648211945 Y116.89132619194827 F300
G1 X136.1930151279473 Y117.01592840548848 F300
G1 X136.3794636956534 Y117.40246811902556 F300
G1 X136.23394286232178 Y117.72261395235508 F300
G1 X135.8901498935759 Y117.90269598360294 F300
G1 X135.50088166441384 Y117.98000392631035 F300
G1 X135.1443556227514 Y118.11006317110048 F300
G1 X134.8815086175462 Y118.34471551484768 F300
G1 X134.77964403421407 Y118.68487046276033 F300
G1 X134.91425080504578 Y119.1032428585887 F300
G1 X135.26441031024999 Y119.33971421275255 F300
G1 X135.73098648211945 Y119.41247462941834 F300
G1 X136.25122346127995 Y119.2533112179619 F300
G1 X136.41948192481962 Y119.39792254608518 F300
G1 X136.4476765862776 Y119.41247462941834 F300
G1 X136.49042333106877 Y119.41247462941834 F300
G1 X136.52134650815174 Y119.39610353566853 F300
G1 X136.53589859148488 Y119.36427085337725 F300
G1 X136.53589859148488 Y118.60210548880298 F300
G1 X136.49042333106877 Y118.54844468151195 F300
G1 X136.41948192481962 Y118.54844468151195 F300
G1 X136.3676401279452 Y118.60210548880298 F300
G1 X136.19847215919722 Y119.09141929088048 F300
G1 X135.72552945086952 Y119.27604884816998 F300
G1 X135.27259585712486 Y119.17873179087945 F300
G1 X135.08069025816883 Y118.84676238984173 F300
G1 X135.21802554462553 Y118.58118686901153 F300
G1 X135.54089989358005 Y118.43202801484665 F300
G1 X135.93562515399202 Y118.35744858776421 F300
G1 X136.3067032789876 Y118.20374220755771 F300
G1 X136.57955484148437 Y117.93089064506094 F300
G1 X136.6805099196082 Y117.55890301485701 F300
G1 X136.60774950294237 Y117.19328192111136 F300
G1 X136.40583934669476 Y116.93589194715608 F300
G1 X136.1002455966984 Y116.78582358778287 F300
G1 X135.73098648211945 Y116.73761981174178 F300
G1 X135.10888491962683 Y116.98227671278053 F300
G1 X134.89606070087936 Y116.75217189507494 F300
G1 X134.86422801858808 Y116.73761981174178 F300
G1 X134.83057632588014 Y116.73761981174178 F300
G1 X134.77964403421407 Y116.78582358778287 F300;svg > g > g > g#figure_1 > g#text_1 > g > use > path#Cmr10-65
M3 S90
G4 P0.2
G0 X138.3293291232136 Y116.73761981174178
M3 S30
G4 P0.2
G1 X137.676304383638 Y116.9240683794479 F300
G1 X137.21063771697686 Y117.42156772840032 F300
G1 X137.04146974822893 Y118.07913999401752 F300
G1 X137.19608563364372 Y118.72670770234316 F300
G1 X137.62810060759693 Y119.22329754608727 F300
G1 X138.24656414925624 Y119.41247462941834 F300
G1 X138.71132131070908 Y119.3224336137944 F300
G1 X139.03692417528853 Y119.07413869192237 F300
G1 X139.2297392794529 Y118.69851304088517 F300
G1 X139.29522365445212 Y118.22466082734911 F300
G1 X139.23610581591117 Y118.1473528846417 F300
G1 X137.5507926648895 Y118.1473528846417 F300
G1 X137.5507926648895 Y118.08459702526744 F300
G1 X137.74542677947053 Y117.2551282752773 F300
G1 X138.38026141487967 Y116.90860679090642 F300
G1 X138.71132131070908 Y116.98773374403048 F300
G1 X138.97507782112262 Y117.20965301486116 F300
G1 X139.12787469612078 Y117.51342775444088 F300
G1 X139.1487933159122 Y117.54889845756547 F300
G1 X139.1842640190368 Y117.56526955131528 F300
G1 X139.23610581591117 Y117.56526955131528 F300
G1 X139.29522365445212 Y117.49069012423283 F300
G1 X138.94051662320632 Y116.94953452528092 F300
G1 X138.3293291232136 Y116.73761981174178 F300
M3 S90
G4 P0.2
G0 X137.55624969613947 Y118.29287371797331
M3 S30
G4 P0.2
G1 X138.88321779508203 Y118.29287371797331 F300
G1 X138.8222809461244 Y118.73580275442639 F300
G1 X138.6185517794602 Y119.10960939504693 F300
G1 X138.24656414925624 Y119.25876824921183 F300
G1 X137.7363317273873 Y118.9504459835905 F300
G1 X137.55624969613947 Y118.29287371797331 F300;svg > g > g > g#figure_1 > g#text_1 > g > use > path#Cmr10-74
M3 S90
G4 P0.2
G0 X140.0570479764014 Y117.50251369194103
M3 S30
G4 P0.2
G1 X140.0570479764014 Y119.1077903846303 F300
G1 X139.57410071078215 Y119.1077903846303 F300
G1 X139.57410071078215 Y119.25876824921183 F300
G1 X140.13344641390046 Y119.61347528045762 F300
G1 X140.31261893994002 Y120.38473569711512 F300
G1 X140.4808774034797 Y120.38473569711512 F300
G1 X140.4808774034797 Y119.31242905650285 F300
G1 X141.30216060659492 Y119.31242905650285 F300
G1 X141.30216060659492 Y119.1077903846303 F300
G1 X140.4808774034797 Y119.1077903846303 F300
G1 X140.4808774034797 Y117.51342775444088 F300
G1 X140.56182336702042 Y117.09050783257092 F300
G1 X140.8528650336836 Y116.90860679090642 F300
G1 X141.14026867951355 Y117.10051238986247 F300
G1 X141.2284906847208 Y117.51342775444088 F300
G1 X141.2284906847208 Y117.85722072318683 F300
G1 X141.39583964305217 Y117.85722072318683 F300
G1 X141.39583964305217 Y117.50251369194103 F300
G1 X141.32853625763627 Y117.1423496294453 F300
G1 X141.13117362743031 Y116.85130796278209 F300
G1 X140.81284680451742 Y116.73761981174178 F300
G1 X140.2598676378573 Y116.94680600965596 F300
G1 X140.0570479764014 Y117.50251369194103 F300;svg > g > g > g#figure_1 > g#text_1 > g > use > path#Cmr10-74
M3 S90
G4 P0.2
G0 X142.3165999564996 Y117.50251369194103
M3 S30
G4 P0.2
G1 X142.3165999564996 Y119.1077903846303 F300
G1 X141.83365269088034 Y119.1077903846303 F300
G1 X141.83365269088034 Y119.25876824921183 F300
G1 X142.39299839399865 Y119.61347528045762 F300
G1 X142.57217092003822 Y120.38473569711512 F300
G1 X142.74042938357786 Y120.38473569711512 F300
G1 X142.74042938357786 Y119.31242905650285 F300
G1 X143.56171258669312 Y119.31242905650285 F300
G1 X143.56171258669312 Y119.1077903846303 F300
G1 X142.74042938357786 Y119.1077903846303 F300
G1 X142.74042938357786 Y117.51342775444088 F300
G1 X142.8213753471186 Y117.09050783257092 F300
G1 X143.1124170137818 Y116.90860679090642 F300
G1 X143.39982065961175 Y117.10051238986247 F300
G1 X143.488042664819 Y117.51342775444088 F300
G1 X143.488042664819 Y117.85722072318683 F300
G1 X143.65539162315036 Y117.85722072318683 F300
G1 X143.65539162315036 Y117.50251369194103 F300
G1 X143.58808823773447 Y117.1423496294453 F300
G1 X143.3907256075285 Y116.85130796278209 F300
G1 X143.07239878461561 Y116.73761981174178 F300
G1 X142.5194196179555 Y116.94680600965596 F300
G1 X142.3165999564996 Y117.50251369194103 F300;svg > g > g > g#figure_1 > g#text_1 > g > use > path#Cmr10-69
M3 S90
G4 P0.2
G0 X144.161417619811 Y116.803104186741
M3 S30
G4 P0.2
G1 X144.161417619811 Y117.00774285861357 F300
G1 X144.48792998959874 Y117.03866603569652 F300
G1 X144.61617022397223 Y117.19237241590305 F300
G1 X144.61617022397223 Y118.7812780148425 F300
G1 X144.52885772397332 Y119.05685809296425 F300
G1 X144.186883765644 Y119.1077903846303 F300
G1 X144.186883765644 Y119.31242905650285 F300
G1 X145.0254475677174 Y119.3751849158771 F300
G1 X145.0254475677174 Y117.19237241590305 F300
G1 X145.13640720313273 Y117.03866603569652 F300
G1 X145.43199639583756 Y117.00774285861357 F300
G1 X145.43199639583756 Y116.803104186741 F300
G1 X144.161417619811 Y116.803104186741 F300
M3 S90
G4 P0.2
G0 X144.40880303647475 Y120.37564064503191
M3 S30
G4 P0.2
G1 X144.5052105885569 Y120.60028843148757 F300
G1 X144.7271298593876 Y120.69669598356975 F300
G1 X144.88538376563574 Y120.65394923877862 F300
G1 X145.0054384531343 Y120.53480405648835 F300
G1 X145.04818519792548 Y120.37564064503191 F300
G1 X144.95086814063492 Y120.1537213742012 F300
G1 X144.7271298593876 Y120.05731382211904 F300
G1 X144.5052105885569 Y120.1537213742012 F300
G1 X144.40880303647475 Y120.37564064503191 F300;svg > g > g > g#figure_1 > g#text_1 > g > use > path#Cmr10-6e
M3 S90
G4 P0.2
G0 X145.76749013683363 Y116.803104186741
M3 S30
G4 P0.2
G1 X145.76749013683363 Y117.00774285861357 F300
G1 X146.09400250662142 Y117.03866603569652 F300
G1 X146.22224274099486 Y117.19237241590305 F300
G1 X146.22224274099486 Y118.7812780148425 F300
G1 X146.17494847016206 Y119.0068353065065 F300
G1 X146.04034169933036 Y119.09232879608882 F300
G1 X145.76749013683363 Y119.1077903846303 F300
G1 X145.76749013683363 Y119.31242905650285 F300
G1 X146.6115109701569 Y119.3751849158771 F300
G1 X146.6115109701569 Y118.80674416067554 F300
G1 X146.95621344411114 Y119.2160215044207 F300
G1 X147.4555318034802 Y119.3751849158771 F300
G1 X148.06217177743133 Y119.18146030650442 F300
G1 X148.2659009440956 Y118.5911914263031 F300
G1 X148.2659009440956 Y117.19237241590305 F300
G1 X148.39323167326074 Y117.03866603569652 F300
G1 X148.72065354825688 Y117.00774285861357 F300
G1 X148.72065354825688 Y116.803104186741 F300
G1 X147.387318912856 Y116.803104186741 F300
G1 X147.387318912856 Y117.00774285861357 F300
G1 X147.7138312826438 Y117.03866603569652 F300
G1 X147.8420715170173 Y117.19237241590305 F300
G1 X147.8420715170173 Y118.57391082734496 F300
G1 X147.75930654305998 Y119.04139650442275 F300
G1 X147.42097060556398 Y119.22511655650392 F300
G1 X146.8652629232789 Y118.9549935096321 F300
G1 X146.6478911784898 Y118.34107749401441 F300
G1 X146.6478911784898 Y117.19237241590305 F300
G1 X146.7761314128633 Y117.03866603569652 F300
G1 X147.0999152670261 Y117.00774285861357 F300
G1 X147.0999152670261 Y116.803104186741 F300
G1 X145.76749013683363 Y116.803104186741 F300;svg > g > g > g#figure_1 > g#text_1 > g > use > path#Cmr10-67
M3 S90
G4 P0.2
G0 X148.98725225517038 Y116.34835158257974
M3 S30
G4 P0.2
G1 X149.13732061454357 Y116.71124416070043 F300
G1 X149.49657517183098 Y116.93134442111447 F300
G1 X149.3183121509998 Y117.15235418673684 F300
G1 X149.25737530204213 Y117.4370293169418 F300
G1 X149.43109079683174 Y117.91997658256108 F300
G1 X149.16369626558492 Y118.52025002005394 F300
G1 X149.24191371350065 Y118.8613144731749 F300
G1 X149.45928545828974 Y119.13689455129662 F300
G1 X149.7685172291194 Y119.3142480669195 F300
G1 X150.11867673432357 Y119.3751849158771 F300
G1 X150.7407782968162 Y119.17327475962952 F300
G1 X151.0236344166045 Y119.37063738983551 F300
G1 X151.36378936451712 Y119.44066929087634 F300
G1 X151.56751853118138 Y119.3506282752524 F300
G1 X151.64755498951374 Y119.13689455129662 F300
G1 X151.59298467701444 Y119.0113828325481 F300
G1 X151.46838246347426 Y118.95772202525707 F300
G1 X151.34014222910076 Y119.0113828325481 F300
G1 X151.2864814218097 Y119.13689455129662 F300
G1 X151.3574228280589 Y119.28696291066984 F300
G1 X150.84082386973168 Y119.0795957231723 F300
G1 X151.00908233327135 Y118.82220574921702 F300
G1 X151.07365720306225 Y118.52025002005394 F300
G1 X150.93723142181386 Y118.0745924679759 F300
G1 X150.57706735931814 Y117.76808921277123 F300
G1 X150.11867673432357 Y117.6589485877725 F300
G1 X149.53568389578882 Y117.83175457735379 F300
G1 X149.4538284270398 Y117.57618361381516 F300
G1 X149.55478350516364 Y117.30697007215167 F300
G1 X149.8085354582856 Y117.19237241590305 F300
G1 X150.2860256926549 Y117.19237241590305 F300
G1 X150.91176527598083 Y117.12961655652879 F300
G1 X151.3792509530586 Y116.8795026242401 F300
G1 X151.56842803638972 Y116.34835158257974 F300
G1 X151.35196579680894 Y115.92361265029311 F300
G1 X150.83627634369003 Y115.67895574925436 F300
G1 X150.28056866140503 Y115.60346681696358 F300
G1 X149.7203134530783 Y115.67895574925436 F300
G1 X149.2028049895428 Y115.92361265029311 F300
G1 X148.98725225517038 Y116.34835158257974 F300
M3 S90
G4 P0.2
G0 X149.31467413016648 Y116.34835158257974
M3 S30
G4 P0.2
G1 X149.4738375416229 Y116.0200202023753 F300
G1 X149.85673923432668 Y115.82447658258594 F300
G1 X150.28056866140503 Y115.75990171279507 F300
G1 X150.70076006765 Y115.82447658258594 F300
G1 X151.08275225514546 Y116.0200202023753 F300
G1 X151.24100616139359 Y116.34835158257974 F300
G1 X150.96269756764687 Y116.74216733778339 F300
G1 X150.2860256926549 Y116.831298848199 F300
G1 X149.8085354582856 Y116.831298848199 F300
G1 X149.5629690520385 Y116.76763348361641 F300
G1 X149.38288702079063 Y116.58846095757688 F300
G1 X149.31467413016648 Y116.34835158257974 F300
M3 S90
G4 P0.2
G0 X150.11867673432357 Y117.81538348360398
M3 S30
G4 P0.2
G1 X150.61344756765104 Y118.52025002005394 F300
G1 X150.50794496348564 Y119.02138738983966 F300
G1 X150.11867673432357 Y119.21875002004566 F300
G1 X149.72849899995322 Y119.02138738983966 F300
G1 X149.6239059009961 Y118.52025002005394 F300
G1 X149.66392413016231 Y118.17009051484978 F300
G1 X149.81126397391057 Y117.91451955131113 F300
G1 X150.11867673432357 Y117.81538348360398 F300;svg > g > g > g#figure_1 > g#text_1 > g > use > path#Cmr10-a2
M3 S90
G4 P0.2
G0 X153.9897582626943 Y116.803104186741
M3 S30
G4 P0.2
G1 X153.94155448665316 Y116.84857944715712 F300
G1 X153.94519250748647 Y116.85676499403202 F300
G1 X153.9470115179031 Y116.86858856174022 F300
G1 X155.95065149183768 Y120.90770119190059 F300
G1 X156.0561540960031 Y120.96954754606652 F300
G1 X156.13528104912714 Y120.96954754606652 F300
G1 X156.24078365329257 Y120.90770119190059 F300
G1 X158.2444236272271 Y116.86858856174022 F300
G1 X158.24806164806037 Y116.85858400444867 F300
G1 X158.24988065847703 Y116.84857944715712 F300
G1 X158.20167688243595 Y116.803104186741 F300
G1 X153.9897582626943 Y116.803104186741 F300
M3 S90
G4 P0.2
G0 X154.3735694606064 Y117.26968035861044
M3 S30
G4 P0.2
G1 X157.44042102306997 Y117.26968035861044 F300
G1 X155.9079047470465 Y120.35836004607377 F300
G1 X154.3735694606064 Y117.26968035861044 F300;svg > g > g > g#figure_1 > g#text_1 > g > use > path#Cmmi10-74
M3 S90
G4 P0.2
G0 X158.88403315042783 Y117.27513738986038
M3 S30
G4 P0.2
G1 X158.90131374938593 Y117.4370293169418 F300
G1 X159.32150515563094 Y119.1077903846303 F300
G1 X158.7103176556382 Y119.1077903846303 F300
G1 X158.65119981709728 Y119.18509832733771 F300
G1 X158.72759825459633 Y119.31242905650285 F300
G1 X159.37243744729702 Y119.31242905650285 F300
G1 X159.6061802858359 Y120.2619524939916 F300
G1 X159.69713080666816 Y120.39292124399003 F300
G1 X159.84992768166637 Y120.44658205128106 F300
G1 X159.97362038999822 Y120.40201629607327 F300
G1 X160.02364317645598 Y120.28469012419966 F300
G1 X160.02182416603932 Y120.25740496794998 F300
G1 X160.01818614520602 Y120.23648634815856 F300
G1 X159.78535281187544 Y119.31242905650285 F300
G1 X160.38471674416 Y119.31242905650285 F300
G1 X160.44474408790927 Y119.23603061900377 F300
G1 X160.4329205202011 Y119.18691733775437 F300
G1 X160.41018288999302 Y119.13052801483835 F300
G1 X160.36743614520185 Y119.1077903846303 F300
G1 X159.73351101500106 Y119.1077903846303 F300
G1 X159.31604812438098 Y117.42520574923361 F300
G1 X159.27330137958987 Y117.14144012423698 F300
G1 X159.44428835875448 Y116.89132619194827 F300
G1 X159.89722195249914 Y117.13143556694544 F300
G1 X160.20008718687052 Y117.6589485877725 F300
G1 X160.24556244728663 Y117.69260028048043 F300
G1 X160.3165038535358 Y117.69260028048043 F300
G1 X160.3528840618687 Y117.67713869193894 F300
G1 X160.36743614520185 Y117.64166798881438 F300
G1 X160.36197911395192 Y117.62438738985625 F300
G1 X159.98908197853967 Y117.0050143429886 F300
G1 X159.4297362754213 Y116.73761981174178 F300
G1 X159.0413775514676 Y116.88768817111499 F300
G1 X158.88403315042783 Y117.27513738986038 F300;svg > g > g > g#figure_1 > g#text_1 > g > use > path#Cmsy10-21
M3 S90
G4 P0.2
G0 X162.08287664897313 Y118.14189585339177
M3 S30
G4 P0.2
G1 X162.0028401906408 Y118.17827606172466 F300
G1 X161.97191701355786 Y118.25831252005705 F300
G1 X162.0028401906408 Y118.3374394731811 F300
G1 X162.08287664897313 Y118.37472918672235 F300
G1 X166.5003434457957 Y118.37472918672235 F300
G1 X166.10743719580037 Y118.74307879609297 F300
G1 X165.82367157080375 Y119.1923743690043 F300
G1 X165.66177964372233 Y119.70260679087323 F300
G1 X165.7208974822633 Y119.77900522837233 F300
G1 X165.83731414892858 Y119.77900522837233 F300
G1 X165.87278485205314 Y119.76172462941419 F300
G1 X165.89461297705287 Y119.72534442108129 F300
G1 X166.04650034684275 Y119.26058725962848 F300
G1 X166.306618836423 Y118.86040496796657 F300
G1 X166.65586883641885 Y118.54207814505368 F300
G1 X167.0942503468303 Y118.32379689505626 F300
G1 X167.1333590707882 Y118.25831252005705 F300
G1 X167.0942503468303 Y118.20192319714106 F300
G1 X166.5367236541286 Y117.88723439506147 F300
G1 X166.11926076350858 Y117.39610158256727 F300
G1 X165.89461297705287 Y116.79128061903279 F300
G1 X165.87187534684483 Y116.7549004106999 F300
G1 X165.83731414892858 Y116.73761981174178 F300
G1 X165.7208974822633 Y116.73761981174178 F300
G1 X165.66177964372233 Y116.8149277544492 F300
G1 X165.95645933121887 Y117.56345054089863 F300
G1 X166.5003434457957 Y118.14189585339177 F300
G1 X162.08287664897313 Y118.14189585339177 F300;svg > g > g > g#figure_1 > g#text_1 > g > use > path#Cmr10-30
M3 S90
G4 P0.2
G0 X169.94350280275486 Y116.67486395236752
M3 S30
G4 P0.2
G1 X168.97306074547473 Y117.26149481173556 F300
G1 X168.71567077151946 Y118.65940431692728 F300
G1 X168.80753079756 Y119.61074676483265 F300
G1 X169.174061396514 Y120.36836460336534 F300
G1 X169.94350280275486 Y120.68032488981994 F300
G1 X170.57106139649738 Y120.49205731169718 F300
G1 X170.94395853190966 Y120.0072910356613 F300
G1 X171.11858353190757 Y119.37063738983551 F300
G1 X171.16587780274034 Y118.65940431692728 F300
G1 X171.07310827149144 Y117.72261395235508 F300
G1 X170.71112519857905 Y116.98045770236389 F300
G1 X169.94350280275486 Y116.67486395236752 F300
M3 S90
G4 P0.2
G0 X169.94350280275486 Y116.82584181694905
M3 S30
G4 P0.2
G1 X170.42645006837412 Y117.15781121798679 F300
G1 X170.62290319337177 Y117.89451043672804 F300
G1 X170.660192906913 Y118.75308335338451 F300
G1 X170.62290319337177 Y119.5598144731666 F300
G1 X170.42735957358244 Y120.22921030649198 F300
G1 X169.94350280275486 Y120.52934702523842 F300
G1 X169.45509850588564 Y120.22739129607534 F300
G1 X169.25864538088797 Y119.55799546274996 F300
G1 X169.22135566734678 Y118.75308335338451 F300
G1 X169.23681725588827 Y118.14189585339177 F300
G1 X169.32140124026228 Y117.54889845756547 F300
G1 X169.54150150067628 Y117.03411850965492 F300
G1 X169.94350280275486 Y116.82584181694905 F300;svg > g > g > g#figure_1 > g#text_1 > g > use > path#Cmmi10-3b
M3 S90
G4 P0.2
G0 X171.97533743814742 Y115.75444468154512
M3 S30
G4 P0.2
G1 X171.99807506835546 Y115.80264845758622 F300
G1 X172.32549694335157 Y116.26922462945568 F300
G1 X172.44191361001688 Y116.82584181694905 F300
G1 X172.44191361001688 Y116.89678322319821 F300
G1 X172.2090802766863 Y116.803104186741 F300
G1 X171.98170397460564 Y116.89678322319821 F300
G1 X171.88802493814842 Y117.12415952527887 F300
G1 X171.98170397460564 Y117.35153582735948 F300
G1 X172.2090802766863 Y117.44248634819174 F300
G1 X172.5046694693911 Y117.25058074923568 F300
G1 X172.5928914745984 Y116.82584181694905 F300
G1 X172.46283222980827 Y116.21101629612303 F300
G1 X172.09812064127092 Y115.68623179092094 F300
G1 X172.06083092772968 Y115.67440822321272 F300
G1 X172.0035320996054 Y115.70078387425407 F300
G1 X171.97533743814742 Y115.75444468154512 F300;svg > g > g > g#figure_1 > g#text_1 > g > path
M3 S90
G4 P0.2
G0 X69.16452624974326 Y117.53070835339904
M3 S30
G4 P0.2
G1 X69.16452624974326 Y117.89451043672804 F300
G1 X83.85172794677719 Y117.89451043672804 F300
G1 X83.85172794677719 Y117.53070835339904 F300
G1 X69.16452624974326 Y117.53070835339904 F300;svg > g > g > g#figure_1 > g#text_1 > g > use > path#Cmmi10-64
M3 S90
G4 P0.2
G0 X30.70859550780408 Y102.29488450549246
M3 S30
G4 P0.2
G1 X30.30304713541307 Y102.48906386746931 F300
G1 X30.155343489581487 Y102.94745449246386 F300
G1 X30.29031406249655 Y103.48861009141578 F300
G1 X30.65575325520054 Y103.95527721380608 F300
G1 X31.149796484361342 Y104.1411800783872 F300
G1 X31.365622070296286 Y104.07433144557548 F300
G1 X31.51587233071117 Y103.8967050783901 F300
G1 X31.74506764320844 Y104.8058464846293 F300
G1 X31.764803906229044 Y104.91535091171134 F300
G1 X31.499955989565517 Y104.9809262372314 F300
G1 X31.458573502586844 Y105.03440514348077 F300
G1 X31.467486653628406 Y105.07005774764701 F300
G1 X31.485312955711525 Y105.11016692733403 F300
G1 X31.51587233071117 Y105.12417330754221 F300
G1 X32.0653044270588 Y105.16810240910416 F300
G1 X32.114963411433216 Y105.11589681014647 F300
G1 X31.52796874998186 Y102.7723747398618 F300
G1 X31.499955989565517 Y102.57755872423911 F300
G1 X31.617736914043284 Y102.40247897163701 F300
G1 X31.811279622374325 Y102.56418899767678 F300
G1 X31.923967317685488 Y102.93981464871398 F300
G1 X31.95579999997677 Y102.96337083360952 F300
G1 X32.005458984351186 Y102.96337083360952 F300
G1 X32.03092513018422 Y102.94936445340134 F300
G1 X32.041111588517424 Y102.92389830756834 F300
G1 X31.885131445290114 Y102.4667809898654 F300
G1 X31.609460416647547 Y102.29488450549246 F300
G1 X31.36689537758793 Y102.37510286486649 F300
G1 X31.23574472654782 Y102.58965514350979 F300
G1 X30.70859550780408 Y102.29488450549246 F300
M3 S90
G4 P0.2
G0 X30.712415429679034 Y102.40247897163701
M3 S30
G4 P0.2
G1 X30.997636263008985 Y102.51262005236487 F300
G1 X31.23574472654782 Y102.7723747398618 F300
G1 X31.239564648422775 Y102.78829108100744 F300
G1 X31.462393424461798 Y103.68597272162177 F300
G1 X31.356708919254718 Y103.93235768255634 F300
G1 X31.140246679673957 Y104.03613222682596 F300
G1 X30.884311914051995 Y103.92344453151478 F300
G1 X30.684402669262703 Y103.65795996120544 F300
G1 X30.532242447910345 Y103.21039244818992 F300
G1 X30.459663932286205 Y102.76855481798682 F300
G1 X30.52014602863965 Y102.51453001330235 F300
G1 X30.712415429679034 Y102.40247897163701 F300;svg > g > g > g#figure_1 > g#text_1 > g > use > path#Cmmi10-79
M3 S90
G4 P0.2
G0 X32.4613825655541 Y101.7575488284155
M3 S30
G4 P0.2
G1 X32.75933647180056 Y101.61048183622975 F300
G1 X33.09357963585909 Y101.74608906279065 F300
G1 X33.32150164106472 Y102.07332903674508 F300
G1 X33.45583556033396 Y102.46614433621957 F300
G1 X33.06365691450528 Y102.29488450549246 F300
G1 X32.78925919315437 Y102.35027337267931 F300
G1 X32.61290613326064 Y102.51643997423983 F300
G1 X32.55051407596971 Y102.78447115913248 F300
G1 X32.586166680135946 Y103.05759557319173 F300
G1 X32.68675795617643 Y103.37019251329217 F300
G1 X32.79944565148758 Y103.67005638047611 F300
G1 X32.852924557736955 Y103.9145313804732 F300
G1 X32.76379304732134 Y104.03613222682596 F300
G1 X32.49767182336617 Y103.86996562526542 F300
G1 X32.34360164107633 Y103.49879654974902 F300
G1 X32.30985899784756 Y103.47269375027014 F300
G1 X32.262109974410635 Y103.47269375027014 F300
G1 X32.228367331181865 Y103.5108929690197 F300
G1 X32.228367331181865 Y103.52235273464454 F300
G1 X32.42891322961699 Y103.95336725286859 F300
G1 X32.77143289107126 Y104.1411800783872 F300
G1 X33.01718119836 Y104.04568203151334 F300
G1 X33.117772474400475 Y103.80311699245372 F300
G1 X33.08402983117171 Y103.64395358099726 F300
G1 X33.002538164506014 Y103.42685468777069 F300
G1 X32.90449350304885 Y103.15054700548231 F300
G1 X32.849104635862 Y102.93535807319317 F300
G1 X32.82745841190392 Y102.72462571642485 F300
G1 X32.88475724002824 Y102.49606705757338 F300
G1 X33.06811349002606 Y102.40247897163701 F300
G1 X33.52141088585401 Y102.71061933621668 F300
G1 X33.83018790407951 Y103.96610032578512 F300
G1 X33.89321661501626 Y104.05841510442984 F300
G1 X34.00081108116082 Y104.09725097682522 F300
G1 X34.08739597699312 Y104.06541829453393 F300
G1 X34.12432188845102 Y103.98201666693075 F300
G1 X34.120501966576064 Y103.95018398463948 F300
G1 X33.7162269014767 Y102.32862714872121 F300
G1 X33.519500924916535 Y101.92880865914263 F300
G1 X33.174434648878965 Y101.62130494820879 F300
G1 X32.753606588988134 Y101.50479733102266 F300
G1 X32.54414753951144 Y101.54617981800135 F300
G1 X32.377344284305096 Y101.66841731799988 F300
G1 X32.31367891972252 Y101.85941341174764 F300
G1 X32.37925424524257 Y102.05231946643282 F300
G1 X32.554333997844665 Y102.13381113309852 F300
G1 X32.66511173221834 Y102.0930652997657 F300
G1 X32.709677487426156 Y101.98674414091279 F300
G1 X32.63964558638532 Y101.8237608075814 F300
G1 X32.477298906699744 Y101.75372890654056 F300
G1 X32.46902240930401 Y101.75691217476967 F300
G1 X32.4613825655541 Y101.7575488284155 F300;svg > g > g > g#figure_1 > g#text_1 > g > use > path#Cmmi10-64
M3 S90
G4 P0.2
G0 X30.999637174467292 Y96.81256901076588
M3 S30
G4 P0.2
G1 X30.59408880207628 Y97.00674837274275 F300
G1 X30.4463851562447 Y97.4651389977373 F300
G1 X30.581355729159757 Y98.00629459668922 F300
G1 X30.946794921863752 Y98.47296171907952 F300
G1 X31.440838151024554 Y98.65886458366064 F300
G1 X31.656663736959494 Y98.59201595084893 F300
G1 X31.806913997374377 Y98.41438958366354 F300
G1 X32.03610930987165 Y99.32353098990272 F300
G1 X32.05584557289225 Y99.43303541698477 F300
G1 X31.790997656228726 Y99.49861074250484 F300
G1 X31.749615169250053 Y99.55208964875419 F300
G1 X31.758528320291614 Y99.58774225292044 F300
G1 X31.776354622374736 Y99.62785143260746 F300
G1 X31.806913997374377 Y99.64185781281562 F300
G1 X32.35634609372201 Y99.6857869143776 F300
G1 X32.40600507809643 Y99.6335813154199 F300
G1 X31.819010416645067 Y97.29005924513521 F300
G1 X31.790997656228726 Y97.09524322951253 F300
G1 X31.908778580706496 Y96.92016347691045 F300
G1 X32.10232128903753 Y97.08187350295019 F300
G1 X32.2150089843487 Y97.4574991539874 F300
G1 X32.24684166663998 Y97.48105533888295 F300
G1 X32.29650065101439 Y97.48105533888295 F300
G1 X32.32196679684742 Y97.4670489586748 F300
G1 X32.332153255180636 Y97.44158281284174 F300
G1 X32.176173111953325 Y96.98446549513885 F300
G1 X31.90050208331076 Y96.81256901076588 F300
G1 X31.657937044251142 Y96.89278737013994 F300
G1 X31.526786393211026 Y97.10733964878321 F300
G1 X30.999637174467292 Y96.81256901076588 F300
M3 S90
G4 P0.2
G0 X31.003457096342245 Y96.92016347691045
M3 S30
G4 P0.2
G1 X31.288677929672193 Y97.0303045576383 F300
G1 X31.526786393211026 Y97.29005924513521 F300
G1 X31.530606315085986 Y97.30597558628087 F300
G1 X31.753435091125006 Y98.2036572268952 F300
G1 X31.647750585917926 Y98.45004218782977 F300
G1 X31.43128834633717 Y98.55381673209938 F300
G1 X31.175353580715203 Y98.44112903678821 F300
G1 X30.975444335925914 Y98.17564446647887 F300
G1 X30.823284114573553 Y97.72807695346334 F300
G1 X30.750705598949413 Y97.28623932326028 F300
G1 X30.811187695302863 Y97.03221451857577 F300
G1 X31.003457096342245 Y96.92016347691045 F300;svg > g > g > g#figure_1 > g#text_1 > g > use > path#Cmmi10-74
M3 S90
G4 P0.2
G0 X32.66265606815588 Y97.18883131544892
M3 S30
G4 P0.2
G1 X32.67475248742657 Y97.30215566440592 F300
G1 X32.96888647179807 Y98.47168841178785 F300
G1 X32.541055221803155 Y98.47168841178785 F300
G1 X32.499672734824486 Y98.52580397168303 F300
G1 X32.553151641073846 Y98.61493548209864 F300
G1 X33.004539075964324 Y98.61493548209864 F300
G1 X33.16815906294154 Y99.27960188834076 F300
G1 X33.23182442752412 Y99.37128001333967 F300
G1 X33.33878224002285 Y99.4088425784434 F300
G1 X33.42536713585516 Y99.37764654979793 F300
G1 X33.46038308637558 Y99.2955182294864 F300
G1 X33.459109779083924 Y99.27641862011163 F300
G1 X33.45656316450062 Y99.26177558625766 F300
G1 X33.29357983116922 Y98.61493548209864 F300
G1 X33.71313458376841 Y98.61493548209864 F300
G1 X33.755153724392905 Y98.56145657584929 F300
G1 X33.74687722699717 Y98.5270772789747 F300
G1 X33.73096088585153 Y98.48760475293349 F300
G1 X33.70103816449772 Y98.47168841178785 F300
G1 X33.25729057335715 Y98.47168841178785 F300
G1 X32.96506654992312 Y97.29387916701018 F300
G1 X32.93514382856931 Y97.09524322951253 F300
G1 X33.054834713984555 Y96.92016347691045 F300
G1 X33.37188822960579 Y97.08824003940846 F300
G1 X33.583893893665774 Y97.4574991539874 F300
G1 X33.61572657595706 Y97.48105533888295 F300
G1 X33.66538556033147 Y97.48105533888295 F300
G1 X33.6908517061645 Y97.4702322269039 F300
G1 X33.70103816449772 Y97.44540273471671 F300
G1 X33.69721824262276 Y97.43330631544603 F300
G1 X33.4361902478342 Y96.99974518263868 F300
G1 X33.044648255651346 Y96.81256901076588 F300
G1 X32.77279714888374 Y96.91761686232714 F300
G1 X32.66265606815588 Y97.18883131544892 F300;svg > g > g > g#figure_1 > g#text_1 > g > use > path#Cmr10-3d
M3 S90
G4 P0.2
G0 X36.30349636759182 Y100.09506422901858
M3 S30
G4 P0.2
G1 X36.22345990925943 Y100.13144443735148 F300
G1 X36.192536732176464 Y100.21148089568386 F300
G1 X36.22345990925943 Y100.29333636443289 F300
G1 X36.30349636759182 Y100.32789756234914 F300
G1 X39.95879779984007 Y100.32789756234914 F300
G1 X40.0324677217142 Y100.29333636443289 F300
G1 X40.064300404005486 Y100.21148089568386 F300
G1 X40.0324677217142 Y100.13144443735148 F300
G1 X39.95879779984007 Y100.09506422901858 F300
G1 X36.30349636759182 Y100.09506422901858 F300
M3 S90
G4 P0.2
G0 X36.30349636759182 Y101.2264887081718
M3 S30
G4 P0.2
G1 X36.22345990925943 Y101.26014040087975 F300
G1 X36.192536732176464 Y101.34290537483709 F300
G1 X36.22345990925943 Y101.42203232796115 F300
G1 X36.30349636759182 Y101.45932204150238 F300
G1 X39.95879779984007 Y101.45932204150238 F300
G1 X40.0324677217142 Y101.42203232796115 F300
G1 X40.064300404005486 Y101.34290537483709 F300
G1 X40.0324677217142 Y101.26014040087975 F300
G1 X39.95879779984007 Y101.2264887081718 F300
G1 X36.30349636759182 Y101.2264887081718 F300;svg > g > g > g#figure_1 > g#text_1 > g > use > path#Cmmi10-6e
M3 S90
G4 P0.2
G0 X41.859322642609165 Y99.42112086965157
M3 S30
G4 P0.2
G1 X41.864779673859104 Y99.47296266652597 F300
G1 X42.29952316343727 Y101.20920810921368 F300
G1 X42.34226990822843 Y101.49388323941864 F300
G1 X42.17219243427211 Y101.74399717170733 F300
G1 X41.902069387400324 Y101.52571592170993 F300
G1 X41.73108240823569 Y100.97637477588312 F300
G1 X41.71380180927756 Y100.94908961963344 F300
G1 X41.682878632194594 Y100.93908506234187 F300
G1 X41.614665741570406 Y100.93908506234187 F300
G1 X41.58010454365415 Y100.9600036821333 F300
G1 X41.56646196552931 Y100.99911240609117 F300
G1 X41.68742615823621 Y101.42748935921108 F300
G1 X41.86932719990072 Y101.74854469774893 F300
G1 X42.17764946552206 Y101.89406553108054 F300
G1 X42.5632796738508 Y101.75582073941553 F300
G1 X42.73153813739047 Y101.40566123421134 F300
G1 X43.138086965510645 Y101.76309678108211 F300
G1 X43.63285779883811 Y101.89406553108054 F300
G1 X43.990293345708864 Y101.8231241248314 F300
G1 X44.22494568945607 Y101.60848089566727 F300
G1 X44.30952967383007 Y101.266506937338 F300
G1 X44.20220805924801 Y100.68897113005319 F300
G1 X43.936632538417825 Y99.93317230193716 F300
G1 X43.854777069668806 Y99.58392230194131 F300
G1 X43.9875648300839 Y99.4102068071517 F300
G1 X44.36682850195439 Y99.65395420298215 F300
G1 X44.58238123632683 Y100.17782920297593 F300
G1 X44.630585012367916 Y100.21148089568386 F300
G1 X44.69879790299211 Y100.21148089568386 F300
G1 X44.73699712174166 Y100.19692881235069 F300
G1 X44.75245871028314 Y100.16054860401779 F300
G1 X44.747001679033204 Y100.14326800505968 F300
G1 X44.46960259049484 Y99.5348090206919 F300
G1 X43.976650767584026 Y99.2565004269452 F300
G1 X43.626491262379844 Y99.39747373423519 F300
G1 X43.48187993425656 Y99.73944769256447 F300
G1 X43.527355194672694 Y99.9668239946451 F300
G1 X43.69652316342068 Y100.42157659880637 F300
G1 X43.85295805925216 Y100.9272614946337 F300
G1 X43.91389490820977 Y101.35381943733695 F300
G1 X43.8465915227939 Y101.630309020667 F300
G1 X43.62103423112992 Y101.74399717170733 F300
G1 X43.229037486342904 Y101.64940863004178 F300
G1 X42.91616769467995 Y101.40111370816973 F300
G1 X42.67242029884951 Y101.0327640987991 F300
G1 X42.2767855332292 Y99.4502250363179 F300
G1 X42.18674451760528 Y99.31379925506951 F300
G1 X42.03212863219045 Y99.2565004269452 F300
G1 X41.91025493427523 Y99.30197568736133 F300
G1 X41.859322642609165 Y99.42112086965157 F300;svg > g > g > g#figure_1 > g#text_1 > g > use > path#Cmmi10-74
M3 S90
G4 P0.2
G0 X45.2641690417354 Y99.7940180050638
M3 S30
G4 P0.2
G1 X45.28144964069353 Y99.95590993214522 F300
G1 X45.70164104693854 Y101.62667099983372 F300
G1 X45.090453546945795 Y101.62667099983372 F300
G1 X45.031335708404825 Y101.70397894254113 F300
G1 X45.107734145903926 Y101.8313096717063 F300
G1 X45.752573338604606 Y101.8313096717063 F300
G1 X45.98631617714349 Y102.78083310919502 F300
G1 X46.07726669797575 Y102.91180185919347 F300
G1 X46.23006357297393 Y102.96546266648447 F300
G1 X46.35375628130579 Y102.92089691127667 F300
G1 X46.40377906776354 Y102.80357073940307 F300
G1 X46.401960057346884 Y102.7762855831534 F300
G1 X46.398322036513605 Y102.75536696336198 F300
G1 X46.16548870318303 Y101.8313096717063 F300
G1 X46.76485263546758 Y101.8313096717063 F300
G1 X46.82487997921687 Y101.7549112342072 F300
G1 X46.81305641150868 Y101.70579795295778 F300
G1 X46.79031878130061 Y101.64940863004178 F300
G1 X46.747572036509446 Y101.62667099983372 F300
G1 X46.113646906308645 Y101.62667099983372 F300
G1 X45.69618401568861 Y99.94408636443704 F300
G1 X45.65343727089744 Y99.66032073944041 F300
G1 X45.82442425006209 Y99.4102068071517 F300
G1 X46.277357843806705 Y99.65031618214886 F300
G1 X46.58022307817811 Y100.17782920297593 F300
G1 X46.62569833859423 Y100.21148089568386 F300
G1 X46.696639744843395 Y100.21148089568386 F300
G1 X46.733019953176296 Y100.19601930714236 F300
G1 X46.747572036509446 Y100.16054860401779 F300
G1 X46.74211500525952 Y100.14326800505968 F300
G1 X46.369217869847276 Y99.52389495819203 F300
G1 X45.80987216672892 Y99.2565004269452 F300
G1 X45.4215134427752 Y99.40656878631842 F300
G1 X45.2641690417354 Y99.7940180050638 F300;svg > g > g > g#figure_1 > g#text_1 > g > use > path#Cmmi10-6e
M3 S90
G4 P0.2
G0 X47.90988791099565 Y101.61866732489631
M3 S30
G4 P0.2
G1 X47.91370783287061 Y101.65495658270837 F300
G1 X48.21802827557532 Y102.87032839258978 F300
G1 X48.247950996929134 Y103.06960098373322 F300
G1 X48.12889676515972 Y103.24468073633533 F300
G1 X47.93981063234946 Y103.09188386133714 F300
G1 X47.820119746934225 Y102.7073450592584 F300
G1 X47.80802332766353 Y102.68824544988361 F300
G1 X47.786377103705455 Y102.68124225977952 F300
G1 X47.73862808026852 Y102.68124225977952 F300
G1 X47.714435241727145 Y102.69588529363352 F300
G1 X47.704885437039756 Y102.72326140040401 F300
G1 X47.789560371934584 Y103.02312526758797 F300
G1 X47.916891101099736 Y103.24786400456446 F300
G1 X48.13271668703467 Y103.34972858789658 F300
G1 X48.4026578328648 Y103.25295723373107 F300
G1 X48.52043875734257 Y103.00784558008816 F300
G1 X48.80502293702669 Y103.25805046289767 F300
G1 X49.15136252035591 Y103.34972858789658 F300
G1 X49.40156740316544 Y103.30006960352219 F300
G1 X49.56582404378849 Y103.1498193431073 F300
G1 X49.62503283285028 Y102.91043757227679 F300
G1 X49.54990770264284 Y102.50616250717744 F300
G1 X49.36400483806172 Y101.97710332749621 F300
G1 X49.3067060099374 Y101.73262832749913 F300
G1 X49.39965744222796 Y101.61102748114641 F300
G1 X49.66514201253731 Y101.78165065822769 F300
G1 X49.816028926598015 Y102.14836315822336 F300
G1 X49.849771569826785 Y102.1719193431189 F300
G1 X49.897520593263714 Y102.1719193431189 F300
G1 X49.92426004638839 Y102.16173288478569 F300
G1 X49.93508315836743 Y102.13626673895266 F300
G1 X49.93126323649248 Y102.12417031968198 F300
G1 X49.73708387451562 Y101.69824903062452 F300
G1 X49.39201759847805 Y101.50343301500183 F300
G1 X49.14690594483513 Y101.60211433010484 F300
G1 X49.04567801514883 Y101.84149610093532 F300
G1 X49.07751069744012 Y102.00065951239178 F300
G1 X49.19592827556371 Y102.31898633530466 F300
G1 X49.305432702645746 Y102.67296576238378 F300
G1 X49.34808849691607 Y102.97155632227607 F300
G1 X49.30097612712497 Y103.1650990306071 F300
G1 X49.14308602296017 Y103.24468073633533 F300
G1 X48.86868830160926 Y103.17846875716944 F300
G1 X48.649679447445195 Y103.00466231185902 F300
G1 X48.47905627036389 Y102.74681758529958 F300
G1 X48.20211193442969 Y101.63904024156272 F300
G1 X48.13908322349293 Y101.54354219468887 F300
G1 X48.03085210370255 Y101.50343301500183 F300
G1 X47.945540515161895 Y101.53526569729314 F300
G1 X47.90988791099565 Y101.61866732489631 F300;svg > g > g > g#figure_1 > g#text_1 > g > use > path#Cmsy10-a1
M3 S90
G4 P0.2
G0 X51.17170325093609 Y102.48642624415685
M3 S30
G4 P0.2
G1 X51.11567773010342 Y102.51189238998987 F300
G1 X51.09403150614534 Y102.56791791082253 F300
G1 X51.11567773010342 Y102.62330677800936 F300
G1 X51.17170325093609 Y102.64940957748823 F300
G1 X53.50949543840832 Y102.64940957748823 F300
G1 X53.56233769101186 Y102.62330677800936 F300
G1 X53.583347261324114 Y102.56791791082253 F300
G1 X53.56233769101186 Y102.51189238998987 F300
G1 X53.50949543840832 Y102.48642624415685 F300
G1 X51.17170325093609 Y102.48642624415685 F300;svg > g > g > g#figure_1 > g#text_1 > g > use > path#Cmr10-31
M3 S90
G4 P0.2
G0 X55.014942598411274 Y101.5492720775013
M3 S30
G4 P0.2
G1 X55.014942598411274 Y101.69251914781209 F300
G1 X55.524265515071896 Y101.82175983791474 F300
G1 X55.524265515071896 Y103.96091608788932 F300
G1 X54.9907497598699 Y103.8590515045572 F300
G1 X54.9907497598699 Y104.00229857486801 F300
G1 X55.745184330173444 Y104.26332656965657 F300
G1 X55.802483158297754 Y104.26332656965657 F300
G1 X55.82922261142244 Y104.2518668040317 F300
G1 X55.84259233798479 Y104.2270373118445 F300
G1 X55.84259233798479 Y101.82175983791474 F300
G1 X56.3519152546454 Y101.69251914781209 F300
G1 X56.3519152546454 Y101.5492720775013 F300
G1 X55.014942598411274 Y101.5492720775013 F300;svg > g > g > g#figure_1 > g#text_1 > g > use > path#Cmmi10-3a
M3 S90
G4 P0.2
G0 X57.53459030863136 Y99.64304014048228
M3 S30
G4 P0.2
G1 X57.63099786071355 Y99.86768792693793 F300
G1 X57.85564564716922 Y99.96136696339516 F300
G1 X58.011171037792366 Y99.918620218604 F300
G1 X58.13122572529094 Y99.79947503631374 F300
G1 X58.1739724700821 Y99.64304014048228 F300
G1 X58.079383928416554 Y99.41839235402661 F300
G1 X57.85564564716922 Y99.32198480194441 F300
G1 X57.63099786071355 Y99.41839235402661 F300
G1 X57.53459030863136 Y99.64304014048228 F300;svg > g > g > g#figure_1 > g#text_1 > g > path
M3 S90
G4 P0.2
G0 X29.999999999999996 Y100.04958896860246
M3 S30
G4 P0.2
G1 X29.999999999999996 Y100.41339105193147 F300
G1 X34.116363703326115 Y100.41339105193147 F300
G1 X34.116363703326115 Y100.04958896860246 F300
G1 X29.999999999999996 Y100.04958896860246 F300;svg > g > g > g#layer1 > polyline
M3 S90
G4 P0.2
G0 X17.231072499973504 Y90.61302522168214
M3 S30
G4 P0.2
G1 X17.231072499973504 Y90.61302522168214 F300
G1 X17.04514979164238 Y90.427102513351 F300
G1 X17.04514979164238 Y90.05525709668875 F300
G1 X17.231072499973504 Y89.86933438835761 F300
G1 X17.602917916635757 Y89.86933438835761 F300
G1 X17.78884062496688 Y90.24117980501988 F300
G1 X17.78884062496688 Y90.61302522168214 F300
G1 X17.602917916635757 Y90.98487063834439 F300
G1 X17.231072499973504 Y91.17079334667552 F300
G1 X16.67330437498013 Y91.17079334667552 F300
G1 X16.301458958317877 Y90.98487063834439 F300
G1 X16.115536249986754 Y90.79894793001326 F300
G1 X15.929613541655625 Y90.427102513351 F300
G1 X15.929613541655625 Y90.05525709668875 F300
G1 X16.115536249986754 Y89.6834116800265 F300
G1 X16.487381666649007 Y89.49748897169539 F300;svg > g > g > g#layer1 > polyline
M3 S90
G4 P0.2
G0 X16.67330437498013 Y91.17079334667552
M3 S30
G4 P0.2
G1 X16.67330437498013 Y91.17079334667552 F300
G1 X16.301458958317877 Y90.79894793001326 F300
G1 X16.115536249986754 Y90.427102513351 F300
G1 X16.115536249986754 Y89.86933438835761 F300
G1 X16.487381666649007 Y89.49748897169539 F300;svg > g > g > g#layer1 > polyline
M3 S90
G4 P0.2
G0 X16.487381666649007 Y89.49748897169539
M3 S30
G4 P0.2
G1 X16.487381666649007 Y89.49748897169539 F300
G1 X16.115536249986754 Y89.49748897169539 F300
G1 X15.557768124993377 Y89.31156626336426 F300
G1 X15.185922708331125 Y88.939720846702 F300
G1 X14.999999999999998 Y88.56787543003976 F300
G1 X14.999999999999998 Y88.01008084671305 F300
G1 X15.185922708331125 Y87.63823543005078 F300
G1 X15.37184541666225 Y87.45231272171968 F300
G1 X15.7436908333245 Y87.26639001338856 F300
G1 X16.301458958317877 Y87.26639001338856 F300
G1 X16.859227083311254 Y87.45231272171968 F300
G1 X17.231072499973504 Y87.82415813838192 F300
G1 X17.41699520830463 Y88.19600355504417 F300
G1 X17.41699520830463 Y88.56787543003976 F300
G1 X17.231072499973504 Y88.939720846702 F300
G1 X16.859227083311254 Y88.939720846702 F300
G1 X16.487381666649007 Y88.75379813837087 F300
G1 X16.301458958317877 Y88.38192626337528 F300;svg > g > g > g#layer1 > polyline
M3 S90
G4 P0.2
G0 X16.115536249986754 Y89.49748897169539
M3 S30
G4 P0.2
G1 X16.115536249986754 Y89.49748897169539 F300
G1 X15.7436908333245 Y89.31156626336426 F300
G1 X15.37184541666225 Y88.939720846702 F300
G1 X15.185922708331125 Y88.56787543003976 F300
G1 X15.185922708331125 Y87.82415813838192 F300
G1 X15.37184541666225 Y87.45231272171968 F300;svg > g > g > g#layer1 > polyline
M3 S90
G4 P0.2
G0 X18.160686041629134 Y88.19600355504417
M3 S30
G4 P0.2
G1 X18.160686041629134 Y88.19600355504417 F300
G1 X18.532557916624715 Y88.75379813837087 F300
G1 X18.904403333286968 Y88.939720846702 F300
G1 X19.276248749949218 Y88.939720846702 F300
G1 X19.462171458280345 Y88.75379813837087 F300
G1 X19.462171458280345 Y88.38192626337528 F300
G1 X19.276248749949218 Y87.82415813838192 F300
G1 X19.09032604161809 Y87.45231272171968 F300
G1 X18.718480624955845 Y87.26639001338856 F300
G1 X18.532557916624715 Y87.26639001338856 F300
G1 X18.346608749960257 Y87.45231272171968 F300
G1 X18.346608749960257 Y87.63823543005078 F300
G1 X18.532557916624715 Y87.63823543005078 F300
G1 X18.346608749960257 Y87.45231272171968 F300;svg > g > g > g#layer1 > polyline
M3 S90
G4 P0.2
G0 X20.5777077082671 Y88.75379813837087
M3 S30
G4 P0.2
G1 X20.5777077082671 Y88.75379813837087 F300
G1 X20.39178499993597 Y88.56787543003976 F300
G1 X20.5777077082671 Y88.56787543003976 F300
G1 X20.5777077082671 Y88.75379813837087 F300
G1 X20.39178499993597 Y88.939720846702 F300
G1 X20.205862291604845 Y88.939720846702 F300
G1 X19.834016874942595 Y88.75379813837087 F300
G1 X19.648094166611468 Y88.38192626337528 F300
G1 X19.462171458280345 Y87.82415813838192 F300
G1 X19.462171458280345 Y87.45231272171968 F300
G1 X19.648094166611468 Y87.26639001338856 F300
G1 X20.205862291604845 Y87.26639001338856 F300
G1 X20.76363041659822 Y87.63823543005078 F300
G1 X21.135475833260475 Y88.19600355504417 F300;svg > g > g > g#layer1 > line
M3 S90
G4 P0.2
G0 X19.462171458280345 Y88.75379813837087
M3 S30
G4 P0.2
G1 X19.648094166611468 Y88.38192626337528 F300;svg > g > g > g#layer1 > line
M3 S90
G4 P0.2
G0 X19.834016874942595 Y88.75379813837087
M3 S30
G4 P0.2
G1 X19.462171458280345 Y88.38192626337528 F300;svg > g > g > g#layer1 > line
M3 S90
G4 P0.2
G0 X19.276248749949218 Y87.82415813838192
M3 S30
G4 P0.2
G1 X19.462171458280345 Y87.45231272171968 F300;svg > g > g > g#layer1 > line
M3 S90
G4 P0.2
G0 X19.462171458280345 Y87.82415813838192
M3 S30
G4 P0.2
G1 X19.09032604161809 Y87.45231272171968 F300;svg > g > g > g#layer1 > polyline
M3 S90
G4 P0.2
G0 X22.994702916571725 Y88.38192626337528
M3 S30
G4 P0.2
G1 X22.994702916571725 Y88.38192626337528 F300
G1 X22.808780208240602 Y88.75379813837087 F300
G1 X22.436934791578352 Y88.939720846702 F300
G1 X22.065089374916102 Y88.939720846702 F300
G1 X21.693243958253852 Y88.75379813837087 F300
G1 X21.507321249922725 Y88.56787543003976 F300
G1 X21.3213985415916 Y88.19600355504417 F300
G1 X21.3213985415916 Y87.82415813838192 F300
G1 X21.507321249922725 Y87.45231272171968 F300
G1 X21.879166666584975 Y87.26639001338856 F300
G1 X22.251012083247225 Y87.26639001338856 F300
G1 X22.62285749990948 Y87.45231272171968 F300
G1 X22.808780208240602 Y87.82415813838192 F300;svg > g > g > g#layer1 > polyline
M3 S90
G4 P0.2
G0 X22.065089374916102 Y88.939720846702
M3 S30
G4 P0.2
G1 X22.065089374916102 Y88.939720846702 F300
G1 X21.693243958253852 Y88.56787543003976 F300
G1 X21.507321249922725 Y88.19600355504417 F300
G1 X21.507321249922725 Y87.63823543005078 F300
G1 X21.879166666584975 Y87.26639001338856 F300;svg > g > g > g#layer1 > polyline
M3 S90
G4 P0.2
G0 X23.180625624902856 Y88.939720846702
M3 S30
G4 P0.2
G1 X23.180625624902856 Y88.939720846702 F300
G1 X22.808780208240602 Y87.82415813838192 F300
G1 X22.808780208240602 Y87.45231272171968 F300
G1 X23.180625624902856 Y87.26639001338856 F300
G1 X23.552471041565106 Y87.45231272171968 F300
G1 X23.738393749896233 Y87.63823543005078 F300
G1 X24.110239166558483 Y88.19600355504417 F300;svg > g > g > g#layer1 > polyline
M3 S90
G4 P0.2
G0 X23.36654833323398 Y88.939720846702
M3 S30
G4 P0.2
G1 X23.36654833323398 Y88.939720846702 F300
G1 X22.994702916571725 Y87.82415813838192 F300
G1 X22.994702916571725 Y87.45231272171968 F300
G1 X23.180625624902856 Y87.26639001338856 F300;svg > g > g > g#layer1 > polyline
M3 S90
G4 P0.2
G0 X24.110239166558483 Y88.19600355504417
M3 S30
G4 P0.2
G1 X24.110239166558483 Y88.19600355504417 F300
G1 X24.482084583220733 Y88.75379813837087 F300
G1 X24.853929999882986 Y88.939720846702 F300
G1 X25.225775416545236 Y88.75379813837087 F300
G1 X25.225775416545236 Y88.38192626337528 F300
G1 X24.853929999882986 Y87.26639001338856 F300;svg > g > g > g#layer1 > polyline
M3 S90
G4 P0.2
G0 X24.853929999882986 Y88.939720846702
M3 S30
G4 P0.2
G1 X24.853929999882986 Y88.939720846702 F300
G1 X25.03985270821411 Y88.75379813837087 F300
G1 X25.03985270821411 Y88.38192626337528 F300
G1 X24.66800729155186 Y87.26639001338856 F300;svg > g > g > g#layer1 > polyline
M3 S90
G4 P0.2
G0 X25.225775416545236 Y88.38192626337528
M3 S30
G4 P0.2
G1 X25.225775416545236 Y88.38192626337528 F300
G1 X25.597647291540817 Y88.75379813837087 F300
G1 X25.96949270820307 Y88.939720846702 F300
G1 X26.155415416534193 Y88.939720846702 F300
G1 X26.52726083319645 Y88.75379813837087 F300
G1 X26.52726083319645 Y88.38192626337528 F300
G1 X26.155415416534193 Y87.26639001338856 F300;svg > g > g > g#layer1 > polyline
M3 S90
G4 P0.2
G0 X26.155415416534193 Y88.939720846702
M3 S30
G4 P0.2
G1 X26.155415416534193 Y88.939720846702 F300
G1 X26.341338124865324 Y88.75379813837087 F300
G1 X26.341338124865324 Y88.38192626337528 F300
G1 X25.96949270820307 Y87.26639001338856 F300;svg > g > g > g#layer1 > polyline
M3 S90
G4 P0.2
G0 X26.52726083319645 Y88.38192626337528
M3 S30
G4 P0.2
G1 X26.52726083319645 Y88.38192626337528 F300
G1 X26.899106249858697 Y88.75379813837087 F300
G1 X27.270951666520947 Y88.939720846702 F300
G1 X27.456874374852077 Y88.939720846702 F300
G1 X27.828719791514324 Y88.75379813837087 F300
G1 X27.828719791514324 Y88.38192626337528 F300
G1 X27.642797083183194 Y87.82415813838192 F300
G1 X27.642797083183194 Y87.45231272171968 F300
G1 X27.828719791514324 Y87.26639001338856 F300;svg > g > g > g#layer1 > polyline
M3 S90
G4 P0.2
G0 X27.456874374852077 Y88.939720846702
M3 S30
G4 P0.2
G1 X27.456874374852077 Y88.939720846702 F300
G1 X27.642797083183194 Y88.75379813837087 F300
G1 X27.642797083183194 Y88.38192626337528 F300
G1 X27.456874374852077 Y87.82415813838192 F300
G1 X27.456874374852077 Y87.45231272171968 F300
G1 X27.828719791514324 Y87.26639001338856 F300
G1 X28.200565208176574 Y87.45231272171968 F300
G1 X28.386487916507704 Y87.63823543005078 F300
G1 X28.758333333169954 Y88.19600355504417 F300;svg > g > g > g#layer1 > polyline
M3 S90
G4 P0.2
G0 X28.758333333169954 Y88.19600355504417
M3 S30
G4 P0.2
G1 X28.758333333169954 Y88.19600355504417 F300
G1 X29.1301787498322 Y88.75379813837087 F300
G1 X29.502024166494454 Y89.49748897169539 F300;svg > g > g > g#layer1 > line
M3 S90
G4 P0.2
G0 X29.68794687482558 Y90.05525709668875
M3 S30
G4 P0.2
G1 X28.014642499845458 Y85.03531751341505 F300;svg > g > g > g#layer1 > line
M3 S90
G4 P0.2
G0 X29.873869583156704 Y90.05525709668875
M3 S30
G4 P0.2
G1 X28.200565208176574 Y85.03531751341505 F300;svg > g > g > g#layer1 > polyline
M3 S90
G4 P0.2
G0 X29.316101458163324 Y88.38192626337528
M3 S30
G4 P0.2
G1 X29.316101458163324 Y88.38192626337528 F300
G1 X29.68794687482558 Y88.75379813837087 F300
G1 X30.059792291487835 Y88.939720846702 F300
G1 X30.24571499981896 Y88.939720846702 F300
G1 X30.617560416481208 Y88.75379813837087 F300
G1 X30.617560416481208 Y88.38192626337528 F300
G1 X30.431637708150085 Y87.82415813838192 F300
G1 X30.431637708150085 Y87.45231272171968 F300
G1 X30.617560416481208 Y87.26639001338856 F300;svg > g > g > g#layer1 > polyline
M3 S90
G4 P0.2
G0 X30.24571499981896 Y88.939720846702
M3 S30
G4 P0.2
G1 X30.24571499981896 Y88.939720846702 F300
G1 X30.431637708150085 Y88.75379813837087 F300
G1 X30.431637708150085 Y88.38192626337528 F300
G1 X30.24571499981896 Y87.82415813838192 F300
G1 X30.24571499981896 Y87.45231272171968 F300
G1 X30.617560416481208 Y87.26639001338856 F300
G1 X30.989405833143454 Y87.45231272171968 F300
G1 X31.175328541474585 Y87.63823543005078 F300
G1 X31.54717395813683 Y88.19600355504417 F300;svg > g > g > g#layer1 > polyline
M3 S90
G4 P0.2
G0 X31.54717395813683 Y88.19600355504417
M3 S30
G4 P0.2
G1 X31.54717395813683 Y88.19600355504417 F300
G1 X31.91901937479908 Y88.75379813837087 F300
G1 X32.290891249794676 Y89.49748897169539 F300;svg > g > g > g#layer1 > polyline
M3 S90
G4 P0.2
G0 X32.84865937478804 Y91.17079334667552
M3 S30
G4 P0.2
G1 X32.84865937478804 Y91.17079334667552 F300
G1 X31.733096666467965 Y87.82415813838192 F300
G1 X31.733096666467965 Y87.45231272171968 F300
G1 X32.10494208313022 Y87.26639001338856 F300
G1 X32.476813958125796 Y87.45231272171968 F300
G1 X32.66273666645692 Y87.63823543005078 F300
G1 X33.03458208311917 Y88.19600355504417 F300;svg > g > g > g#layer1 > polyline
M3 S90
G4 P0.2
G0 X33.03458208311917 Y91.17079334667552
M3 S30
G4 P0.2
G1 X33.03458208311917 Y91.17079334667552 F300
G1 X31.91901937479908 Y87.82415813838192 F300
G1 X31.91901937479908 Y87.45231272171968 F300
G1 X32.10494208313022 Y87.26639001338856 F300;svg > g > g > g#layer1 > polyline
M3 S90
G4 P0.2
G0 X33.59235020811255 Y87.63823543005078
M3 S30
G4 P0.2
G1 X33.59235020811255 Y87.63823543005078 F300
G1 X33.964195624774796 Y87.82415813838192 F300
G1 X34.15011833310592 Y88.01008084671305 F300
G1 X34.336041041437056 Y88.38192626337528 F300
G1 X34.336041041437056 Y88.75379813837087 F300
G1 X34.15011833310592 Y88.939720846702 F300
G1 X33.964195624774796 Y88.939720846702 F300
G1 X33.59235020811255 Y88.75379813837087 F300
G1 X33.40642749978143 Y88.56787543003976 F300
G1 X33.220504791450296 Y88.19600355504417 F300
G1 X33.220504791450296 Y87.82415813838192 F300
G1 X33.40642749978143 Y87.45231272171968 F300
G1 X33.778272916443676 Y87.26639001338856 F300
G1 X34.336041041437056 Y87.26639001338856 F300
G1 X34.89380916643043 Y87.63823543005078 F300
G1 X35.265654583092676 Y88.19600355504417 F300;svg > g > g > g#layer1 > polyline
M3 S90
G4 P0.2
G0 X33.964195624774796 Y88.939720846702
M3 S30
G4 P0.2
G1 X33.964195624774796 Y88.939720846702 F300
G1 X33.59235020811255 Y88.56787543003976 F300
G1 X33.40642749978143 Y88.19600355504417 F300
G1 X33.40642749978143 Y87.63823543005078 F300
G1 X33.778272916443676 Y87.26639001338856 F300;svg > g > g > g#layer1 > polygon
M3 S90
G4 P0.2
G0 X36.38119083307942 Y89.86933438835761
M3 S30
G4 P0.2
G1 X36.38119083307942 Y89.86933438835761 F300
G1 X36.1952681247483 Y89.6834116800265 F300
G1 X36.38119083307942 Y89.49748897169539 F300
G1 X36.567113541410556 Y89.6834116800265 F300
G1 X36.38119083307942 Y89.86933438835761 F300;svg > g > g > g#layer1 > polyline
M3 S90
G4 P0.2
G0 X35.82342270808605 Y87.63823543005078
M3 S30
G4 P0.2
G1 X35.82342270808605 Y87.63823543005078 F300
G1 X35.63749999975493 Y87.45231272171968 F300
G1 X35.82342270808605 Y87.26639001338856 F300
G1 X36.00934541641718 Y87.45231272171968 F300;svg > g > g > g#layer1 > polyline
M3 S90
G4 P0.2
G0 X40.47151687469752 Y90.427102513351
M3 S30
G4 P0.2
G1 X40.47151687469752 Y90.427102513351 F300
G1 X40.84336229135978 Y90.98487063834439 F300
G1 X41.21520770802202 Y91.17079334667552 F300
G1 X41.401130416353155 Y91.17079334667552 F300
G1 X41.7729758330154 Y90.79894793001326 F300
G1 X41.7729758330154 Y90.24117980501988 F300
G1 X41.58705312468428 Y89.6834116800265 F300
G1 X41.02928499969091 Y88.19600355504417 F300
G1 X41.02928499969091 Y87.63823543005078 F300
G1 X41.21520770802202 Y87.26639001338856 F300;svg > g > g > g#layer1 > polyline
M3 S90
G4 P0.2
G0 X41.401130416353155 Y91.17079334667552
M3 S30
G4 P0.2
G1 X41.401130416353155 Y91.17079334667552 F300
G1 X41.58705312468428 Y90.79894793001326 F300
G1 X41.58705312468428 Y90.24117980501988 F300
G1 X41.02928499969091 Y88.75379813837087 F300
G1 X40.84336229135978 Y88.19600355504417 F300
G1 X40.84336229135978 Y87.63823543005078 F300
G1 X41.21520770802202 Y87.26639001338856 F300
G1 X41.58705312468428 Y87.26639001338856 F300
G1 X41.958898541346535 Y87.45231272171968 F300
G1 X42.5166666663399 Y88.01008084671305 F300
G1 X42.88851208300215 Y88.56787543003976 F300
G1 X43.07443479133328 Y88.939720846702 F300;svg > g > g > g#layer1 > polyline
M3 S90
G4 P0.2
G0 X43.81812562465778 Y91.17079334667552
M3 S30
G4 P0.2
G1 X43.81812562465778 Y91.17079334667552 F300
G1 X43.07443479133328 Y88.939720846702 F300
G1 X42.88851208300215 Y88.19600355504417 F300
G1 X42.88851208300215 Y87.63823543005078 F300
G1 X43.260357499664416 Y87.26639001338856 F300
G1 X43.446280207995535 Y87.26639001338856 F300
G1 X43.81812562465778 Y87.45231272171968 F300
G1 X44.189971041320035 Y87.82415813838192 F300;svg > g > g > g#layer1 > polyline
M3 S90
G4 P0.2
G0 X44.00404833298891 Y91.17079334667552
M3 S30
G4 P0.2
G1 X44.00404833298891 Y91.17079334667552 F300
G1 X43.260357499664416 Y88.939720846702 F300
G1 X43.07443479133328 Y88.19600355504417 F300
G1 X43.07443479133328 Y87.63823543005078 F300
G1 X43.260357499664416 Y87.26639001338856 F300;svg > g > g > g#layer1 > polyline
M3 S90
G4 P0.2
G0 X44.37589374965117 Y88.19600355504417
M3 S30
G4 P0.2
G1 X44.37589374965117 Y88.19600355504417 F300
G1 X44.747739166313416 Y88.75379813837087 F300
G1 X44.93366187464453 Y89.12564355503312 F300
G1 X44.93366187464453 Y88.75379813837087 F300
G1 X45.491429999637916 Y88.38192626337528 F300
G1 X45.67735270796904 Y88.01008084671305 F300
G1 X45.67735270796904 Y87.63823543005078 F300
G1 X45.491429999637916 Y87.45231272171968 F300
G1 X45.11958458297566 Y87.26639001338856 F300;svg > g > g > g#layer1 > polyline
M3 S90
G4 P0.2
G0 X44.93366187464453 Y88.75379813837087
M3 S30
G4 P0.2
G1 X44.93366187464453 Y88.75379813837087 F300
G1 X45.30550729130678 Y88.38192626337528 F300
G1 X45.491429999637916 Y88.01008084671305 F300
G1 X45.491429999637916 Y87.63823543005078 F300
G1 X45.11958458297566 Y87.26639001338856 F300;svg > g > g > g#layer1 > polyline
M3 S90
G4 P0.2
G0 X44.37589374965117 Y87.45231272171968
M3 S30
G4 P0.2
G1 X44.37589374965117 Y87.45231272171968 F300
G1 X44.747739166313416 Y87.26639001338856 F300
G1 X45.67735270796904 Y87.26639001338856 F300
G1 X46.235147291295746 Y87.63823543005078 F300
G1 X46.606992707958 Y88.19600355504417 F300;svg > g > g > g#layer1 > polygon
M3 S90
G4 P0.2
G0 X47.536606249613634 Y90.05525709668875
M3 S30
G4 P0.2
G1 X47.536606249613634 Y90.05525709668875 F300
G1 X47.3506835412825 Y89.86933438835761 F300
G1 X47.536606249613634 Y89.6834116800265 F300
G1 X47.72252895794475 Y89.86933438835761 F300
G1 X47.536606249613634 Y90.05525709668875 F300;svg > g > g > g#layer1 > polyline
M3 S90
G4 P0.2
G0 X47.16476083295137 Y88.939720846702
M3 S30
G4 P0.2
G1 X47.16476083295137 Y88.939720846702 F300
G1 X46.79291541628912 Y87.82415813838192 F300
G1 X46.79291541628912 Y87.45231272171968 F300
G1 X47.16476083295137 Y87.26639001338856 F300
G1 X47.536606249613634 Y87.45231272171968 F300
G1 X47.72252895794475 Y87.63823543005078 F300
G1 X48.09437437460701 Y88.19600355504417 F300;svg > g > g > g#layer1 > polyline
M3 S90
G4 P0.2
G0 X47.3506835412825 Y88.939720846702
M3 S30
G4 P0.2
G1 X47.3506835412825 Y88.939720846702 F300
G1 X46.97883812462025 Y87.82415813838192 F300
G1 X46.97883812462025 Y87.45231272171968 F300
G1 X47.16476083295137 Y87.26639001338856 F300;svg > g > g > g#layer1 > polyline
M3 S90
G4 P0.2
G0 X48.09437437460701 Y88.19600355504417
M3 S30
G4 P0.2
G1 X48.09437437460701 Y88.19600355504417 F300
G1 X48.46621979126925 Y88.75379813837087 F300
G1 X48.83806520793151 Y88.939720846702 F300
G1 X49.20991062459376 Y88.75379813837087 F300
G1 X49.20991062459376 Y88.38192626337528 F300
G1 X48.83806520793151 Y87.26639001338856 F300;svg > g > g > g#layer1 > polyline
M3 S90
G4 P0.2
G0 X48.83806520793151 Y88.939720846702
M3 S30
G4 P0.2
G1 X48.83806520793151 Y88.939720846702 F300
G1 X49.02398791626264 Y88.75379813837087 F300
G1 X49.02398791626264 Y88.38192626337528 F300
G1 X48.65214249960039 Y87.26639001338856 F300;svg > g > g > g#layer1 > polyline
M3 S90
G4 P0.2
G0 X49.20991062459376 Y88.38192626337528
M3 S30
G4 P0.2
G1 X49.20991062459376 Y88.38192626337528 F300
G1 X49.581756041256 Y88.75379813837087 F300
G1 X49.95360145791826 Y88.939720846702 F300
G1 X50.13952416624938 Y88.939720846702 F300
G1 X50.511369582911634 Y88.75379813837087 F300
G1 X50.511369582911634 Y88.38192626337528 F300
G1 X50.3254468745805 Y87.82415813838192 F300
G1 X50.3254468745805 Y87.45231272171968 F300
G1 X50.511369582911634 Y87.26639001338856 F300;svg > g > g > g#layer1 > polyline
M3 S90
G4 P0.2
G0 X50.13952416624938 Y88.939720846702
M3 S30
G4 P0.2
G1 X50.13952416624938 Y88.939720846702 F300
G1 X50.3254468745805 Y88.75379813837087 F300
G1 X50.3254468745805 Y88.38192626337528 F300
G1 X50.13952416624938 Y87.82415813838192 F300
G1 X50.13952416624938 Y87.45231272171968 F300
G1 X50.511369582911634 Y87.26639001338856 F300
G1 X50.8832149995739 Y87.45231272171968 F300
G1 X51.069137707905014 Y87.63823543005078 F300
G1 X51.44098312456727 Y88.19600355504417 F300;svg > g > g > g#layer1 > polyline
M3 S90
G4 P0.2
G0 X53.30023666621185 Y88.38192626337528
M3 S30
G4 P0.2
G1 X53.30023666621185 Y88.38192626337528 F300
G1 X53.114313957880725 Y88.75379813837087 F300
G1 X52.74244208288514 Y88.939720846702 F300
G1 X52.370596666222895 Y88.939720846702 F300
G1 X51.998751249560634 Y88.75379813837087 F300
G1 X51.812828541229514 Y88.56787543003976 F300
G1 X51.626905832898395 Y88.19600355504417 F300
G1 X51.626905832898395 Y87.82415813838192 F300
G1 X51.812828541229514 Y87.45231272171968 F300
G1 X52.18467395789177 Y87.26639001338856 F300
G1 X52.556519374554 Y87.26639001338856 F300
G1 X52.928391249549605 Y87.45231272171968 F300
G1 X53.114313957880725 Y87.82415813838192 F300;svg > g > g > g#layer1 > polyline
M3 S90
G4 P0.2
G0 X52.370596666222895 Y88.939720846702
M3 S30
G4 P0.2
G1 X52.370596666222895 Y88.939720846702 F300
G1 X51.998751249560634 Y88.56787543003976 F300
G1 X51.812828541229514 Y88.19600355504417 F300
G1 X51.812828541229514 Y87.63823543005078 F300
G1 X52.18467395789177 Y87.26639001338856 F300;svg > g > g > g#layer1 > line
M3 S90
G4 P0.2
G0 X53.48615937454297 Y88.939720846702
M3 S30
G4 P0.2
G1 X52.370596666222895 Y85.59308563840843 F300;svg > g > g > g#layer1 > polyline
M3 S90
G4 P0.2
G0 X53.672082082874105 Y88.939720846702
M3 S30
G4 P0.2
G1 X53.672082082874105 Y88.939720846702 F300
G1 X53.114313957880725 Y87.26639001338856 F300
G1 X52.74244208288514 Y86.33677647173292 F300
G1 X52.370596666222895 Y85.59308563840843 F300
G1 X52.18467395789177 Y85.22124022174616 F300
G1 X51.812828541229514 Y85.03531751341505 F300
G1 X51.626905832898395 Y85.22124022174616 F300
G1 X51.626905832898395 Y85.59308563840843 F300
G1 X51.812828541229514 Y86.15085376340178 F300
G1 X52.18467395789177 Y86.52269918006404 F300
G1 X52.74244208288514 Y86.89454459672628 F300
G1 X53.48615937454297 Y87.26639001338856 F300
G1 X54.04392749953635 Y87.63823543005078 F300
G1 X54.415772916198605 Y88.19600355504417 F300;svg > g > g > g#layer1 > polyline
M3 S90
G4 P0.2
G0 X57.94830437448998 Y88.939720846702
M3 S30
G4 P0.2
G1 X57.94830437448998 Y88.939720846702 F300
G1 X58.506072499483366 Y89.49748897169539 F300
G1 X58.87791791614561 Y90.05525709668875 F300
G1 X59.06384062447674 Y90.61302522168214 F300
G1 X59.06384062447674 Y90.98487063834439 F300
G1 X58.87791791614561 Y91.17079334667552 F300
G1 X58.506072499483366 Y90.98487063834439 F300
G1 X58.32014979115224 Y90.61302522168214 F300
G1 X56.64684541617211 Y85.59308563840843 F300
G1 X56.64684541617211 Y85.22124022174616 F300
G1 X56.83276812450323 Y85.03531751341505 F300
G1 X57.20461354116548 Y85.22124022174616 F300
G1 X57.39053624949661 Y85.77900834673954 F300
G1 X57.57645895782775 Y87.45231272171968 F300
G1 X57.762381666158866 Y87.26639001338856 F300
G1 X58.134227082821106 Y87.26639001338856 F300
G1 X58.506072499483366 Y87.45231272171968 F300
G1 X58.69199520781448 Y87.63823543005078 F300
G1 X59.06384062447674 Y88.19600355504417 F300;svg > g > g > g#layer1 > polyline
M3 S90
G4 P0.2
G0 X58.32014979115224 Y90.61302522168214
M3 S30
G4 P0.2
G1 X58.32014979115224 Y90.61302522168214 F300
G1 X58.134227082821106 Y89.6834116800265 F300
G1 X57.94830437448998 Y88.939720846702 F300
G1 X57.39053624949661 Y87.26639001338856 F300
G1 X57.018690832834366 Y86.33677647173292 F300
G1 X56.64684541617211 Y85.59308563840843 F300;svg > g > g > g#layer1 > polygon
M3 S90
G4 P0.2
G0 X59.9934806244657 Y90.05525709668875
M3 S30
G4 P0.2
G1 X59.9934806244657 Y90.05525709668875 F300
G1 X59.807557916134584 Y89.86933438835761 F300
G1 X59.9934806244657 Y89.6834116800265 F300
G1 X60.17940333279683 Y89.86933438835761 F300
G1 X59.9934806244657 Y90.05525709668875 F300;svg > g > g > g#layer1 > polyline
M3 S90
G4 P0.2
G0 X59.62160874947011 Y88.939720846702
M3 S30
G4 P0.2
G1 X59.62160874947011 Y88.939720846702 F300
G1 X59.24976333280787 Y87.82415813838192 F300
G1 X59.24976333280787 Y87.45231272171968 F300
G1 X59.62160874947011 Y87.26639001338856 F300
G1 X59.9934806244657 Y87.45231272171968 F300
G1 X60.17940333279683 Y87.63823543005078 F300
G1 X60.55124874945908 Y88.19600355504417 F300;svg > g > g > g#layer1 > polyline
M3 S90
G4 P0.2
G0 X59.807557916134584 Y88.939720846702
M3 S30
G4 P0.2
G1 X59.807557916134584 Y88.939720846702 F300
G1 X59.43568604113899 Y87.82415813838192 F300
G1 X59.43568604113899 Y87.45231272171968 F300
G1 X59.62160874947011 Y87.26639001338856 F300;svg > g > g > g#layer1 > polyline
M3 S90
G4 P0.2
G0 X60.55124874945908 Y88.19600355504417
M3 S30
G4 P0.2
G1 X60.55124874945908 Y88.19600355504417 F300
G1 X60.92309416612133 Y88.75379813837087 F300
G1 X61.294939582783584 Y88.939720846702 F300
G1 X61.666784999445824 Y88.75379813837087 F300
G1 X61.666784999445824 Y88.38192626337528 F300
G1 X61.294939582783584 Y87.26639001338856 F300;svg > g > g > g#layer1 > polyline
M3 S90
G4 P0.2
G0 X61.294939582783584 Y88.939720846702
M3 S30
G4 P0.2
G1 X61.294939582783584 Y88.939720846702 F300
G1 X61.48086229111471 Y88.75379813837087 F300
G1 X61.48086229111471 Y88.38192626337528 F300
G1 X61.10901687445245 Y87.26639001338856 F300;svg > g > g > g#layer1 > polyline
M3 S90
G4 P0.2
G0 X61.666784999445824 Y88.38192626337528
M3 S30
G4 P0.2
G1 X61.666784999445824 Y88.38192626337528 F300
G1 X62.038630416108084 Y88.75379813837087 F300
G1 X62.410475832770345 Y88.939720846702 F300
G1 X62.59639854110145 Y88.939720846702 F300
G1 X62.410475832770345 Y88.38192626337528 F300;svg > g > g > g#layer1 > polyline
M3 S90
G4 P0.2
G0 X62.410475832770345 Y88.939720846702
M3 S30
G4 P0.2
G1 X62.410475832770345 Y88.939720846702 F300
G1 X62.410475832770345 Y88.38192626337528 F300
G1 X62.59639854110145 Y88.01008084671305 F300
G1 X62.782321249432584 Y88.01008084671305 F300
G1 X63.154166666094845 Y88.19600355504417 F300;svg > g > g > g#layer1 > polyline
M3 S90
G4 P0.2
G0 X63.154166666094845 Y88.19600355504417
M3 S30
G4 P0.2
G1 X63.154166666094845 Y88.19600355504417 F300
G1 X63.526012082757084 Y88.75379813837087 F300
G1 X63.71193479108822 Y89.12564355503312 F300
G1 X63.71193479108822 Y88.75379813837087 F300
G1 X64.26970291608158 Y88.38192626337528 F300
G1 X64.45562562441272 Y88.01008084671305 F300
G1 X64.45562562441272 Y87.63823543005078 F300
G1 X64.26970291608158 Y87.45231272171968 F300
G1 X63.897857499419345 Y87.26639001338856 F300;svg > g > g > g#layer1 > polyline
M3 S90
G4 P0.2
G0 X63.71193479108822 Y88.75379813837087
M3 S30
G4 P0.2
G1 X63.71193479108822 Y88.75379813837087 F300
G1 X64.08378020775045 Y88.38192626337528 F300
G1 X64.26970291608158 Y88.01008084671305 F300
G1 X64.26970291608158 Y87.63823543005078 F300
G1 X63.897857499419345 Y87.26639001338856 F300;svg > g > g > g#layer1 > polyline
M3 S90
G4 P0.2
G0 X63.154166666094845 Y87.45231272171968
M3 S30
G4 P0.2
G1 X63.154166666094845 Y87.45231272171968 F300
G1 X63.526012082757084 Y87.26639001338856 F300
G1 X64.45562562441272 Y87.26639001338856 F300
G1 X65.01339374940608 Y87.63823543005078 F300
G1 X65.38523916606835 Y88.19600355504417 F300;svg > g > g > g#layer1 > polyline
M3 S90
G4 P0.2
G0 X65.38523916606835 Y88.19600355504417
M3 S30
G4 P0.2
G1 X65.38523916606835 Y88.19600355504417 F300
G1 X65.75708458273058 Y88.75379813837087 F300
G1 X66.12892999939285 Y89.49748897169539 F300;svg > g > g > g#layer1 > polyline
M3 S90
G4 P0.2
G0 X66.68672458271955 Y91.17079334667552
M3 S30
G4 P0.2
G1 X66.68672458271955 Y91.17079334667552 F300
G1 X65.57116187439948 Y87.82415813838192 F300
G1 X65.57116187439948 Y87.45231272171968 F300
G1 X65.94300729106172 Y87.26639001338856 F300
G1 X66.31485270772397 Y87.45231272171968 F300
G1 X66.50077541605508 Y87.63823543005078 F300
G1 X66.8726472910507 Y88.19600355504417 F300;svg > g > g > g#layer1 > polyline
M3 S90
G4 P0.2
G0 X66.8726472910507 Y91.17079334667552
M3 S30
G4 P0.2
G1 X66.8726472910507 Y91.17079334667552 F300
G1 X65.75708458273058 Y87.82415813838192 F300
G1 X65.75708458273058 Y87.45231272171968 F300
G1 X65.94300729106172 Y87.26639001338856 F300;svg > g > g > g#layer1 > line
M3 S90
G4 P0.2
G0 X65.75708458273058 Y89.6834116800265
M3 S30
G4 P0.2
G1 X66.8726472910507 Y89.6834116800265 F300;svg > g > g > g#layer1 > polyline
M3 S90
G4 P0.2
G0 X69.84741062434868 Y88.19600355504417
M3 S30
G4 P0.2
G1 X69.84741062434868 Y88.19600355504417 F300
G1 X70.21925604101092 Y88.75379813837087 F300
G1 X70.59110145767318 Y89.49748897169539 F300;svg > g > g > g#layer1 > line
M3 S90
G4 P0.2
G0 X70.77702416600431 Y90.05525709668875
M3 S30
G4 P0.2
G1 X69.10371979102419 Y85.03531751341505 F300;svg > g > g > g#layer1 > line
M3 S90
G4 P0.2
G0 X70.96294687433544 Y90.05525709668875
M3 S30
G4 P0.2
G1 X69.28964249935532 Y85.03531751341505 F300;svg > g > g > g#layer1 > polyline
M3 S90
G4 P0.2
G0 X70.40517874934206 Y88.38192626337528
M3 S30
G4 P0.2
G1 X70.40517874934206 Y88.38192626337528 F300
G1 X70.77702416600431 Y88.75379813837087 F300
G1 X71.14886958266656 Y88.939720846702 F300
G1 X71.3347922909977 Y88.939720846702 F300
G1 X71.70663770765995 Y88.75379813837087 F300
G1 X71.70663770765995 Y88.38192626337528 F300
G1 X71.52071499932882 Y87.82415813838192 F300
G1 X71.52071499932882 Y87.45231272171968 F300
G1 X71.70663770765995 Y87.26639001338856 F300;svg > g > g > g#layer1 > polyline
M3 S90
G4 P0.2
G0 X71.3347922909977 Y88.939720846702
M3 S30
G4 P0.2
G1 X71.3347922909977 Y88.939720846702 F300
G1 X71.52071499932882 Y88.75379813837087 F300
G1 X71.52071499932882 Y88.38192626337528 F300
G1 X71.3347922909977 Y87.82415813838192 F300
G1 X71.3347922909977 Y87.45231272171968 F300
G1 X71.70663770765995 Y87.26639001338856 F300
G1 X72.07848312432219 Y87.45231272171968 F300
G1 X72.26440583265331 Y87.63823543005078 F300
G1 X72.63625124931558 Y88.19600355504417 F300;svg > g > g > g#layer1 > polyline
M3 S90
G4 P0.2
G0 X72.63625124931558 Y88.19600355504417
M3 S30
G4 P0.2
G1 X72.63625124931558 Y88.19600355504417 F300
G1 X73.0080966659778 Y88.75379813837087 F300
G1 X73.37994208264008 Y88.939720846702 F300
G1 X73.75181395763565 Y88.75379813837087 F300
G1 X73.75181395763565 Y88.38192626337528 F300
G1 X73.37994208264008 Y87.26639001338856 F300;svg > g > g > g#layer1 > polyline
M3 S90
G4 P0.2
G0 X73.37994208264008 Y88.939720846702
M3 S30
G4 P0.2
G1 X73.37994208264008 Y88.939720846702 F300
G1 X73.56589124930453 Y88.75379813837087 F300
G1 X73.56589124930453 Y88.38192626337528 F300
G1 X73.19401937430895 Y87.26639001338856 F300;svg > g > g > g#layer1 > polyline
M3 S90
G4 P0.2
G0 X73.75181395763565 Y88.38192626337528
M3 S30
G4 P0.2
G1 X73.75181395763565 Y88.38192626337528 F300
G1 X74.1236593742979 Y88.75379813837087 F300
G1 X74.49550479096017 Y88.939720846702 F300
G1 X74.68142749929129 Y88.939720846702 F300
G1 X74.49550479096017 Y88.38192626337528 F300;svg > g > g > g#layer1 > polyline
M3 S90
G4 P0.2
G0 X74.49550479096017 Y88.939720846702
M3 S30
G4 P0.2
G1 X74.49550479096017 Y88.939720846702 F300
G1 X74.49550479096017 Y88.38192626337528 F300
G1 X74.68142749929129 Y88.01008084671305 F300
G1 X74.86735020762241 Y88.01008084671305 F300
G1 X75.23919562428466 Y88.19600355504417 F300;svg > g > g > g#layer1 > polygon
M3 S90
G4 P0.2
G0 X76.16880916594027 Y90.05525709668875
M3 S30
G4 P0.2
G1 X76.16880916594027 Y90.05525709668875 F300
G1 X75.98288645760915 Y89.86933438835761 F300
G1 X76.16880916594027 Y89.6834116800265 F300
G1 X76.35473187427141 Y89.86933438835761 F300
G1 X76.16880916594027 Y90.05525709668875 F300;svg > g > g > g#layer1 > polyline
M3 S90
G4 P0.2
G0 X75.79696374927804 Y88.939720846702
M3 S30
G4 P0.2
G1 X75.79696374927804 Y88.939720846702 F300
G1 X75.42511833261578 Y87.82415813838192 F300
G1 X75.42511833261578 Y87.45231272171968 F300
G1 X75.79696374927804 Y87.26639001338856 F300
G1 X76.16880916594027 Y87.45231272171968 F300
G1 X76.35473187427141 Y87.63823543005078 F300
G1 X76.72657729093366 Y88.19600355504417 F300;svg > g > g > g#layer1 > polyline
M3 S90
G4 P0.2
G0 X75.98288645760915 Y88.939720846702
M3 S30
G4 P0.2
G1 X75.98288645760915 Y88.939720846702 F300
G1 X75.6110410409469 Y87.82415813838192 F300
G1 X75.6110410409469 Y87.45231272171968 F300
G1 X75.79696374927804 Y87.26639001338856 F300;svg > g > g > g#layer1 > polyline
M3 S90
G4 P0.2
G0 X76.72657729093366 Y88.19600355504417
M3 S30
G4 P0.2
G1 X76.72657729093366 Y88.19600355504417 F300
G1 X77.09842270759592 Y88.75379813837087 F300
G1 X77.47026812425817 Y88.939720846702 F300
G1 X77.84211354092041 Y88.75379813837087 F300
G1 X77.84211354092041 Y88.38192626337528 F300
G1 X77.47026812425817 Y87.26639001338856 F300;svg > g > g > g#layer1 > polyline
M3 S90
G4 P0.2
G0 X77.47026812425817 Y88.939720846702
M3 S30
G4 P0.2
G1 X77.47026812425817 Y88.939720846702 F300
G1 X77.65619083258929 Y88.75379813837087 F300
G1 X77.65619083258929 Y88.38192626337528 F300
G1 X77.28434541592704 Y87.26639001338856 F300;svg > g > g > g#layer1 > polyline
M3 S90
G4 P0.2
G0 X77.84211354092041 Y88.38192626337528
M3 S30
G4 P0.2
G1 X77.84211354092041 Y88.38192626337528 F300
G1 X78.21395895758266 Y88.75379813837087 F300
G1 X78.58580437424492 Y88.939720846702 F300
G1 X78.77172708257605 Y88.939720846702 F300
G1 X79.1435724992383 Y88.75379813837087 F300
G1 X79.1435724992383 Y88.38192626337528 F300
G1 X78.95764979090717 Y87.82415813838192 F300
G1 X78.95764979090717 Y87.45231272171968 F300
G1 X79.1435724992383 Y87.26639001338856 F300;svg > g > g > g#layer1 > polyline
M3 S90
G4 P0.2
G0 X78.77172708257605 Y88.939720846702
M3 S30
G4 P0.2
G1 X78.77172708257605 Y88.939720846702 F300
G1 X78.95764979090717 Y88.75379813837087 F300
G1 X78.95764979090717 Y88.38192626337528 F300
G1 X78.77172708257605 Y87.82415813838192 F300
G1 X78.77172708257605 Y87.45231272171968 F300
G1 X79.1435724992383 Y87.26639001338856 F300
G1 X79.51541791590054 Y87.45231272171968 F300
G1 X79.70134062423168 Y87.63823543005078 F300
G1 X80.07318604089392 Y88.19600355504417 F300;svg > g > g > g#layer1 > polyline
M3 S90
G4 P0.2
G0 X81.56059416587625 Y88.75379813837087
M3 S30
G4 P0.2
G1 X81.56059416587625 Y88.75379813837087 F300
G1 X81.37467145754513 Y88.56787543003976 F300
G1 X81.56059416587625 Y88.56787543003976 F300
G1 X81.56059416587625 Y88.75379813837087 F300
G1 X81.37467145754513 Y88.939720846702 F300
G1 X81.00282604088288 Y88.939720846702 F300
G1 X80.63098062422064 Y88.75379813837087 F300
G1 X80.4450579158895 Y88.56787543003976 F300
G1 X80.25910874922504 Y88.19600355504417 F300
G1 X80.25910874922504 Y87.82415813838192 F300
G1 X80.4450579158895 Y87.45231272171968 F300
G1 X80.81690333255176 Y87.26639001338856 F300
G1 X81.37467145754513 Y87.26639001338856 F300
G1 X81.9324395825385 Y87.63823543005078 F300
G1 X82.30428499920077 Y88.19600355504417 F300;svg > g > g > g#layer1 > polyline
M3 S90
G4 P0.2
G0 X81.00282604088288 Y88.939720846702
M3 S30
G4 P0.2
G1 X81.00282604088288 Y88.939720846702 F300
G1 X80.63098062422064 Y88.56787543003976 F300
G1 X80.4450579158895 Y88.19600355504417 F300
G1 X80.4450579158895 Y87.63823543005078 F300
G1 X80.81690333255176 Y87.26639001338856 F300;svg > g > g > g#layer1 > polygon
M3 S90
G4 P0.2
G0 X83.2338985408564 Y90.05525709668875
M3 S30
G4 P0.2
G1 X83.2338985408564 Y90.05525709668875 F300
G1 X83.04797583252528 Y89.86933438835761 F300
G1 X83.2338985408564 Y89.6834116800265 F300
G1 X83.41982124918752 Y89.86933438835761 F300
G1 X83.2338985408564 Y90.05525709668875 F300;svg > g > g > g#layer1 > polyline
M3 S90
G4 P0.2
G0 X82.86205312419413 Y88.939720846702
M3 S30
G4 P0.2
G1 X82.86205312419413 Y88.939720846702 F300
G1 X82.4902077075319 Y87.82415813838192 F300
G1 X82.4902077075319 Y87.45231272171968 F300
G1 X82.86205312419413 Y87.26639001338856 F300
G1 X83.2338985408564 Y87.45231272171968 F300
G1 X83.41982124918752 Y87.63823543005078 F300
G1 X83.79166666584976 Y88.19600355504417 F300;svg > g > g > g#layer1 > polyline
M3 S90
G4 P0.2
G0 X83.04797583252528 Y88.939720846702
M3 S30
G4 P0.2
G1 X83.04797583252528 Y88.939720846702 F300
G1 X82.67613041586301 Y87.82415813838192 F300
G1 X82.67613041586301 Y87.45231272171968 F300
G1 X82.86205312419413 Y87.26639001338856 F300;svg > g > g > g#layer1 > polyline
M3 S90
G4 P0.2
G0 X83.79166666584976 Y88.19600355504417
M3 S30
G4 P0.2
G1 X83.79166666584976 Y88.19600355504417 F300
G1 X84.16351208251201 Y88.75379813837087 F300
G1 X84.53535749917427 Y89.49748897169539 F300;svg > g > g > g#layer1 > line
M3 S90
G4 P0.2
G0 X84.7212802075054 Y90.05525709668875
M3 S30
G4 P0.2
G1 X83.04797583252528 Y85.03531751341505 F300;svg > g > g > g#layer1 > line
M3 S90
G4 P0.2
G0 X84.90720291583654 Y90.05525709668875
M3 S30
G4 P0.2
G1 X83.2338985408564 Y85.03531751341505 F300;svg > g > g > g#layer1 > polyline
M3 S90
G4 P0.2
G0 X84.34943479084315 Y88.38192626337528
M3 S30
G4 P0.2
G1 X84.34943479084315 Y88.38192626337528 F300
G1 X84.7212802075054 Y88.75379813837087 F300
G1 X85.09312562416766 Y88.939720846702 F300
G1 X85.27904833249877 Y88.939720846702 F300
G1 X85.65089374916101 Y88.75379813837087 F300
G1 X85.65089374916101 Y88.38192626337528 F300
G1 X85.4649710408299 Y87.82415813838192 F300
G1 X85.4649710408299 Y87.45231272171968 F300
G1 X85.65089374916101 Y87.26639001338856 F300;svg > g > g > g#layer1 > polyline
M3 S90
G4 P0.2
G0 X85.27904833249877 Y88.939720846702
M3 S30
G4 P0.2
G1 X85.27904833249877 Y88.939720846702 F300
G1 X85.4649710408299 Y88.75379813837087 F300
G1 X85.4649710408299 Y88.38192626337528 F300
G1 X85.27904833249877 Y87.82415813838192 F300
G1 X85.27904833249877 Y87.45231272171968 F300
G1 X85.65089374916101 Y87.26639001338856 F300
G1 X86.02273916582327 Y87.45231272171968 F300
G1 X86.2086618741544 Y87.63823543005078 F300
G1 X86.58050729081666 Y88.19600355504417 F300;svg > g > g > g#layer1 > polyline
M3 S90
G4 P0.2
G0 X86.58050729081666 Y88.19600355504417
M3 S30
G4 P0.2
G1 X86.58050729081666 Y88.19600355504417 F300
G1 X86.95235270747891 Y88.75379813837087 F300
G1 X87.32422458247447 Y89.49748897169539 F300;svg > g > g > g#layer1 > polyline
M3 S90
G4 P0.2
G0 X87.88199270746787 Y91.17079334667552
M3 S30
G4 P0.2
G1 X87.88199270746787 Y91.17079334667552 F300
G1 X86.76642999914779 Y87.82415813838192 F300
G1 X86.76642999914779 Y87.45231272171968 F300
G1 X87.13827541581003 Y87.26639001338856 F300
G1 X87.5101472908056 Y87.45231272171968 F300
G1 X87.69606999913675 Y87.63823543005078 F300
G1 X88.06791541579898 Y88.19600355504417 F300;svg > g > g > g#layer1 > polyline
M3 S90
G4 P0.2
G0 X88.06791541579898 Y91.17079334667552
M3 S30
G4 P0.2
G1 X88.06791541579898 Y91.17079334667552 F300
G1 X86.95235270747891 Y87.82415813838192 F300
G1 X86.95235270747891 Y87.45231272171968 F300
G1 X87.13827541581003 Y87.26639001338856 F300;svg > g > g > g#layer1 > polyline
M3 S90
G4 P0.2
G0 X88.62568354079238 Y87.63823543005078
M3 S30
G4 P0.2
G1 X88.62568354079238 Y87.63823543005078 F300
G1 X88.9975289574546 Y87.82415813838192 F300
G1 X89.18345166578574 Y88.01008084671305 F300
G1 X89.36937437411686 Y88.38192626337528 F300
G1 X89.36937437411686 Y88.75379813837087 F300
G1 X89.18345166578574 Y88.939720846702 F300
G1 X88.9975289574546 Y88.939720846702 F300
G1 X88.62568354079238 Y88.75379813837087 F300
G1 X88.43976083246125 Y88.56787543003976 F300
G1 X88.25383812413011 Y88.19600355504417 F300
G1 X88.25383812413011 Y87.82415813838192 F300
G1 X88.43976083246125 Y87.45231272171968 F300
G1 X88.8116062491235 Y87.26639001338856 F300
G1 X89.36937437411686 Y87.26639001338856 F300
G1 X89.92714249911025 Y87.63823543005078 F300
G1 X90.2989879157725 Y88.19600355504417 F300;svg > g > g > g#layer1 > polyline
M3 S90
G4 P0.2
G0 X88.9975289574546 Y88.939720846702
M3 S30
G4 P0.2
G1 X88.9975289574546 Y88.939720846702 F300
G1 X88.62568354079238 Y88.56787543003976 F300
G1 X88.43976083246125 Y88.19600355504417 F300
G1 X88.43976083246125 Y87.63823543005078 F300
G1 X88.8116062491235 Y87.26639001338856 F300;svg > g > g > g#layer1 > polyline
M3 S90
G4 P0.2
G0 X90.2989879157725 Y88.19600355504417
M3 S30
G4 P0.2
G1 X90.2989879157725 Y88.19600355504417 F300
G1 X90.67083333243474 Y88.75379813837087 F300
G1 X90.85675604076587 Y89.12564355503312 F300
G1 X90.85675604076587 Y88.75379813837087 F300
G1 X91.41452416575923 Y88.38192626337528 F300
G1 X91.60044687409037 Y88.01008084671305 F300
G1 X91.60044687409037 Y87.63823543005078 F300
G1 X91.41452416575923 Y87.45231272171968 F300
G1 X91.04267874909699 Y87.26639001338856 F300;svg > g > g > g#layer1 > polyline
M3 S90
G4 P0.2
G0 X90.85675604076587 Y88.75379813837087
M3 S30
G4 P0.2
G1 X90.85675604076587 Y88.75379813837087 F300
G1 X91.2286014574281 Y88.38192626337528 F300
G1 X91.41452416575923 Y88.01008084671305 F300
G1 X91.41452416575923 Y87.63823543005078 F300
G1 X91.04267874909699 Y87.26639001338856 F300;svg > g > g > g#layer1 > polyline
M3 S90
G4 P0.2
G0 X90.2989879157725 Y87.45231272171968
M3 S30
G4 P0.2
G1 X90.2989879157725 Y87.45231272171968 F300
G1 X90.67083333243474 Y87.26639001338856 F300
G1 X91.60044687409037 Y87.26639001338856 F300
G1 X92.15821499908374 Y87.63823543005078 F300
G1 X92.53006041574601 Y88.19600355504417 F300;svg > g > g > g#layer1 > polyline
M3 S90
G4 P0.2
G0 X96.06261833237072 Y88.939720846702
M3 S30
G4 P0.2
G1 X96.06261833237072 Y88.939720846702 F300
G1 X96.62038645736408 Y89.49748897169539 F300
G1 X96.99223187402634 Y90.05525709668875 F300
G1 X97.17815458235748 Y90.61302522168214 F300
G1 X97.17815458235748 Y90.98487063834439 F300
G1 X96.99223187402634 Y91.17079334667552 F300
G1 X96.62038645736408 Y90.98487063834439 F300
G1 X96.43446374903297 Y90.61302522168214 F300
G1 X94.76115937405284 Y85.59308563840843 F300
G1 X94.76115937405284 Y85.22124022174616 F300
G1 X94.94708208238394 Y85.03531751341505 F300
G1 X95.31892749904623 Y85.22124022174616 F300
G1 X95.50485020737736 Y85.77900834673954 F300
G1 X95.69077291570848 Y87.45231272171968 F300
G1 X95.87669562403958 Y87.26639001338856 F300
G1 X96.24854104070184 Y87.26639001338856 F300
G1 X96.62038645736408 Y87.45231272171968 F300
G1 X96.80630916569521 Y87.63823543005078 F300
G1 X97.17815458235748 Y88.19600355504417 F300;svg > g > g > g#layer1 > polyline
M3 S90
G4 P0.2
G0 X96.43446374903297 Y90.61302522168214
M3 S30
G4 P0.2
G1 X96.43446374903297 Y90.61302522168214 F300
G1 X96.24854104070184 Y89.6834116800265 F300
G1 X96.06261833237072 Y88.939720846702 F300
G1 X95.50485020737736 Y87.26639001338856 F300
G1 X95.13300479071508 Y86.33677647173292 F300
G1 X94.76115937405284 Y85.59308563840843 F300;svg > g > g > g#layer1 > polygon
M3 S90
G4 P0.2
G0 X98.1077681240131 Y90.05525709668875
M3 S30
G4 P0.2
G1 X98.1077681240131 Y90.05525709668875 F300
G1 X97.92184541568197 Y89.86933438835761 F300
G1 X98.1077681240131 Y89.6834116800265 F300
G1 X98.29369083234421 Y89.86933438835761 F300
G1 X98.1077681240131 Y90.05525709668875 F300;svg > g > g > g#layer1 > polyline
M3 S90
G4 P0.2
G0 X97.73592270735084 Y88.939720846702
M3 S30
G4 P0.2
G1 X97.73592270735084 Y88.939720846702 F300
G1 X97.3640772906886 Y87.82415813838192 F300
G1 X97.3640772906886 Y87.45231272171968 F300
G1 X97.73592270735084 Y87.26639001338856 F300
G1 X98.1077681240131 Y87.45231272171968 F300
G1 X98.29369083234421 Y87.63823543005078 F300
G1 X98.66553624900646 Y88.19600355504417 F300;svg > g > g > g#layer1 > polyline
M3 S90
G4 P0.2
G0 X97.92184541568197 Y88.939720846702
M3 S30
G4 P0.2
G1 X97.92184541568197 Y88.939720846702 F300
G1 X97.54999999901972 Y87.82415813838192 F300
G1 X97.54999999901972 Y87.45231272171968 F300
G1 X97.73592270735084 Y87.26639001338856 F300;svg > g > g > g#layer1 > polyline
M3 S90
G4 P0.2
G0 X98.66553624900646 Y88.19600355504417
M3 S30
G4 P0.2
G1 X98.66553624900646 Y88.19600355504417 F300
G1 X99.03738166566873 Y88.75379813837087 F300
G1 X99.40922708233096 Y88.939720846702 F300
G1 X99.78107249899324 Y88.75379813837087 F300
G1 X99.78107249899324 Y88.38192626337528 F300
G1 X99.40922708233096 Y87.26639001338856 F300;svg > g > g > g#layer1 > polyline
M3 S90
G4 P0.2
G0 X99.40922708233096 Y88.939720846702
M3 S30
G4 P0.2
G1 X99.40922708233096 Y88.939720846702 F300
G1 X99.5951497906621 Y88.75379813837087 F300
G1 X99.5951497906621 Y88.38192626337528 F300
G1 X99.22330437399984 Y87.26639001338856 F300;svg > g > g > g#layer1 > polyline
M3 S90
G4 P0.2
G0 X99.78107249899324 Y88.38192626337528
M3 S30
G4 P0.2
G1 X99.78107249899324 Y88.38192626337528 F300
G1 X100.15291791565548 Y88.75379813837087 F300
G1 X100.52476333231773 Y88.939720846702 F300
G1 X100.71068604064887 Y88.939720846702 F300
G1 X101.08255791564446 Y88.75379813837087 F300
G1 X101.08255791564446 Y88.38192626337528 F300
G1 X100.89660874897997 Y87.82415813838192 F300
G1 X100.89660874897997 Y87.45231272171968 F300
G1 X101.08255791564446 Y87.26639001338856 F300;svg > g > g > g#layer1 > polyline
M3 S90
G4 P0.2
G0 X100.71068604064887 Y88.939720846702
M3 S30
G4 P0.2
G1 X100.71068604064887 Y88.939720846702 F300
G1 X100.89660874897997 Y88.75379813837087 F300
G1 X100.89660874897997 Y88.38192626337528 F300
G1 X100.71068604064887 Y87.82415813838192 F300
G1 X100.71068604064887 Y87.45231272171968 F300
G1 X101.08255791564446 Y87.26639001338856 F300
G1 X101.45440333230668 Y87.45231272171968 F300
G1 X101.64032604063782 Y87.63823543005078 F300
G1 X102.01217145730007 Y88.19600355504417 F300;svg > g > g > g#layer1 > polyline
M3 S90
G4 P0.2
G0 X103.87139854061134 Y88.38192626337528
M3 S30
G4 P0.2
G1 X103.87139854061134 Y88.38192626337528 F300
G1 X103.6854758322802 Y88.75379813837087 F300
G1 X103.31363041561794 Y88.939720846702 F300
G1 X102.94178499895571 Y88.939720846702 F300
G1 X102.56993958229344 Y88.75379813837087 F300
G1 X102.38401687396231 Y88.56787543003976 F300
G1 X102.1980941656312 Y88.19600355504417 F300
G1 X102.1980941656312 Y87.82415813838192 F300
G1 X102.38401687396231 Y87.45231272171968 F300
G1 X102.75586229062456 Y87.26639001338856 F300
G1 X103.12770770728682 Y87.26639001338856 F300
G1 X103.49955312394907 Y87.45231272171968 F300
G1 X103.6854758322802 Y87.82415813838192 F300;svg > g > g > g#layer1 > polyline
M3 S90
G4 P0.2
G0 X102.94178499895571 Y88.939720846702
M3 S30
G4 P0.2
G1 X102.94178499895571 Y88.939720846702 F300
G1 X102.56993958229344 Y88.56787543003976 F300
G1 X102.38401687396231 Y88.19600355504417 F300
G1 X102.38401687396231 Y87.63823543005078 F300
G1 X102.75586229062456 Y87.26639001338856 F300;svg > g > g > g#layer1 > polyline
M3 S90
G4 P0.2
G0 X104.80101208226694 Y91.17079334667552
M3 S30
G4 P0.2
G1 X104.80101208226694 Y91.17079334667552 F300
G1 X103.6854758322802 Y87.82415813838192 F300
G1 X103.6854758322802 Y87.45231272171968 F300
G1 X104.05732124894244 Y87.26639001338856 F300
G1 X104.4291666656047 Y87.45231272171968 F300
G1 X104.61508937393583 Y87.63823543005078 F300
G1 X104.98693479059807 Y88.19600355504417 F300;svg > g > g > g#layer1 > polyline
M3 S90
G4 P0.2
G0 X104.98693479059807 Y91.17079334667552
M3 S30
G4 P0.2
G1 X104.98693479059807 Y91.17079334667552 F300
G1 X103.87139854061134 Y87.82415813838192 F300
G1 X103.87139854061134 Y87.45231272171968 F300
G1 X104.05732124894244 Y87.26639001338856 F300;svg > g > g > g#layer1 > polyline
M3 S90
G4 P0.2
G0 X107.9617245822294 Y88.19600355504417
M3 S30
G4 P0.2
G1 X107.9617245822294 Y88.19600355504417 F300
G1 X108.33356999889168 Y88.75379813837087 F300
G1 X108.7054154155539 Y89.49748897169539 F300;svg > g > g > g#layer1 > polyline
M3 S90
G4 P0.2
G0 X109.26318354054732 Y91.17079334667552
M3 S30
G4 P0.2
G1 X109.26318354054732 Y91.17079334667552 F300
G1 X108.14764729056054 Y87.82415813838192 F300
G1 X108.14764729056054 Y87.45231272171968 F300
G1 X108.5194927072228 Y87.26639001338856 F300
G1 X108.89133812388505 Y87.45231272171968 F300
G1 X109.07726083221618 Y87.63823543005078 F300
G1 X109.44910624887842 Y88.19600355504417 F300;svg > g > g > g#layer1 > polyline
M3 S90
G4 P0.2
G0 X109.44910624887842 Y91.17079334667552
M3 S30
G4 P0.2
G1 X109.44910624887842 Y91.17079334667552 F300
G1 X108.33356999889168 Y87.82415813838192 F300
G1 X108.33356999889168 Y87.45231272171968 F300
G1 X108.5194927072228 Y87.26639001338856 F300;svg > g > g > g#layer1 > line
M3 S90
G4 P0.2
G0 X108.33356999889168 Y89.6834116800265
M3 S30
G4 P0.2
G1 X109.44910624887842 Y89.6834116800265 F300;svg > g > g > g#layer1 > polyline
M3 S90
G4 P0.2
G0 X109.44910624887842 Y88.19600355504417
M3 S30
G4 P0.2
G1 X109.44910624887842 Y88.19600355504417 F300
G1 X109.82095166554068 Y88.75379813837087 F300
G1 X110.19279708220292 Y89.49748897169539 F300;svg > g > g > g#layer1 > line
M3 S90
G4 P0.2
G0 X110.75056520719632 Y91.17079334667552
M3 S30
G4 P0.2
G1 X109.44910624887842 Y87.26639001338856 F300;svg > g > g > g#layer1 > line
M3 S90
G4 P0.2
G0 X110.93648791552745 Y91.17079334667552
M3 S30
G4 P0.2
G1 X109.63502895720953 Y87.26639001338856 F300;svg > g > g > g#layer1 > polyline
M3 S90
G4 P0.2
G0 X110.00687437387181 Y88.38192626337528
M3 S30
G4 P0.2
G1 X110.00687437387181 Y88.38192626337528 F300
G1 X110.37871979053402 Y88.75379813837087 F300
G1 X110.75056520719632 Y88.939720846702 F300
G1 X110.93648791552745 Y88.939720846702 F300
G1 X111.30833333218966 Y88.75379813837087 F300
G1 X111.30833333218966 Y88.38192626337528 F300
G1 X111.12241062385856 Y87.82415813838192 F300
G1 X111.12241062385856 Y87.45231272171968 F300
G1 X111.30833333218966 Y87.26639001338856 F300;svg > g > g > g#layer1 > polyline
M3 S90
G4 P0.2
G0 X110.93648791552745 Y88.939720846702
M3 S30
G4 P0.2
G1 X110.93648791552745 Y88.939720846702 F300
G1 X111.12241062385856 Y88.75379813837087 F300
G1 X111.12241062385856 Y88.38192626337528 F300
G1 X110.93648791552745 Y87.82415813838192 F300
G1 X110.93648791552745 Y87.45231272171968 F300
G1 X111.30833333218966 Y87.26639001338856 F300
G1 X111.68017874885194 Y87.45231272171968 F300
G1 X111.86610145718305 Y87.63823543005078 F300
G1 X112.23794687384529 Y88.19600355504417 F300;svg > g > g > g#layer1 > polyline
M3 S90
G4 P0.2
G0 X112.79571499883869 Y87.63823543005078
M3 S30
G4 P0.2
G1 X112.79571499883869 Y87.63823543005078 F300
G1 X113.16756041550094 Y87.82415813838192 F300
G1 X113.35348312383205 Y88.01008084671305 F300
G1 X113.53940583216318 Y88.38192626337528 F300
G1 X113.53940583216318 Y88.75379813837087 F300
G1 X113.35348312383205 Y88.939720846702 F300
G1 X113.16756041550094 Y88.939720846702 F300
G1 X112.79571499883869 Y88.75379813837087 F300
G1 X112.60979229050757 Y88.56787543003976 F300
G1 X112.42386958217644 Y88.19600355504417 F300
G1 X112.42386958217644 Y87.82415813838192 F300
G1 X112.60979229050757 Y87.45231272171968 F300
G1 X112.9816377071698 Y87.26639001338856 F300
G1 X113.53940583216318 Y87.26639001338856 F300
G1 X114.09717395715657 Y87.63823543005078 F300
G1 X114.46901937381881 Y88.19600355504417 F300;svg > g > g > g#layer1 > polyline
M3 S90
G4 P0.2
G0 X113.16756041550094 Y88.939720846702
M3 S30
G4 P0.2
G1 X113.16756041550094 Y88.939720846702 F300
G1 X112.79571499883869 Y88.56787543003976 F300
G1 X112.60979229050757 Y88.19600355504417 F300
G1 X112.60979229050757 Y87.63823543005078 F300
G1 X112.9816377071698 Y87.26639001338856 F300;svg > g > g > g#layer1 > polyline
M3 S90
G4 P0.2
G0 X119.3030362487614 Y88.38192626337528
M3 S30
G4 P0.2
G1 X119.3030362487614 Y88.38192626337528 F300
G1 X119.1171135404303 Y88.75379813837087 F300
G1 X118.74526812376803 Y88.939720846702 F300
G1 X118.37342270710577 Y88.939720846702 F300
G1 X118.00157729044352 Y88.75379813837087 F300
G1 X117.8156545821124 Y88.56787543003976 F300
G1 X117.62973187378127 Y88.19600355504417 F300
G1 X117.62973187378127 Y87.82415813838192 F300
G1 X117.8156545821124 Y87.45231272171968 F300
G1 X118.18749999877465 Y87.26639001338856 F300
G1 X118.55934541543691 Y87.26639001338856 F300
G1 X118.93119083209913 Y87.45231272171968 F300
G1 X119.1171135404303 Y87.82415813838192 F300;svg > g > g > g#layer1 > polyline
M3 S90
G4 P0.2
G0 X118.37342270710577 Y88.939720846702
M3 S30
G4 P0.2
G1 X118.37342270710577 Y88.939720846702 F300
G1 X118.00157729044352 Y88.56787543003976 F300
G1 X117.8156545821124 Y88.19600355504417 F300
G1 X117.8156545821124 Y87.63823543005078 F300
G1 X118.18749999877465 Y87.26639001338856 F300;svg > g > g > g#layer1 > polyline
M3 S90
G4 P0.2
G0 X120.23264979041703 Y91.17079334667552
M3 S30
G4 P0.2
G1 X120.23264979041703 Y91.17079334667552 F300
G1 X119.1171135404303 Y87.82415813838192 F300
G1 X119.1171135404303 Y87.45231272171968 F300
G1 X119.48895895709254 Y87.26639001338856 F300
G1 X119.86080437375476 Y87.45231272171968 F300
G1 X120.0467270820859 Y87.63823543005078 F300
G1 X120.41857249874816 Y88.19600355504417 F300;svg > g > g > g#layer1 > polyline
M3 S90
G4 P0.2
G0 X120.41857249874816 Y91.17079334667552
M3 S30
G4 P0.2
G1 X120.41857249874816 Y91.17079334667552 F300
G1 X119.3030362487614 Y87.82415813838192 F300
G1 X119.3030362487614 Y87.45231272171968 F300
G1 X119.48895895709254 Y87.26639001338856 F300;svg > g > g > g#layer1 > polyline
M3 S90
G4 P0.2
G0 X120.97634062374154 Y87.63823543005078
M3 S30
G4 P0.2
G1 X120.97634062374154 Y87.63823543005078 F300
G1 X121.34818604040379 Y87.82415813838192 F300
G1 X121.5341087487349 Y88.01008084671305 F300
G1 X121.72005791539938 Y88.38192626337528 F300
G1 X121.72005791539938 Y88.75379813837087 F300
G1 X121.5341087487349 Y88.939720846702 F300
G1 X121.34818604040379 Y88.939720846702 F300
G1 X120.97634062374154 Y88.75379813837087 F300
G1 X120.7904179154104 Y88.56787543003976 F300
G1 X120.6044952070793 Y88.19600355504417 F300
G1 X120.6044952070793 Y87.82415813838192 F300
G1 X120.7904179154104 Y87.45231272171968 F300
G1 X121.16226333207267 Y87.26639001338856 F300
G1 X121.72005791539938 Y87.26639001338856 F300
G1 X122.27782604039275 Y87.63823543005078 F300
G1 X122.64967145705498 Y88.19600355504417 F300;svg > g > g > g#layer1 > polyline
M3 S90
G4 P0.2
G0 X121.34818604040379 Y88.939720846702
M3 S30
G4 P0.2
G1 X121.34818604040379 Y88.939720846702 F300
G1 X120.97634062374154 Y88.56787543003976 F300
G1 X120.7904179154104 Y88.19600355504417 F300
G1 X120.7904179154104 Y87.63823543005078 F300
G1 X121.16226333207267 Y87.26639001338856 F300;svg > g > g > g#layer1 > polyline
M3 S90
G4 P0.2
G0 X122.64967145705498 Y88.19600355504417
M3 S30
G4 P0.2
G1 X122.64967145705498 Y88.19600355504417 F300
G1 X123.02151687371725 Y88.75379813837087 F300
G1 X123.3933622903795 Y88.939720846702 F300
G1 X123.76520770704175 Y88.75379813837087 F300
G1 X123.76520770704175 Y88.38192626337528 F300
G1 X123.3933622903795 Y87.26639001338856 F300;svg > g > g > g#layer1 > polyline
M3 S90
G4 P0.2
G0 X123.3933622903795 Y88.939720846702
M3 S30
G4 P0.2
G1 X123.3933622903795 Y88.939720846702 F300
G1 X123.5792849987106 Y88.75379813837087 F300
G1 X123.5792849987106 Y88.38192626337528 F300
G1 X123.20743958204838 Y87.26639001338856 F300;svg > g > g > g#layer1 > polyline
M3 S90
G4 P0.2
G0 X123.76520770704175 Y88.38192626337528
M3 S30
G4 P0.2
G1 X123.76520770704175 Y88.38192626337528 F300
G1 X124.137053123704 Y88.75379813837087 F300
G1 X124.50889854036625 Y88.939720846702 F300
G1 X124.69482124869738 Y88.939720846702 F300
G1 X124.50889854036625 Y88.38192626337528 F300;svg > g > g > g#layer1 > polyline
M3 S90
G4 P0.2
G0 X124.50889854036625 Y88.939720846702
M3 S30
G4 P0.2
G1 X124.50889854036625 Y88.939720846702 F300
G1 X124.50889854036625 Y88.38192626337528 F300
G1 X124.69482124869738 Y88.01008084671305 F300
G1 X124.88074395702851 Y88.01008084671305 F300
G1 X125.25258937369074 Y88.19600355504417 F300;svg > g > g > g#layer1 > polygon
M3 S90
G4 P0.2
G0 X126.18220291534638 Y90.05525709668875
M3 S30
G4 P0.2
G1 X126.18220291534638 Y90.05525709668875 F300
G1 X125.99628020701526 Y89.86933438835761 F300
G1 X126.18220291534638 Y89.6834116800265 F300
G1 X126.36812562367753 Y89.86933438835761 F300
G1 X126.18220291534638 Y90.05525709668875 F300;svg > g > g > g#layer1 > polyline
M3 S90
G4 P0.2
G0 X125.81035749868413 Y88.939720846702
M3 S30
G4 P0.2
G1 X125.81035749868413 Y88.939720846702 F300
G1 X125.43851208202189 Y87.82415813838192 F300
G1 X125.43851208202189 Y87.45231272171968 F300
G1 X125.81035749868413 Y87.26639001338856 F300
G1 X126.18220291534638 Y87.45231272171968 F300
G1 X126.36812562367753 Y87.63823543005078 F300
G1 X126.73997104033977 Y88.19600355504417 F300;svg > g > g > g#layer1 > polyline
M3 S90
G4 P0.2
G0 X125.99628020701526 Y88.939720846702
M3 S30
G4 P0.2
G1 X125.99628020701526 Y88.939720846702 F300
G1 X125.624434790353 Y87.82415813838192 F300
G1 X125.624434790353 Y87.45231272171968 F300
G1 X125.81035749868413 Y87.26639001338856 F300;svg > g > g > g#layer1 > polyline
M3 S90
G4 P0.2
G0 X127.29773916533313 Y88.939720846702
M3 S30
G4 P0.2
G1 X127.29773916533313 Y88.939720846702 F300
G1 X127.111816457002 Y88.56787543003976 F300
G1 X126.92589374867086 Y88.01008084671305 F300
G1 X126.92589374867086 Y87.45231272171968 F300
G1 X127.29773916533313 Y87.26639001338856 F300
G1 X127.48366187366427 Y87.26639001338856 F300
G1 X128.04142999865763 Y87.45231272171968 F300
G1 X128.41327541531987 Y87.82415813838192 F300
G1 X128.59922458198437 Y88.38192626337528 F300
G1 X128.59922458198437 Y88.939720846702 F300;svg > g > g > g#layer1 > polyline
M3 S90
G4 P0.2
G0 X127.48366187366427 Y88.939720846702
M3 S30
G4 P0.2
G1 X127.48366187366427 Y88.939720846702 F300
G1 X127.29773916533313 Y88.56787543003976 F300
G1 X127.111816457002 Y88.01008084671305 F300
G1 X127.111816457002 Y87.45231272171968 F300
G1 X127.29773916533313 Y87.26639001338856 F300;svg > g > g > g#layer1 > polyline
M3 S90
G4 P0.2
G0 X128.59922458198437 Y88.939720846702
M3 S30
G4 P0.2
G1 X128.59922458198437 Y88.939720846702 F300
G1 X128.78514729031548 Y88.19600355504417 F300
G1 X128.97106999864658 Y88.01008084671305 F300
G1 X129.15699270697772 Y88.01008084671305 F300
G1 X129.52883812363996 Y88.19600355504417 F300;svg > g > g > g#layer1 > polyline
M3 S90
G4 P0.2
G0 X131.38806520695124 Y88.38192626337528
M3 S30
G4 P0.2
G1 X131.38806520695124 Y88.38192626337528 F300
G1 X131.2021424986201 Y88.75379813837087 F300
G1 X130.83029708195784 Y88.939720846702 F300
G1 X130.4584516652956 Y88.939720846702 F300
G1 X130.08660624863336 Y88.75379813837087 F300
G1 X129.9006835403022 Y88.56787543003976 F300
G1 X129.71476083197112 Y88.19600355504417 F300
G1 X129.71476083197112 Y87.82415813838192 F300
G1 X129.9006835403022 Y87.45231272171968 F300
G1 X130.27252895696446 Y87.26639001338856 F300
G1 X130.64437437362673 Y87.26639001338856 F300
G1 X131.01621979028897 Y87.45231272171968 F300
G1 X131.2021424986201 Y87.82415813838192 F300;svg > g > g > g#layer1 > polyline
M3 S90
G4 P0.2
G0 X130.4584516652956 Y88.939720846702
M3 S30
G4 P0.2
G1 X130.4584516652956 Y88.939720846702 F300
G1 X130.08660624863336 Y88.56787543003976 F300
G1 X129.9006835403022 Y88.19600355504417 F300
G1 X129.9006835403022 Y87.63823543005078 F300
G1 X130.27252895696446 Y87.26639001338856 F300;svg > g > g > g#layer1 > polyline
M3 S90
G4 P0.2
G0 X131.57398791528234 Y88.939720846702
M3 S30
G4 P0.2
G1 X131.57398791528234 Y88.939720846702 F300
G1 X131.2021424986201 Y87.82415813838192 F300
G1 X131.2021424986201 Y87.45231272171968 F300
G1 X131.57398791528234 Y87.26639001338856 F300
G1 X131.94583333194458 Y87.45231272171968 F300
G1 X132.13175604027575 Y87.63823543005078 F300
G1 X132.503601456938 Y88.19600355504417 F300;svg > g > g > g#layer1 > polyline
M3 S90
G4 P0.2
G0 X131.75991062361348 Y88.939720846702
M3 S30
G4 P0.2
G1 X131.75991062361348 Y88.939720846702 F300
G1 X131.38806520695124 Y87.82415813838192 F300
G1 X131.38806520695124 Y87.45231272171968 F300
G1 X131.57398791528234 Y87.26639001338856 F300;svg > g > g > g#layer1 > polyline
M3 S90
G4 P0.2
G0 X132.503601456938 Y88.19600355504417
M3 S30
G4 P0.2
G1 X132.503601456938 Y88.19600355504417 F300
G1 X132.87544687360023 Y88.75379813837087 F300
G1 X133.24729229026246 Y89.49748897169539 F300;svg > g > g > g#layer1 > polyline
M3 S90
G4 P0.2
G0 X133.80506041525584 Y91.17079334667552
M3 S30
G4 P0.2
G1 X133.80506041525584 Y91.17079334667552 F300
G1 X132.68952416526912 Y87.82415813838192 F300
G1 X132.68952416526912 Y87.45231272171968 F300
G1 X133.0613695819314 Y87.26639001338856 F300
G1 X133.43321499859363 Y87.45231272171968 F300
G1 X133.61913770692473 Y87.63823543005078 F300
G1 X133.99098312358697 Y88.19600355504417 F300;svg > g > g > g#layer1 > polyline
M3 S90
G4 P0.2
G0 X133.99098312358697 Y91.17079334667552
M3 S30
G4 P0.2
G1 X133.99098312358697 Y91.17079334667552 F300
G1 X132.87544687360023 Y87.82415813838192 F300
G1 X132.87544687360023 Y87.45231272171968 F300
G1 X133.0613695819314 Y87.26639001338856 F300;svg > g > g > g#layer1 > line
M3 S90
G4 P0.2
G0 X132.87544687360023 Y89.6834116800265
M3 S30
G4 P0.2
G1 X133.99098312358697 Y89.6834116800265 F300;svg > g > g > g#layer1 > polygon
M3 S90
G4 P0.2
G0 X134.9205966652426 Y90.05525709668875
M3 S30
G4 P0.2
G1 X134.9205966652426 Y90.05525709668875 F300
G1 X134.73467395691148 Y89.86933438835761 F300
G1 X134.9205966652426 Y89.6834116800265 F300
G1 X135.10651937357375 Y89.86933438835761 F300
G1 X134.9205966652426 Y90.05525709668875 F300;svg > g > g > g#layer1 > polyline
M3 S90
G4 P0.2
G0 X134.54875124858037 Y88.939720846702
M3 S30
G4 P0.2
G1 X134.54875124858037 Y88.939720846702 F300
G1 X134.1769058319181 Y87.82415813838192 F300
G1 X134.1769058319181 Y87.45231272171968 F300
G1 X134.54875124858037 Y87.26639001338856 F300
G1 X134.9205966652426 Y87.45231272171968 F300
G1 X135.10651937357375 Y87.63823543005078 F300
G1 X135.4783912485693 Y88.19600355504417 F300;svg > g > g > g#layer1 > polyline
M3 S90
G4 P0.2
G0 X134.73467395691148 Y88.939720846702
M3 S30
G4 P0.2
G1 X134.73467395691148 Y88.939720846702 F300
G1 X134.36282854024924 Y87.82415813838192 F300
G1 X134.36282854024924 Y87.45231272171968 F300
G1 X134.54875124858037 Y87.26639001338856 F300;svg > g > g > g#layer1 > polyline
M3 S90
G4 P0.2
G0 X136.0361593735627 Y88.939720846702
M3 S30
G4 P0.2
G1 X136.0361593735627 Y88.939720846702 F300
G1 X135.8502366652316 Y88.56787543003976 F300
G1 X135.66431395690043 Y88.01008084671305 F300
G1 X135.66431395690043 Y87.45231272171968 F300
G1 X136.0361593735627 Y87.26639001338856 F300
G1 X136.22208208189383 Y87.26639001338856 F300
G1 X136.7798502068872 Y87.45231272171968 F300
G1 X137.15169562354944 Y87.82415813838192 F300
G1 X137.33761833188058 Y88.38192626337528 F300
G1 X137.33761833188058 Y88.939720846702 F300;svg > g > g > g#layer1 > polyline
M3 S90
G4 P0.2
G0 X136.22208208189383 Y88.939720846702
M3 S30
G4 P0.2
G1 X136.22208208189383 Y88.939720846702 F300
G1 X136.0361593735627 Y88.56787543003976 F300
G1 X135.8502366652316 Y88.01008084671305 F300
G1 X135.8502366652316 Y87.45231272171968 F300
G1 X136.0361593735627 Y87.26639001338856 F300;svg > g > g > g#layer1 > polyline
M3 S90
G4 P0.2
G0 X137.33761833188058 Y88.939720846702
M3 S30
G4 P0.2
G1 X137.33761833188058 Y88.939720846702 F300
G1 X137.52354104021168 Y88.19600355504417 F300
G1 X137.70946374854282 Y88.01008084671305 F300
G1 X137.89538645687395 Y88.01008084671305 F300
G1 X138.26723187353622 Y88.19600355504417 F300;svg > g > g > g#layer1 > polyline
M3 S90
G4 P0.2
G0 X138.82499999852956 Y87.63823543005078
M3 S30
G4 P0.2
G1 X138.82499999852956 Y87.63823543005078 F300
G1 X139.1968454151918 Y87.82415813838192 F300
G1 X139.38276812352294 Y88.01008084671305 F300
G1 X139.56869083185407 Y88.38192626337528 F300
G1 X139.56869083185407 Y88.75379813837087 F300
G1 X139.38276812352294 Y88.939720846702 F300
G1 X139.1968454151918 Y88.939720846702 F300
G1 X138.82499999852956 Y88.75379813837087 F300
G1 X138.63907729019846 Y88.56787543003976 F300
G1 X138.45315458186732 Y88.19600355504417 F300
G1 X138.45315458186732 Y87.82415813838192 F300
G1 X138.63907729019846 Y87.45231272171968 F300
G1 X139.0109227068607 Y87.26639001338856 F300
G1 X139.56869083185407 Y87.26639001338856 F300
G1 X140.12645895684744 Y87.63823543005078 F300
G1 X140.4983043735097 Y88.19600355504417 F300;svg > g > g > g#layer1 > polyline
M3 S90
G4 P0.2
G0 X139.1968454151918 Y88.939720846702
M3 S30
G4 P0.2
G1 X139.1968454151918 Y88.939720846702 F300
G1 X138.82499999852956 Y88.56787543003976 F300
G1 X138.63907729019846 Y88.19600355504417 F300
G1 X138.63907729019846 Y87.63823543005078 F300
G1 X139.0109227068607 Y87.26639001338856 F300;svg > g > g > g#layer1 > polyline
M3 S90
G4 P0.2
G0 X144.7745531234589 Y88.939720846702
M3 S30
G4 P0.2
G1 X144.7745531234589 Y88.939720846702 F300
G1 X144.40270770679666 Y88.939720846702 F300
G1 X144.03086229013442 Y88.75379813837087 F300
G1 X143.84493958180332 Y88.56787543003976 F300
G1 X143.65901687347218 Y88.19600355504417 F300
G1 X143.65901687347218 Y87.82415813838192 F300
G1 X143.84493958180332 Y87.45231272171968 F300
G1 X144.21678499846556 Y87.26639001338856 F300
G1 X144.5886304151278 Y87.26639001338856 F300
G1 X144.96047583179006 Y87.45231272171968 F300
G1 X145.14639854012117 Y87.63823543005078 F300
G1 X145.3323212484523 Y88.01008084671305 F300
G1 X145.3323212484523 Y88.38192626337528 F300
G1 X145.14639854012117 Y88.75379813837087 F300
G1 X144.7745531234589 Y88.939720846702 F300
G1 X144.5886304151278 Y88.75379813837087 F300
G1 X144.5886304151278 Y88.38192626337528 F300
G1 X144.7745531234589 Y88.01008084671305 F300
G1 X145.14639854012117 Y87.82415813838192 F300
G1 X145.5182439567834 Y87.82415813838192 F300
G1 X145.8900893734457 Y88.01008084671305 F300
G1 X146.0760120817768 Y88.19600355504417 F300;svg > g > g > g#layer1 > polyline
M3 S90
G4 P0.2
G0 X144.40270770679666 Y88.939720846702
M3 S30
G4 P0.2
G1 X144.40270770679666 Y88.939720846702 F300
G1 X144.03086229013442 Y88.56787543003976 F300
G1 X143.84493958180332 Y88.19600355504417 F300
G1 X143.84493958180332 Y87.63823543005078 F300
G1 X144.21678499846556 Y87.26639001338856 F300;svg > g > g > g#layer1 > polyline
M3 S90
G4 P0.2
G0 X146.63378020677018 Y88.939720846702
M3 S30
G4 P0.2
G1 X146.63378020677018 Y88.939720846702 F300
G1 X147.19154833176356 Y89.49748897169539 F300
G1 X147.5633937484258 Y90.05525709668875 F300
G1 X147.74931645675693 Y90.61302522168214 F300
G1 X147.74931645675693 Y90.98487063834439 F300
G1 X147.5633937484258 Y91.17079334667552 F300
G1 X147.19154833176356 Y90.98487063834439 F300
G1 X147.00562562343245 Y90.61302522168214 F300
G1 X145.3323212484523 Y85.59308563840843 F300
G1 X145.3323212484523 Y85.22124022174616 F300
G1 X145.5182439567834 Y85.03531751341505 F300
G1 X145.8900893734457 Y85.22124022174616 F300
G1 X146.0760120817768 Y85.77900834673954 F300
G1 X146.26193479010794 Y87.45231272171968 F300
G1 X146.44785749843905 Y87.26639001338856 F300
G1 X146.81970291510132 Y87.26639001338856 F300
G1 X147.19154833176356 Y87.45231272171968 F300
G1 X147.3774710400947 Y87.63823543005078 F300
G1 X147.74931645675693 Y88.19600355504417 F300;svg > g > g > g#layer1 > polyline
M3 S90
G4 P0.2
G0 X147.00562562343245 Y90.61302522168214
M3 S30
G4 P0.2
G1 X147.00562562343245 Y90.61302522168214 F300
G1 X146.81970291510132 Y89.6834116800265 F300
G1 X146.63378020677018 Y88.939720846702 F300
G1 X146.0760120817768 Y87.26639001338856 F300
G1 X145.70416666511454 Y86.33677647173292 F300
G1 X145.3323212484523 Y85.59308563840843 F300;svg > g > g > g#layer1 > polyline
M3 S90
G4 P0.2
G0 X148.30708458175033 Y88.939720846702
M3 S30
G4 P0.2
G1 X148.30708458175033 Y88.939720846702 F300
G1 X147.93523916508806 Y87.82415813838192 F300
G1 X147.93523916508806 Y87.45231272171968 F300
G1 X148.30708458175033 Y87.26639001338856 F300
G1 X148.49300729008144 Y87.26639001338856 F300
G1 X148.86485270674368 Y87.45231272171968 F300
G1 X149.23672458173928 Y87.82415813838192 F300
G1 X149.60856999840152 Y88.38192626337528 F300;svg > g > g > g#layer1 > polyline
M3 S90
G4 P0.2
G0 X148.49300729008144 Y88.939720846702
M3 S30
G4 P0.2
G1 X148.49300729008144 Y88.939720846702 F300
G1 X148.1211618734192 Y87.82415813838192 F300
G1 X148.1211618734192 Y87.45231272171968 F300
G1 X148.30708458175033 Y87.26639001338856 F300;svg > g > g > g#layer1 > line
M3 S90
G4 P0.2
G0 X149.79449270673265 Y88.939720846702
M3 S30
G4 P0.2
G1 X148.67892999841257 Y85.59308563840843 F300;svg > g > g > g#layer1 > polyline
M3 S90
G4 P0.2
G0 X149.98041541506376 Y88.939720846702
M3 S30
G4 P0.2
G1 X149.98041541506376 Y88.939720846702 F300
G1 X149.42264729007042 Y87.26639001338856 F300
G1 X149.0507754150748 Y86.33677647173292 F300
G1 X148.67892999841257 Y85.59308563840843 F300
G1 X148.49300729008144 Y85.22124022174616 F300
G1 X148.1211618734192 Y85.03531751341505 F300
G1 X147.93523916508806 Y85.22124022174616 F300
G1 X147.93523916508806 Y85.59308563840843 F300
G1 X148.1211618734192 Y86.15085376340178 F300
G1 X148.49300729008144 Y86.52269918006404 F300
G1 X149.0507754150748 Y86.89454459672628 F300
G1 X149.79449270673265 Y87.26639001338856 F300
G1 X150.35226083172603 Y87.63823543005078 F300
G1 X150.72410624838824 Y88.19600355504417 F300;svg > g > g > g#layer1 > line
M3 S90
G4 P0.2
G0 X154.44256041501077 Y89.49748897169539
M3 S30
G4 P0.2
G1 X157.78919562330438 Y89.49748897169539 F300;svg > g > g > g#layer1 > line
M3 S90
G4 P0.2
G0 X154.44256041501077 Y88.38192626337528
M3 S30
G4 P0.2
G1 X157.78919562330438 Y88.38192626337528 F300;svg > g > g > g#layer1 > polyline
M3 S90
G4 P0.2
G0 X162.06541791492026 Y88.939720846702
M3 S30
G4 P0.2
G1 X162.06541791492026 Y88.939720846702 F300
G1 X162.62318603991366 Y89.49748897169539 F300
G1 X162.9950579149092 Y90.05525709668875 F300
G1 X163.18098062324034 Y90.61302522168214 F300
G1 X163.18098062324034 Y90.98487063834439 F300
G1 X162.9950579149092 Y91.17079334667552 F300
G1 X162.62318603991366 Y90.98487063834439 F300
G1 X162.43726333158247 Y90.61302522168214 F300
G1 X160.76395895660238 Y85.59308563840843 F300
G1 X160.76395895660238 Y85.22124022174616 F300
G1 X160.94988166493349 Y85.03531751341505 F300
G1 X161.32172708159575 Y85.22124022174616 F300
G1 X161.50764978992686 Y85.77900834673954 F300
G1 X161.69357249825802 Y87.45231272171968 F300
G1 X161.87949520658913 Y87.26639001338856 F300
G1 X162.2513406232514 Y87.26639001338856 F300
G1 X162.62318603991366 Y87.45231272171968 F300
G1 X162.80910874824474 Y87.63823543005078 F300
G1 X163.18098062324034 Y88.19600355504417 F300;svg > g > g > g#layer1 > polyline
M3 S90
G4 P0.2
G0 X162.43726333158247 Y90.61302522168214
M3 S30
G4 P0.2
G1 X162.43726333158247 Y90.61302522168214 F300
G1 X162.2513406232514 Y89.6834116800265 F300
G1 X162.06541791492026 Y88.939720846702 F300
G1 X161.50764978992686 Y87.26639001338856 F300
G1 X161.13580437326465 Y86.33677647173292 F300
G1 X160.76395895660238 Y85.59308563840843 F300;svg > g > g > g#layer1 > polyline
M3 S90
G4 P0.2
G0 X165.96982124820724 Y91.91448418000002
M3 S30
G4 P0.2
G1 X165.96982124820724 Y91.91448418000002 F300
G1 X165.22613041488273 Y91.35671605500663 F300
G1 X164.66836228988936 Y90.79894793001326 F300
G1 X164.29651687322712 Y90.24117980501988 F300
G1 X163.92467145656482 Y89.49748897169539 F300
G1 X163.73874874823372 Y88.56787543003976 F300
G1 X163.73874874823372 Y87.82415813838192 F300
G1 X163.92467145656482 Y86.89454459672628 F300
G1 X164.11059416489599 Y86.33677647173292 F300
G1 X164.29651687322712 Y85.96493105507065 F300;svg > g > g > g#layer1 > polyline
M3 S90
G4 P0.2
G0 X165.22613041488273 Y91.35671605500663
M3 S30
G4 P0.2
G1 X165.22613041488273 Y91.35671605500663 F300
G1 X164.66836228988936 Y90.61302522168214 F300
G1 X164.29651687322712 Y89.86933438835761 F300
G1 X164.11059416489599 Y89.31156626336426 F300
G1 X163.92467145656482 Y88.38192626337528 F300
G1 X163.92467145656482 Y87.45231272171968 F300
G1 X164.11059416489599 Y86.52269918006404 F300
G1 X164.29651687322712 Y85.96493105507065 F300;svg > g > g > g#layer1 > polyline
M3 S90
G4 P0.2
G0 X165.96982124820724 Y88.19600355504417
M3 S30
G4 P0.2
G1 X165.96982124820724 Y88.19600355504417 F300
G1 X166.34166666486945 Y88.75379813837087 F300
G1 X166.71351208153175 Y89.49748897169539 F300;svg > g > g > g#layer1 > polyline
M3 S90
G4 P0.2
G0 X167.2712802065251 Y91.17079334667552
M3 S30
G4 P0.2
G1 X167.2712802065251 Y91.17079334667552 F300
G1 X166.15574395653834 Y87.82415813838192 F300
G1 X166.15574395653834 Y87.45231272171968 F300
G1 X166.5275893732006 Y87.26639001338856 F300
G1 X166.89943478986288 Y87.45231272171968 F300
G1 X167.08535749819399 Y87.63823543005078 F300
G1 X167.4572029148562 Y88.19600355504417 F300;svg > g > g > g#layer1 > polyline
M3 S90
G4 P0.2
G0 X167.4572029148562 Y91.17079334667552
M3 S30
G4 P0.2
G1 X167.4572029148562 Y91.17079334667552 F300
G1 X166.34166666486945 Y87.82415813838192 F300
G1 X166.34166666486945 Y87.45231272171968 F300
G1 X166.5275893732006 Y87.26639001338856 F300;svg > g > g > g#layer1 > line
M3 S90
G4 P0.2
G0 X166.34166666486945 Y89.6834116800265
M3 S30
G4 P0.2
G1 X167.4572029148562 Y89.6834116800265 F300;svg > g > g > g#layer1 > polyline
M3 S90
G4 P0.2
G0 X169.13050728983637 Y91.91448418000002
M3 S30
G4 P0.2
G1 X169.13050728983637 Y91.91448418000002 F300
G1 X169.31642999816745 Y91.54263876333775 F300
G1 X169.50235270649864 Y90.98487063834439 F300
G1 X169.68827541482972 Y90.05525709668875 F300
G1 X169.68827541482972 Y89.31156626336426 F300
G1 X169.50235270649864 Y88.38192626337528 F300
G1 X169.13050728983637 Y87.63823543005078 F300
G1 X168.7586618731741 Y87.08046730505743 F300
G1 X168.20089374818073 Y86.52269918006404 F300
G1 X167.4572029148562 Y85.96493105507065 F300;svg > g > g > g#layer1 > polyline
M3 S90
G4 P0.2
G0 X169.13050728983637 Y91.91448418000002
M3 S30
G4 P0.2
G1 X169.13050728983637 Y91.91448418000002 F300
G1 X169.31642999816745 Y91.35671605500663 F300
G1 X169.50235270649864 Y90.427102513351 F300
G1 X169.50235270649864 Y89.49748897169539 F300
G1 X169.31642999816745 Y88.56787543003976 F300
G1 X169.13050728983637 Y88.01008084671305 F300
G1 X168.7586618731741 Y87.26639001338856 F300
G1 X168.20089374818073 Y86.52269918006404 F300;svg > g > g > g#layer1 > line
M3 S90
G4 P0.2
G0 X173.96452416477894 Y89.49748897169539
M3 S30
G4 P0.2
G1 X177.31115937307257 Y89.49748897169539 F300;svg > g > g > g#layer1 > line
M3 S90
G4 P0.2
G0 X173.96452416477894 Y88.38192626337528
M3 S30
G4 P0.2
G1 X177.31115937307257 Y88.38192626337528 F300;svg > g > g > g#layer1 > polyline
M3 S90
G4 P0.2
G0 X181.02961353969505 Y88.19600355504417
M3 S30
G4 P0.2
G1 X181.02961353969505 Y88.19600355504417 F300
G1 X181.4014589563573 Y88.75379813837087 F300
G1 X181.5873816646884 Y89.12564355503312 F300
G1 X181.5873816646884 Y88.75379813837087 F300
G1 X182.14514978968182 Y88.38192626337528 F300
G1 X182.33107249801293 Y88.01008084671305 F300
G1 X182.33107249801293 Y87.63823543005078 F300
G1 X182.14514978968182 Y87.45231272171968 F300
G1 X181.77330437301956 Y87.26639001338856 F300;svg > g > g > g#layer1 > polyline
M3 S90
G4 P0.2
G0 X181.5873816646884 Y88.75379813837087
M3 S30
G4 P0.2
G1 X181.5873816646884 Y88.75379813837087 F300
G1 X181.9592270813507 Y88.38192626337528 F300
G1 X182.14514978968182 Y88.01008084671305 F300
G1 X182.14514978968182 Y87.63823543005078 F300
G1 X181.77330437301956 Y87.26639001338856 F300;svg > g > g > g#layer1 > polyline
M3 S90
G4 P0.2
G0 X181.02961353969505 Y87.45231272171968
M3 S30
G4 P0.2
G1 X181.02961353969505 Y87.45231272171968 F300
G1 X181.4014589563573 Y87.26639001338856 F300
G1 X182.33107249801293 Y87.26639001338856 F300
G1 X182.88884062300627 Y87.63823543005078 F300
G1 X183.26068603966854 Y88.19600355504417 F300;svg > g > g > g#layer1 > polygon
M3 S90
G4 P0.2
G0 X184.19032603965752 Y90.05525709668875
M3 S30
G4 P0.2
G1 X184.19032603965752 Y90.05525709668875 F300
G1 X184.0044033313264 Y89.86933438835761 F300
G1 X184.19032603965752 Y89.6834116800265 F300
G1 X184.37624874798863 Y89.86933438835761 F300
G1 X184.19032603965752 Y90.05525709668875 F300;svg > g > g > g#layer1 > polyline
M3 S90
G4 P0.2
G0 X183.81848062299525 Y88.939720846702
M3 S30
G4 P0.2
G1 X183.81848062299525 Y88.939720846702 F300
G1 X183.44660874799968 Y87.82415813838192 F300
G1 X183.44660874799968 Y87.45231272171968 F300
G1 X183.81848062299525 Y87.26639001338856 F300
G1 X184.19032603965752 Y87.45231272171968 F300
G1 X184.37624874798863 Y87.63823543005078 F300
G1 X184.74809416465087 Y88.19600355504417 F300;svg > g > g > g#layer1 > polyline
M3 S90
G4 P0.2
G0 X184.0044033313264 Y88.939720846702
M3 S30
G4 P0.2
G1 X184.0044033313264 Y88.939720846702 F300
G1 X183.63255791466418 Y87.82415813838192 F300
G1 X183.63255791466418 Y87.45231272171968 F300
G1 X183.81848062299525 Y87.26639001338856 F300;svg > g > g > g#layer1 > polyline
M3 S90
G4 P0.2
G0 X184.74809416465087 Y88.19600355504417
M3 S30
G4 P0.2
G1 X184.74809416465087 Y88.19600355504417 F300
G1 X185.11993958131313 Y88.75379813837087 F300
G1 X185.49178499797546 Y88.939720846702 F300
G1 X185.86363041463767 Y88.75379813837087 F300
G1 X185.86363041463767 Y88.38192626337528 F300
G1 X185.49178499797546 Y87.26639001338856 F300;svg > g > g > g#layer1 > polyline
M3 S90
G4 P0.2
G0 X185.49178499797546 Y88.939720846702
M3 S30
G4 P0.2
G1 X185.49178499797546 Y88.939720846702 F300
G1 X185.6777077063065 Y88.75379813837087 F300
G1 X185.6777077063065 Y88.38192626337528 F300
G1 X185.30586228964427 Y87.26639001338856 F300;svg > g > g > g#layer1 > polyline
M3 S90
G4 P0.2
G0 X185.86363041463767 Y88.38192626337528
M3 S30
G4 P0.2
G1 X185.86363041463767 Y88.38192626337528 F300
G1 X186.2354758312999 Y88.75379813837087 F300
G1 X186.60732124796215 Y88.939720846702 F300
G1 X186.79324395629325 Y88.939720846702 F300
G1 X187.16508937295552 Y88.75379813837087 F300
G1 X187.16508937295552 Y88.38192626337528 F300
G1 X186.9791666646244 Y87.82415813838192 F300
G1 X186.9791666646244 Y87.45231272171968 F300
G1 X187.16508937295552 Y87.26639001338856 F300;svg > g > g > g#layer1 > polyline
M3 S90
G4 P0.2
G0 X186.79324395629325 Y88.939720846702
M3 S30
G4 P0.2
G1 X186.79324395629325 Y88.939720846702 F300
G1 X186.9791666646244 Y88.75379813837087 F300
G1 X186.9791666646244 Y88.38192626337528 F300
G1 X186.79324395629325 Y87.82415813838192 F300
G1 X186.79324395629325 Y87.45231272171968 F300
G1 X187.16508937295552 Y87.26639001338856 F300
G1 X187.5369347896178 Y87.45231272171968 F300
G1 X187.7228574979489 Y87.63823543005078 F300
G1 X188.09470291461113 Y88.19600355504417 F300;svg > g > g > g#layer1 > polyline
M3 S90
G4 P0.2
G0 X190.88356999791137 Y91.91448418000002
M3 S30
G4 P0.2
G1 X190.88356999791137 Y91.91448418000002 F300
G1 X190.13985270625355 Y91.35671605500663 F300
G1 X189.58208458126018 Y90.79894793001326 F300
G1 X189.2102391645979 Y90.24117980501988 F300
G1 X188.83839374793564 Y89.49748897169539 F300
G1 X188.65247103960454 Y88.56787543003976 F300
G1 X188.65247103960454 Y87.82415813838192 F300
G1 X188.83839374793564 Y86.89454459672628 F300
G1 X189.02431645626677 Y86.33677647173292 F300
G1 X189.2102391645979 Y85.96493105507065 F300;svg > g > g > g#layer1 > polyline
M3 S90
G4 P0.2
G0 X190.13985270625355 Y91.35671605500663
M3 S30
G4 P0.2
G1 X190.13985270625355 Y91.35671605500663 F300
G1 X189.58208458126018 Y90.61302522168214 F300
G1 X189.2102391645979 Y89.86933438835761 F300
G1 X189.02431645626677 Y89.31156626336426 F300
G1 X188.83839374793564 Y88.38192626337528 F300
G1 X188.83839374793564 Y87.45231272171968 F300
G1 X189.02431645626677 Y86.52269918006404 F300
G1 X189.2102391645979 Y85.96493105507065 F300;svg > g > g > g#layer1 > polyline
M3 S90
G4 P0.2
G0 X190.88356999791137 Y88.19600355504417
M3 S30
G4 P0.2
G1 X190.88356999791137 Y88.19600355504417 F300
G1 X191.2554154145736 Y88.75379813837087 F300
G1 X191.62726083123584 Y89.49748897169539 F300;svg > g > g > g#layer1 > polyline
M3 S90
G4 P0.2
G0 X192.18502895622925 Y91.17079334667552
M3 S30
G4 P0.2
G1 X192.18502895622925 Y91.17079334667552 F300
G1 X191.06949270624253 Y87.82415813838192 F300
G1 X191.06949270624253 Y87.45231272171968 F300
G1 X191.44133812290477 Y87.26639001338856 F300
G1 X191.813183539567 Y87.45231272171968 F300
G1 X191.9991062478981 Y87.63823543005078 F300
G1 X192.37095166456038 Y88.19600355504417 F300;svg > g > g > g#layer1 > polyline
M3 S90
G4 P0.2
G0 X192.37095166456038 Y91.17079334667552
M3 S30
G4 P0.2
G1 X192.37095166456038 Y91.17079334667552 F300
G1 X191.2554154145736 Y87.82415813838192 F300
G1 X191.2554154145736 Y87.45231272171968 F300
G1 X191.44133812290477 Y87.26639001338856 F300;svg > g > g > g#layer1 > line
M3 S90
G4 P0.2
G0 X191.2554154145736 Y89.6834116800265
M3 S30
G4 P0.2
G1 X192.37095166456038 Y89.6834116800265 F300;svg > g > g > g#layer1 > polyline
M3 S90
G4 P0.2
G0 X194.0442560395405 Y91.91448418000002
M3 S30
G4 P0.2
G1 X194.0442560395405 Y91.91448418000002 F300
G1 X194.23017874787163 Y91.54263876333775 F300
G1 X194.41610145620274 Y90.98487063834439 F300
G1 X194.60202416453387 Y90.05525709668875 F300
G1 X194.60202416453387 Y89.31156626336426 F300
G1 X194.41610145620274 Y88.38192626337528 F300
G1 X194.0442560395405 Y87.63823543005078 F300
G1 X193.67241062287823 Y87.08046730505743 F300
G1 X193.1146424978849 Y86.52269918006404 F300
G1 X192.37095166456038 Y85.96493105507065 F300;svg > g > g > g#layer1 > polyline
M3 S90
G4 P0.2
G0 X194.0442560395405 Y91.91448418000002
M3 S30
G4 P0.2
G1 X194.0442560395405 Y91.91448418000002 F300
G1 X194.23017874787163 Y91.35671605500663 F300
G1 X194.41610145620274 Y90.427102513351 F300
G1 X194.41610145620274 Y89.49748897169539 F300
G1 X194.23017874787163 Y88.56787543003976 F300
G1 X194.0442560395405 Y88.01008084671305 F300
G1 X193.67241062287823 Y87.26639001338856 F300
G1 X193.1146424978849 Y86.52269918006404 F300;svg > g > g > g#layer1 > polygon
M3 S90
G4 P0.2
G0 X198.69235020615199 Y87.63823543005078
M3 S30
G4 P0.2
G1 X198.69235020615199 Y87.63823543005078 F300
G1 X198.50642749782085 Y87.45231272171968 F300
G1 X198.69235020615199 Y87.26639001338856 F300
G1 X198.8782729144831 Y87.45231272171968 F300
G1 X198.69235020615199 Y87.63823543005078 F300;svg > g > g > g#layer1 > polyline
M3 S90
G4 P0.2
G0 X201.29526812278775 Y90.61302522168214
M3 S30
G4 P0.2
G1 X201.29526812278775 Y90.61302522168214 F300
G1 X201.1093454144566 Y90.24117980501988 F300
G1 X201.1093454144566 Y89.86933438835761 F300
G1 X201.29526812278775 Y89.49748897169539 F300
G1 X201.66711353944999 Y89.31156626336426 F300
G1 X202.22488166444336 Y89.31156626336426 F300
G1 X202.78264978943676 Y89.49748897169539 F300
G1 X203.154495206099 Y89.6834116800265 F300
G1 X203.71226333109237 Y90.24117980501988 F300
G1 X203.89818603942354 Y90.79894793001326 F300
G1 X203.89818603942354 Y90.98487063834439 F300
G1 X203.71226333109237 Y91.17079334667552 F300
G1 X203.52634062276124 Y91.17079334667552 F300
G1 X203.154495206099 Y90.98487063834439 F300
G1 X202.96857249776787 Y90.79894793001326 F300
G1 X202.78264978943676 Y90.427102513351 F300
G1 X202.59672708110563 Y89.86933438835761 F300
G1 X202.22488166444336 Y88.56787543003976 F300
G1 X202.03895895611222 Y88.01008084671305 F300
G1 X201.66711353944999 Y87.45231272171968 F300
G1 X201.29526812278775 Y87.26639001338856 F300;svg > g > g > g#layer1 > polyline
M3 S90
G4 P0.2
G0 X202.78264978943676 Y90.427102513351
M3 S30
G4 P0.2
G1 X202.78264978943676 Y90.427102513351 F300
G1 X202.59672708110563 Y89.6834116800265 F300
G1 X202.41080437277446 Y88.38192626337528 F300
G1 X202.22488166444336 Y87.82415813838192 F300
G1 X201.85303624778112 Y87.45231272171968 F300
G1 X201.29526812278775 Y87.26639001338856 F300
G1 X200.73749999779437 Y87.26639001338856 F300
G1 X200.3656545811321 Y87.45231272171968 F300
G1 X200.17973187280097 Y87.82415813838192 F300
G1 X200.17973187280097 Y88.01008084671305 F300
G1 X200.3656545811321 Y88.19600355504417 F300
G1 X200.5515772894632 Y88.01008084671305 F300
G1 X200.3656545811321 Y87.82415813838192 F300;svg > g > g > g#layer1 > polyline
M3 S90
G4 P0.2
G0 X205.19967145607467 Y88.939720846702
M3 S30
G4 P0.2
G1 X205.19967145607467 Y88.939720846702 F300
G1 X204.82782603941246 Y88.939720846702 F300
G1 X204.4559806227502 Y88.75379813837087 F300
G1 X204.27005791441906 Y88.56787543003976 F300
G1 X204.08410874775458 Y88.19600355504417 F300
G1 X204.08410874775458 Y87.82415813838192 F300
G1 X204.27005791441906 Y87.45231272171968 F300
G1 X204.64190333108132 Y87.26639001338856 F300
G1 X205.0137487477436 Y87.26639001338856 F300
G1 X205.38559416440583 Y87.45231272171968 F300
G1 X205.57151687273694 Y87.63823543005078 F300
G1 X205.75743958106804 Y88.01008084671305 F300
G1 X205.75743958106804 Y88.38192626337528 F300
G1 X205.57151687273694 Y88.75379813837087 F300
G1 X205.19967145607467 Y88.939720846702 F300
G1 X205.0137487477436 Y88.75379813837087 F300
G1 X205.0137487477436 Y88.38192626337528 F300
G1 X205.19967145607467 Y88.01008084671305 F300
G1 X205.57151687273694 Y87.82415813838192 F300
G1 X205.9433622893992 Y87.82415813838192 F300
G1 X206.31520770606147 Y88.01008084671305 F300
G1 X206.50113041439258 Y88.19600355504417 F300;svg > g > g > g#layer1 > polyline
M3 S90
G4 P0.2
G0 X204.82782603941246 Y88.939720846702
M3 S30
G4 P0.2
G1 X204.82782603941246 Y88.939720846702 F300
G1 X204.4559806227502 Y88.56787543003976 F300
G1 X204.27005791441906 Y88.19600355504417 F300
G1 X204.27005791441906 Y87.63823543005078 F300
G1 X204.64190333108132 Y87.26639001338856 F300;svg > g > g > g#layer1 > polyline
M3 S90
G4 P0.2
G0 X206.50113041439258 Y88.19600355504417
M3 S30
G4 P0.2
G1 X206.50113041439258 Y88.19600355504417 F300
G1 X206.87297583105484 Y88.75379813837087 F300
G1 X207.24482124771708 Y89.49748897169539 F300;svg > g > g > g#layer1 > polyline
M3 S90
G4 P0.2
G0 X207.8025893727105 Y91.17079334667552
M3 S30
G4 P0.2
G1 X207.8025893727105 Y91.17079334667552 F300
G1 X206.68705312272368 Y87.82415813838192 F300
G1 X206.68705312272368 Y87.45231272171968 F300
G1 X207.05889853938595 Y87.26639001338856 F300
G1 X207.43074395604822 Y87.45231272171968 F300
G1 X207.6166666643793 Y87.63823543005078 F300
G1 X207.98851208104156 Y88.19600355504417 F300;svg > g > g > g#layer1 > polyline
M3 S90
G4 P0.2
G0 X207.98851208104156 Y91.17079334667552
M3 S30
G4 P0.2
G1 X207.98851208104156 Y91.17079334667552 F300
G1 X206.87297583105484 Y87.82415813838192 F300
G1 X206.87297583105484 Y87.45231272171968 F300
G1 X207.05889853938595 Y87.26639001338856 F300;svg > g > g > g#layer1 > polyline
M3 S90
G4 P0.2
G0 X208.54628020603494 Y88.939720846702
M3 S30
G4 P0.2
G1 X208.54628020603494 Y88.939720846702 F300
G1 X208.17443478937273 Y87.82415813838192 F300
G1 X208.17443478937273 Y87.45231272171968 F300
G1 X208.54628020603494 Y87.26639001338856 F300
G1 X208.7322029143661 Y87.26639001338856 F300
G1 X209.1040483310283 Y87.45231272171968 F300
G1 X209.47589374769058 Y87.82415813838192 F300
G1 X209.84773916435284 Y88.38192626337528 F300;svg > g > g > g#layer1 > polyline
M3 S90
G4 P0.2
G0 X208.7322029143661 Y88.939720846702
M3 S30
G4 P0.2
G1 X208.7322029143661 Y88.939720846702 F300
G1 X208.36035749770386 Y87.82415813838192 F300
G1 X208.36035749770386 Y87.45231272171968 F300
G1 X208.54628020603494 Y87.26639001338856 F300;svg > g > g > g#layer1 > polyline
M3 S90
G4 P0.2
G0 X210.03366187268392 Y88.939720846702
M3 S30
G4 P0.2
G1 X210.03366187268392 Y88.939720846702 F300
G1 X209.6618164560217 Y87.82415813838192 F300
G1 X209.6618164560217 Y87.45231272171968 F300
G1 X210.03366187268392 Y87.26639001338856 F300
G1 X210.40550728934622 Y87.45231272171968 F300
G1 X210.59142999767735 Y87.63823543005078 F300
G1 X210.96327541433956 Y88.19600355504417 F300;svg > g > g > g#layer1 > polyline
M3 S90
G4 P0.2
G0 X210.2195845810151 Y88.939720846702
M3 S30
G4 P0.2
G1 X210.2195845810151 Y88.939720846702 F300
G1 X209.84773916435284 Y87.82415813838192 F300
G1 X209.84773916435284 Y87.45231272171968 F300
G1 X210.03366187268392 Y87.26639001338856 F300;svg > g > g > g#layer1 > polyline
M3 S90
G4 P0.2
G0 X210.96327541433956 Y88.19600355504417
M3 S30
G4 P0.2
G1 X210.96327541433956 Y88.19600355504417 F300
G1 X211.33514728933517 Y88.75379813837087 F300
G1 X211.70699270599744 Y89.49748897169539 F300;svg > g > g > g#layer1 > polyline
M3 S90
G4 P0.2
G0 X212.2647608309908 Y91.17079334667552
M3 S30
G4 P0.2
G1 X212.2647608309908 Y91.17079334667552 F300
G1 X211.14922458100406 Y87.82415813838192 F300
G1 X211.14922458100406 Y87.45231272171968 F300
G1 X211.5210699976663 Y87.26639001338856 F300
G1 X211.89291541432857 Y87.45231272171968 F300
G1 X212.0788381226597 Y87.63823543005078 F300
G1 X212.45068353932191 Y88.19600355504417 F300;svg > g > g > g#layer1 > polyline
M3 S90
G4 P0.2
G0 X212.45068353932191 Y91.17079334667552
M3 S30
G4 P0.2
G1 X212.45068353932191 Y91.17079334667552 F300
G1 X211.33514728933517 Y87.82415813838192 F300
G1 X211.33514728933517 Y87.45231272171968 F300
G1 X211.5210699976663 Y87.26639001338856 F300;svg > g > g > g#layer1 > line
M3 S90
G4 P0.2
G0 X211.33514728933517 Y89.6834116800265
M3 S30
G4 P0.2
G1 X212.45068353932191 Y89.6834116800265 F300;svg > g > g > g#layer1 > polygon
M3 S90
G4 P0.2
G0 X213.38029708097756 Y90.05525709668875
M3 S30
G4 P0.2
G1 X213.38029708097756 Y90.05525709668875 F300
G1 X213.19437437264642 Y89.86933438835761 F300
G1 X213.38029708097756 Y89.6834116800265 F300
G1 X213.56621978930866 Y89.86933438835761 F300
G1 X213.38029708097756 Y90.05525709668875 F300;svg > g > g > g#layer1 > polyline
M3 S90
G4 P0.2
G0 X213.00845166431534 Y88.939720846702
M3 S30
G4 P0.2
G1 X213.00845166431534 Y88.939720846702 F300
G1 X212.63660624765302 Y87.82415813838192 F300
G1 X212.63660624765302 Y87.45231272171968 F300
G1 X213.00845166431534 Y87.26639001338856 F300
G1 X213.38029708097756 Y87.45231272171968 F300
G1 X213.56621978930866 Y87.63823543005078 F300
G1 X213.93806520597093 Y88.19600355504417 F300;svg > g > g > g#layer1 > polyline
M3 S90
G4 P0.2
G0 X213.19437437264642 Y88.939720846702
M3 S30
G4 P0.2
G1 X213.19437437264642 Y88.939720846702 F300
G1 X212.82252895598418 Y87.82415813838192 F300
G1 X212.82252895598418 Y87.45231272171968 F300
G1 X213.00845166431534 Y87.26639001338856 F300;svg > g > g > g#layer1 > polyline
M3 S90
G4 P0.2
G0 X215.2395241642888 Y88.939720846702
M3 S30
G4 P0.2
G1 X215.2395241642888 Y88.939720846702 F300
G1 X214.86767874762654 Y88.939720846702 F300
G1 X214.49583333096427 Y88.75379813837087 F300
G1 X214.3099106226332 Y88.56787543003976 F300
G1 X214.12398791430206 Y88.19600355504417 F300
G1 X214.12398791430206 Y87.82415813838192 F300
G1 X214.3099106226332 Y87.45231272171968 F300
G1 X214.68175603929546 Y87.26639001338856 F300
G1 X215.0536014559577 Y87.26639001338856 F300
G1 X215.42544687261991 Y87.45231272171968 F300
G1 X215.61136958095105 Y87.63823543005078 F300
G1 X215.79729228928218 Y88.01008084671305 F300
G1 X215.79729228928218 Y88.38192626337528 F300
G1 X215.61136958095105 Y88.75379813837087 F300
G1 X215.2395241642888 Y88.939720846702 F300
G1 X215.0536014559577 Y88.75379813837087 F300
G1 X215.0536014559577 Y88.38192626337528 F300
G1 X215.2395241642888 Y88.01008084671305 F300
G1 X215.61136958095105 Y87.82415813838192 F300
G1 X215.9832149976133 Y87.82415813838192 F300
G1 X216.35506041427556 Y88.01008084671305 F300
G1 X216.5409831226067 Y88.19600355504417 F300;svg > g > g > g#layer1 > polyline
M3 S90
G4 P0.2
G0 X214.86767874762654 Y88.939720846702
M3 S30
G4 P0.2
G1 X214.86767874762654 Y88.939720846702 F300
G1 X214.49583333096427 Y88.56787543003976 F300
G1 X214.3099106226332 Y88.19600355504417 F300
G1 X214.3099106226332 Y87.63823543005078 F300
G1 X214.68175603929546 Y87.26639001338856 F300;svg > g > g > g#layer1 > polyline
M3 S90
G4 P0.2
G0 X216.5409831226067 Y88.19600355504417
M3 S30
G4 P0.2
G1 X216.5409831226067 Y88.19600355504417 F300
G1 X216.9128285392689 Y88.75379813837087 F300
G1 X217.28467395593117 Y88.939720846702 F300
G1 X217.65651937259344 Y88.75379813837087 F300
G1 X217.65651937259344 Y88.38192626337528 F300
G1 X217.28467395593117 Y87.26639001338856 F300;svg > g > g > g#layer1 > polyline
M3 S90
G4 P0.2
G0 X217.28467395593117 Y88.939720846702
M3 S30
G4 P0.2
G1 X217.28467395593117 Y88.939720846702 F300
G1 X217.47059666426233 Y88.75379813837087 F300
G1 X217.47059666426233 Y88.38192626337528 F300
G1 X217.0987512476001 Y87.26639001338856 F300;svg > g > g > g#layer1 > polyline
M3 S90
G4 P0.2
G0 X217.65651937259344 Y88.38192626337528
M3 S30
G4 P0.2
G1 X217.65651937259344 Y88.38192626337528 F300
G1 X218.02839124758904 Y88.75379813837087 F300
G1 X218.40023666425125 Y88.939720846702 F300
G1 X218.58615937258244 Y88.939720846702 F300
G1 X218.95800478924468 Y88.75379813837087 F300
G1 X218.95800478924468 Y88.38192626337528 F300
G1 X218.77208208091352 Y87.82415813838192 F300
G1 X218.77208208091352 Y87.45231272171968 F300
G1 X218.95800478924468 Y87.26639001338856 F300;svg > g > g > g#layer1 > polyline
M3 S90
G4 P0.2
G0 X218.58615937258244 Y88.939720846702
M3 S30
G4 P0.2
G1 X218.58615937258244 Y88.939720846702 F300
G1 X218.77208208091352 Y88.75379813837087 F300
G1 X218.77208208091352 Y88.38192626337528 F300
G1 X218.58615937258244 Y87.82415813838192 F300
G1 X218.58615937258244 Y87.45231272171968 F300
G1 X218.95800478924468 Y87.26639001338856 F300
G1 X219.3298502059069 Y87.45231272171968 F300
G1 X219.51577291423806 Y87.63823543005078 F300
G1 X219.88761833090032 Y88.19600355504417 F300;svg > g > g > g#layer1 > polygon
M3 S90
G4 P0.2
G0 X221.00315458088704 Y89.86933438835761
M3 S30
G4 P0.2
G1 X221.00315458088704 Y89.86933438835761 F300
G1 X220.81723187255588 Y89.6834116800265 F300
G1 X221.00315458088704 Y89.49748897169539 F300
G1 X221.18907728921815 Y89.6834116800265 F300
G1 X221.00315458088704 Y89.86933438835761 F300;svg > g > g > g#layer1 > polyline
M3 S90
G4 P0.2
G0 X220.44538645589367 Y87.63823543005078
M3 S30
G4 P0.2
G1 X220.44538645589367 Y87.63823543005078 F300
G1 X220.25946374756253 Y87.45231272171968 F300
G1 X220.44538645589367 Y87.26639001338856 F300
G1 X220.6313091642248 Y87.45231272171968 F300;svg > g > g > g#figure_1 > g#text_1 > g > use > path#Cmmi10-64
M3 S90
G4 P0.2
G0 X30.70859550780408 Y78.57861459938627
M3 S30
G4 P0.2
G1 X30.30304713541307 Y78.77279396136312 F300
G1 X30.155343489581487 Y79.23118458635768 F300
G1 X30.29031406249655 Y79.77234018530962 F300
G1 X30.65575325520054 Y80.2390073076999 F300
G1 X31.149796484361342 Y80.42491017228102 F300
G1 X31.365622070296286 Y80.3580615394693 F300
G1 X31.51587233071117 Y80.18043517228391 F300
G1 X31.74506764320844 Y81.08957657852312 F300
G1 X31.764803906229044 Y81.19908100560517 F300
G1 X31.499955989565517 Y81.26465633112521 F300
G1 X31.458573502586844 Y81.31813523737458 F300
G1 X31.467486653628406 Y81.35378784154082 F300
G1 X31.485312955711525 Y81.39389702122784 F300
G1 X31.51587233071117 Y81.407903401436 F300
G1 X32.0653044270588 Y81.45183250299797 F300
G1 X32.114963411433216 Y81.39962690404028 F300
G1 X31.52796874998186 Y79.0561048337556 F300
G1 X31.499955989565517 Y78.8612888181329 F300
G1 X31.617736914043284 Y78.68620906553083 F300
G1 X31.811279622374325 Y78.84791909157059 F300
G1 X31.923967317685488 Y79.22354474260779 F300
G1 X31.95579999997677 Y79.24710092750333 F300
G1 X32.005458984351186 Y79.24710092750333 F300
G1 X32.03092513018422 Y79.23309454729515 F300
G1 X32.041111588517424 Y79.20762840146213 F300
G1 X31.885131445290114 Y78.75051108375924 F300
G1 X31.609460416647547 Y78.57861459938627 F300
G1 X31.36689537758793 Y78.65883295876031 F300
G1 X31.23574472654782 Y78.8733852374036 F300
G1 X30.70859550780408 Y78.57861459938627 F300
M3 S90
G4 P0.2
G0 X30.712415429679034 Y78.68620906553083
M3 S30
G4 P0.2
G1 X30.997636263008985 Y78.79635014625869 F300
G1 X31.23574472654782 Y79.0561048337556 F300
G1 X31.239564648422775 Y79.07202117490125 F300
G1 X31.462393424461798 Y79.96970281551557 F300
G1 X31.356708919254718 Y80.21608777645017 F300
G1 X31.140246679673957 Y80.31986232071976 F300
G1 X30.884311914051995 Y80.20717462540861 F300
G1 X30.684402669262703 Y79.94169005509926 F300
G1 X30.532242447910345 Y79.49412254208374 F300
G1 X30.459663932286205 Y79.05228491188065 F300
G1 X30.52014602863965 Y78.79826010719616 F300
G1 X30.712415429679034 Y78.68620906553083 F300;svg > g > g > g#figure_1 > g#text_1 > g > use > path#Cmmi10-79
M3 S90
G4 P0.2
G0 X32.4613825655541 Y78.04127892230932
M3 S30
G4 P0.2
G1 X32.75933647180056 Y77.89421193012356 F300
G1 X33.09357963585909 Y78.02981915668444 F300
G1 X33.32150164106472 Y78.3570591306389 F300
G1 X33.45583556033396 Y78.7498744301134 F300
G1 X33.06365691450528 Y78.57861459938627 F300
G1 X32.78925919315437 Y78.6340034665731 F300
G1 X32.61290613326064 Y78.80017006813364 F300
G1 X32.55051407596971 Y79.06820125302629 F300
G1 X32.586166680135946 Y79.34132566708554 F300
G1 X32.68675795617643 Y79.653922607186 F300
G1 X32.79944565148758 Y79.95378647436993 F300
G1 X32.852924557736955 Y80.19826147436704 F300
G1 X32.76379304732134 Y80.31986232071976 F300
G1 X32.49767182336617 Y80.15369571915923 F300
G1 X32.34360164107633 Y79.78252664364281 F300
G1 X32.30985899784756 Y79.75642384416395 F300
G1 X32.262109974410635 Y79.75642384416395 F300
G1 X32.228367331181865 Y79.79462306291349 F300
G1 X32.228367331181865 Y79.80608282853836 F300
G1 X32.42891322961699 Y80.23709734676241 F300
G1 X32.77143289107126 Y80.42491017228102 F300
G1 X33.01718119836 Y80.32941212540716 F300
G1 X33.117772474400475 Y80.08684708634753 F300
G1 X33.08402983117171 Y79.92768367489109 F300
G1 X33.002538164506014 Y79.7105847816645 F300
G1 X32.90449350304885 Y79.43427709937612 F300
G1 X32.849104635862 Y79.21908816708701 F300
G1 X32.82745841190392 Y79.00835581031868 F300
G1 X32.88475724002824 Y78.7797971514672 F300
G1 X33.06811349002606 Y78.68620906553083 F300
G1 X33.52141088585401 Y78.99434943011049 F300
G1 X33.83018790407951 Y80.24983041967894 F300
G1 X33.89321661501626 Y80.34214519832366 F300
G1 X34.00081108116082 Y80.38098107071903 F300
G1 X34.08739597699312 Y80.34914838842775 F300
G1 X34.12432188845102 Y80.26574676082457 F300
G1 X34.120501966576064 Y80.23391407853327 F300
G1 X33.7162269014767 Y78.61235724261503 F300
G1 X33.519500924916535 Y78.21253875303645 F300
G1 X33.174434648878965 Y77.9050350421026 F300
G1 X32.753606588988134 Y77.78852742491648 F300
G1 X32.54414753951144 Y77.82990991189516 F300
G1 X32.377344284305096 Y77.95214741189372 F300
G1 X32.31367891972252 Y78.14314350564145 F300
G1 X32.37925424524257 Y78.33604956032666 F300
G1 X32.554333997844665 Y78.41754122699236 F300
G1 X32.66511173221834 Y78.37679539365949 F300
G1 X32.709677487426156 Y78.2704742348066 F300
G1 X32.63964558638532 Y78.1074909014752 F300
G1 X32.477298906699744 Y78.03745900043437 F300
G1 X32.46902240930401 Y78.04064226866349 F300
G1 X32.4613825655541 Y78.04127892230932 F300;svg > g > g > g#figure_1 > g#text_1 > g > use > path#Cmmi10-64
M3 S90
G4 P0.2
G0 X30.999637174467292 Y73.0962991046597
M3 S30
G4 P0.2
G1 X30.59408880207628 Y73.29047846663657 F300
G1 X30.4463851562447 Y73.74886909163111 F300
G1 X30.581355729159757 Y74.29002469058304 F300
G1 X30.946794921863752 Y74.75669181297333 F300
G1 X31.440838151024554 Y74.94259467755444 F300
G1 X31.656663736959494 Y74.87574604474274 F300
G1 X31.806913997374377 Y74.69811967755734 F300
G1 X32.03610930987165 Y75.60726108379654 F300
G1 X32.05584557289225 Y75.71676551087859 F300
G1 X31.790997656228726 Y75.78234083639865 F300
G1 X31.749615169250053 Y75.83581974264801 F300
G1 X31.758528320291614 Y75.87147234681426 F300
G1 X31.776354622374736 Y75.91158152650128 F300
G1 X31.806913997374377 Y75.92558790670944 F300
G1 X32.35634609372201 Y75.96951700827141 F300
G1 X32.40600507809643 Y75.91731140931371 F300
G1 X31.819010416645067 Y73.57378933902903 F300
G1 X31.790997656228726 Y73.37897332340634 F300
G1 X31.908778580706496 Y73.20389357080427 F300
G1 X32.10232128903753 Y73.36560359684402 F300
G1 X32.2150089843487 Y73.74122924788122 F300
G1 X32.24684166663998 Y73.76478543277676 F300
G1 X32.29650065101439 Y73.76478543277676 F300
G1 X32.32196679684742 Y73.75077905256859 F300
G1 X32.332153255180636 Y73.72531290673557 F300
G1 X32.176173111953325 Y73.26819558903266 F300
G1 X31.90050208331076 Y73.0962991046597 F300
G1 X31.657937044251142 Y73.17651746403375 F300
G1 X31.526786393211026 Y73.39106974267703 F300
G1 X30.999637174467292 Y73.0962991046597 F300
M3 S90
G4 P0.2
G0 X31.003457096342245 Y73.20389357080427
M3 S30
G4 P0.2
G1 X31.288677929672193 Y73.31403465153213 F300
G1 X31.526786393211026 Y73.57378933902903 F300
G1 X31.530606315085986 Y73.58970568017469 F300
G1 X31.753435091125006 Y74.48738732078901 F300
G1 X31.647750585917926 Y74.73377228172359 F300
G1 X31.43128834633717 Y74.8375468259932 F300
G1 X31.175353580715203 Y74.72485913068203 F300
G1 X30.975444335925914 Y74.4593745603727 F300
G1 X30.823284114573553 Y74.01180704735717 F300
G1 X30.750705598949413 Y73.56996941715407 F300
G1 X30.811187695302863 Y73.3159446124696 F300
G1 X31.003457096342245 Y73.20389357080427 F300;svg > g > g > g#figure_1 > g#text_1 > g > use > path#Cmmi10-74
M3 S90
G4 P0.2
G0 X32.66265606815588 Y73.47256140934273
M3 S30
G4 P0.2
G1 X32.67475248742657 Y73.58588575829972 F300
G1 X32.96888647179807 Y74.75541850568166 F300
G1 X32.541055221803155 Y74.75541850568166 F300
G1 X32.499672734824486 Y74.80953406557686 F300
G1 X32.553151641073846 Y74.89866557599247 F300
G1 X33.004539075964324 Y74.89866557599247 F300
G1 X33.16815906294154 Y75.56333198223457 F300
G1 X33.23182442752412 Y75.65501010723348 F300
G1 X33.33878224002285 Y75.6925726723372 F300
G1 X33.42536713585516 Y75.66137664369175 F300
G1 X33.46038308637558 Y75.57924832338021 F300
G1 X33.459109779083924 Y75.56014871400545 F300
G1 X33.45656316450062 Y75.54550568015145 F300
G1 X33.29357983116922 Y74.89866557599247 F300
G1 X33.71313458376841 Y74.89866557599247 F300
G1 X33.755153724392905 Y74.8451866697431 F300
G1 X33.74687722699717 Y74.81080737286851 F300
G1 X33.73096088585153 Y74.77133484682733 F300
G1 X33.70103816449772 Y74.75541850568166 F300
G1 X33.25729057335715 Y74.75541850568166 F300
G1 X32.96506654992312 Y73.57760926090398 F300
G1 X32.93514382856931 Y73.37897332340634 F300
G1 X33.054834713984555 Y73.20389357080427 F300
G1 X33.37188822960579 Y73.37197013330226 F300
G1 X33.583893893665774 Y73.74122924788122 F300
G1 X33.61572657595706 Y73.76478543277676 F300
G1 X33.66538556033147 Y73.76478543277676 F300
G1 X33.6908517061645 Y73.75396232079773 F300
G1 X33.70103816449772 Y73.72913282861053 F300
G1 X33.69721824262276 Y73.71703640933984 F300
G1 X33.4361902478342 Y73.28347527653249 F300
G1 X33.044648255651346 Y73.0962991046597 F300
G1 X32.77279714888374 Y73.20134695622096 F300
G1 X32.66265606815588 Y73.47256140934273 F300;svg > g > g > g#figure_1 > g#text_1 > g > use > path#Cmr10-3d
M3 S90
G4 P0.2
G0 X36.30349636759182 Y76.37879438112073
M3 S30
G4 P0.2
G1 X36.22345990925943 Y76.41517458945361 F300
G1 X36.192536732176464 Y76.49521104778601 F300
G1 X36.22345990925943 Y76.57706651653504 F300
G1 X36.30349636759182 Y76.61162771445129 F300
G1 X39.95879779984007 Y76.61162771445129 F300
G1 X40.0324677217142 Y76.57706651653504 F300
G1 X40.064300404005486 Y76.49521104778601 F300
G1 X40.0324677217142 Y76.41517458945361 F300
G1 X39.95879779984007 Y76.37879438112073 F300
G1 X36.30349636759182 Y76.37879438112073 F300
M3 S90
G4 P0.2
G0 X36.30349636759182 Y77.51021886027395
M3 S30
G4 P0.2
G1 X36.22345990925943 Y77.5438705529819 F300
G1 X36.192536732176464 Y77.62663552693922 F300
G1 X36.22345990925943 Y77.7057624800633 F300
G1 X36.30349636759182 Y77.74305219360451 F300
G1 X39.95879779984007 Y77.74305219360451 F300
G1 X40.0324677217142 Y77.7057624800633 F300
G1 X40.064300404005486 Y77.62663552693922 F300
G1 X40.0324677217142 Y77.5438705529819 F300
G1 X39.95879779984007 Y77.51021886027395 F300
G1 X36.30349636759182 Y77.51021886027395 F300;svg > g > g > g#figure_1 > g#text_1 > g > use > path#Cmr10-6c
M3 S90
G4 P0.2
G0 X43.04440792905343 Y75.60571495404656
M3 S30
G4 P0.2
G1 X43.04440792905343 Y75.81035362591913 F300
G1 X43.37092029884121 Y75.8412768030021 F300
G1 X43.49916053321469 Y75.99498318320862 F300
G1 X43.49916053321469 Y79.05092068317234 F300
G1 X43.45186626238192 Y79.27647797483633 F300
G1 X43.31725949155019 Y79.36197146441863 F300
G1 X43.04440792905343 Y79.3774330529601 F300
G1 X43.04440792905343 Y79.58207172483267 F300
G1 X43.90843787695983 Y79.64482758420695 F300
G1 X43.90843787695983 Y75.99498318320862 F300
G1 X44.03576860612499 Y75.8412768030021 F300
G1 X44.36046196549613 Y75.81035362591913 F300
G1 X44.36046196549613 Y75.60571495404656 F300
G1 X43.04440792905343 Y75.60571495404656 F300;svg > g > g > g#figure_1 > g#text_1 > g > use > path#Cmr10-69
M3 S90
G4 P0.2
G0 X44.65593747732596 Y75.60571495404656
M3 S30
G4 P0.2
G1 X44.65593747732596 Y75.81035362591913 F300
G1 X44.98244984711375 Y75.8412768030021 F300
G1 X45.11069008148723 Y75.99498318320862 F300
G1 X45.11069008148723 Y77.58388878214808 F300
G1 X45.02337758148826 Y77.85946886026981 F300
G1 X44.68140362315899 Y77.91040115193586 F300
G1 X44.68140362315899 Y78.11503982380844 F300
G1 X45.519967425232366 Y78.1777956831827 F300
G1 X45.519967425232366 Y75.99498318320862 F300
G1 X45.630927060647714 Y75.8412768030021 F300
G1 X45.92651625335253 Y75.81035362591913 F300
G1 X45.92651625335253 Y75.60571495404656 F300
G1 X44.65593747732596 Y75.60571495404656 F300
M3 S90
G4 P0.2
G0 X44.90332289398968 Y79.17825141233747
M3 S30
G4 P0.2
G1 X44.99973044607187 Y79.40289919879315 F300
G1 X45.221649716902576 Y79.49930675087533 F300
G1 X45.379903623150696 Y79.45656000608417 F300
G1 X45.49995831064927 Y79.33741482379394 F300
G1 X45.542705055440436 Y79.17825141233747 F300
G1 X45.44538799814992 Y78.95633214150679 F300
G1 X45.221649716902576 Y78.8599245894246 F300
G1 X44.99973044607187 Y78.95633214150679 F300
G1 X44.90332289398968 Y79.17825141233747 F300;svg > g > g > g#figure_1 > g#text_1 > g > use > path#Cmr10-6d
M3 S90
G4 P0.2
G0 X46.262009994348546 Y75.60571495404656
M3 S30
G4 P0.2
G1 X46.262009994348546 Y75.81035362591913 F300
G1 X46.58852236413634 Y75.8412768030021 F300
G1 X46.71676259850982 Y75.99498318320862 F300
G1 X46.71676259850982 Y77.58388878214808 F300
G1 X46.669468327677045 Y77.80944607381207 F300
G1 X46.53486155684531 Y77.89493956339439 F300
G1 X46.262009994348546 Y77.91040115193586 F300
G1 X46.262009994348546 Y78.11503982380844 F300
G1 X47.106030827671866 Y78.1777956831827 F300
G1 X47.106030827671866 Y77.60935492798112 F300
G1 X47.4507333016261 Y78.01863227172625 F300
G1 X47.95005166099517 Y78.1777956831827 F300
G1 X48.73768317140249 Y77.63209255818917 F300
G1 X49.07783811931511 Y78.02681781860116 F300
G1 X49.56988043701761 Y78.1777956831827 F300
G1 X50.01462848388732 Y78.09230219360037 F300
G1 X50.28657054117576 Y77.83218370402014 F300
G1 X50.37752106200802 Y77.39380219360866 F300
G1 X50.37752106200802 Y75.99498318320862 F300
G1 X50.50667080158982 Y75.8412768030021 F300
G1 X50.83227366616928 Y75.81035362591913 F300
G1 X50.83227366616928 Y75.60571495404656 F300
G1 X49.49893903076845 Y75.60571495404656 F300
G1 X49.49893903076845 Y75.81035362591913 F300
G1 X49.82545140055623 Y75.8412768030021 F300
G1 X49.95369163492971 Y75.99498318320862 F300
G1 X49.95369163492971 Y77.37652159465055 F300
G1 X49.870926660972366 Y77.84855479776994 F300
G1 X49.533500228684694 Y78.02772732380949 F300
G1 X48.97870205160796 Y77.75760427693768 F300
G1 X48.76042080161056 Y77.14368826131998 F300
G1 X48.76042080161056 Y75.99498318320862 F300
G1 X48.8877515307757 Y75.8412768030021 F300
G1 X49.21517340577182 Y75.81035362591913 F300
G1 X49.21517340577182 Y75.60571495404656 F300
G1 X47.88183877037098 Y75.60571495404656 F300
G1 X47.88183877037098 Y75.81035362591913 F300
G1 X48.20835114015877 Y75.8412768030021 F300
G1 X48.33659137453225 Y75.99498318320862 F300
G1 X48.33659137453225 Y77.37652159465055 F300
G1 X48.2538264005749 Y77.84400727172833 F300
G1 X47.91549046307892 Y78.02772732380949 F300
G1 X47.35978278079384 Y77.75760427693768 F300
G1 X47.142411036004766 Y77.14368826131998 F300
G1 X47.142411036004766 Y75.99498318320862 F300
G1 X47.27065127037824 Y75.8412768030021 F300
G1 X47.594435124541064 Y75.81035362591913 F300
G1 X47.594435124541064 Y75.60571495404656 F300
G1 X46.262009994348546 Y75.60571495404656 F300;svg > g > g > g#figure_1 > g#text_1 > g > use > path#Cmr10-a2
M3 S90
G4 P0.2
G0 X41.63094588479938 Y71.5977983234275
M3 S30
G4 P0.2
G1 X41.59720324157062 Y71.6296310057188 F300
G1 X41.59974985615391 Y71.63536088853122 F300
G1 X41.60102316344557 Y71.64363738592695 F300
G1 X43.00357114519974 Y74.47101622703923 F300
G1 X43.077422968115535 Y74.51430867495537 F300
G1 X43.13281183530237 Y74.51430867495537 F300
G1 X43.20666365821817 Y74.47101622703923 F300
G1 X44.60921163997235 Y71.64363738592695 F300
G1 X44.611758254555646 Y71.63663419582288 F300
G1 X44.61303156184729 Y71.6296310057188 F300
G1 X44.57928891861854 Y71.5977983234275 F300
G1 X41.63094588479938 Y71.5977983234275 F300
M3 S90
G4 P0.2
G0 X41.89961372333785 Y71.92440164373613
M3 S30
G4 P0.2
G1 X44.046409817062354 Y71.92440164373613 F300
G1 X42.97364842384594 Y74.08647742496045 F300
G1 X41.89961372333785 Y71.92440164373613 F300;svg > g > g > g#figure_1 > g#text_1 > g > use > path#Cmmi10-74
M3 S90
G4 P0.2
G0 X45.056938323675354 Y71.92822156561107
M3 S30
G4 P0.2
G1 X45.06903474294605 Y72.04154591456808 F300
G1 X45.363168727317564 Y73.21107866195001 F300
G1 X44.93533747732264 Y73.21107866195001 F300
G1 X44.89395499034396 Y73.2651942218452 F300
G1 X44.94743389659333 Y73.3543257322608 F300
G1 X45.398821331483795 Y73.3543257322608 F300
G1 X45.562441318461026 Y74.01899213850292 F300
G1 X45.62610668304361 Y74.11067026350183 F300
G1 X45.73306449554233 Y74.14823282860556 F300
G1 X45.81964939137464 Y74.11703679996008 F300
G1 X45.85466534189505 Y74.03490847964856 F300
G1 X45.853392034603395 Y74.01580887027379 F300
G1 X45.85084542002009 Y74.0011658364198 F300
G1 X45.6878620866887 Y73.3543257322608 F300
G1 X46.107416839287886 Y73.3543257322608 F300
G1 X46.14943597991239 Y73.30084682601144 F300
G1 X46.141159482516656 Y73.26646752913686 F300
G1 X46.125243141371 Y73.22699500309565 F300
G1 X46.095320420017195 Y73.21107866195001 F300
G1 X45.65157282887664 Y73.21107866195001 F300
G1 X45.3593488054426 Y72.03326941717232 F300
G1 X45.32942608408879 Y71.8346334796747 F300
G1 X45.44911696950404 Y71.65955372707259 F300
G1 X45.766170485125265 Y71.8276302895706 F300
G1 X45.97817614918526 Y72.19688940414956 F300
G1 X46.01000883147655 Y72.22044558904511 F300
G1 X46.05966781585095 Y72.22044558904511 F300
G1 X46.08513396168398 Y72.20962247706606 F300
G1 X46.095320420017195 Y72.18479298487885 F300
G1 X46.091500498142246 Y72.17269656560818 F300
G1 X45.83047250335368 Y71.73913543280084 F300
G1 X45.438930511170824 Y71.55195926092804 F300
G1 X45.167079404403225 Y71.6570071124893 F300
G1 X45.056938323675354 Y71.92822156561107 F300;svg > g > g > g#figure_1 > g#text_1 > g > use > path#Cmsy10-21
M3 S90
G4 P0.2
G0 X46.58068923961561 Y72.53495249008304
M3 S30
G4 P0.2
G1 X46.52466371878293 Y72.56041863591605 F300
G1 X46.50301749482485 Y72.61644415674874 F300
G1 X46.52466371878293 Y72.67183302393558 F300
G1 X46.58068923961561 Y72.69793582341444 F300
G1 X49.67291599739139 Y72.69793582341444 F300
G1 X49.39788162239465 Y72.95578054997388 F300
G1 X49.199245684897 Y73.2702874510118 F300
G1 X49.085921335940014 Y73.62745014632006 F300
G1 X49.1273038229187 Y73.68092905256943 F300
G1 X49.208795489584396 Y73.68092905256943 F300
G1 X49.2336249817716 Y73.66883263329875 F300
G1 X49.24890466927142 Y73.64336648746573 F300
G1 X49.35522582812432 Y73.31803647444875 F300
G1 X49.537308770830485 Y73.03790887028539 F300
G1 X49.78178377082759 Y72.8150800942464 F300
G1 X50.08865082811561 Y72.6622832192482 F300
G1 X50.11602693488612 Y72.61644415674874 F300
G1 X50.08865082811561 Y72.57697163070753 F300
G1 X49.698382143224414 Y72.35668946925182 F300
G1 X49.40615811979038 Y72.0128965005059 F300
G1 X49.24890466927142 Y71.58952182603177 F300
G1 X49.23298832812578 Y71.56405568019875 F300
G1 X49.208795489584396 Y71.55195926092804 F300
G1 X49.1273038229187 Y71.55195926092804 F300
G1 X49.085921335940014 Y71.60607482082324 F300
G1 X49.29219711718757 Y72.13004077133785 F300
G1 X49.67291599739139 Y72.53495249008304 F300
G1 X46.58068923961561 Y72.53495249008304 F300;svg > g > g > g#figure_1 > g#text_1 > g > use > path#Cmr10-30
M3 S90
G4 P0.2
G0 X51.367688002579584 Y71.50803015936606
M3 S30
G4 P0.2
G1 X50.68837856248349 Y71.91867176092369 F300
G1 X50.508205580714794 Y72.8972084145579 F300
G1 X50.5725075989432 Y73.56314812809167 F300
G1 X50.82907901821098 Y74.09348061506454 F300
G1 X51.367688002579584 Y74.31185281558277 F300
G1 X51.80697901819938 Y74.18006551089684 F300
G1 X52.068007012987934 Y73.84072911767171 F300
G1 X52.19024451298649 Y73.39507156559367 F300
G1 X52.223350502569424 Y72.8972084145579 F300
G1 X52.158411830695194 Y72.24145515935737 F300
G1 X51.90502367965655 Y71.72194578436353 F300
G1 X51.367688002579584 Y71.50803015936606 F300
M3 S90
G4 P0.2
G0 X51.367688002579584 Y71.61371466457314
M3 S30
G4 P0.2
G1 X51.70575108851307 Y71.84609324529956 F300
G1 X51.84326827601144 Y72.36178269841844 F300
G1 X51.8693710754903 Y72.96278374007797 F300
G1 X51.84326827601144 Y73.52749552392541 F300
G1 X51.706387742158896 Y73.99607260725318 F300
G1 X51.367688002579584 Y74.20616831037569 F300
G1 X51.02580499477115 Y73.99479929996154 F300
G1 X50.88828780727278 Y73.52622221663377 F300
G1 X50.862185007793926 Y72.96278374007797 F300
G1 X50.87300811977296 Y72.53495249008304 F300
G1 X50.93221690883476 Y72.11985431300464 F300
G1 X51.0862870911246 Y71.75950834946725 F300
G1 X51.367688002579584 Y71.61371466457314 F300;svg > g > g > g#figure_1 > g#text_1 > g > use > path#Cmr10-73
M3 S90
G4 P0.2
G0 X52.52194106246172 Y78.79507686807119
M3 S30
G4 P0.2
G1 X52.52194106246172 Y79.45974327431331 F300
G1 X52.55759366662796 Y79.49157595660459 F300
G1 X52.607252651002376 Y79.49157595660459 F300
G1 X52.63908533329366 Y79.45974327431331 F300
G1 X53.18788077599548 Y78.86892869098699 F300
G1 X53.51130082807497 Y78.9561502404651 F300
G1 X53.641814825469254 Y79.2267280399411 F300
G1 X53.539950242137124 Y79.45083012327176 F300
G1 X53.299295164014985 Y79.57688754514524 F300
G1 X53.02680740360155 Y79.63100310504043 F300
G1 X52.77723917443785 Y79.72204457639353 F300
G1 X52.59324627079421 Y79.88630121701658 F300
G1 X52.52194106246172 Y80.12440968055542 F300
G1 X52.616165802043945 Y80.41727035763527 F300
G1 X52.86127745568685 Y80.58280030554998 F300
G1 X53.18788077599548 Y80.63373259721604 F300
G1 X53.552046661407815 Y80.52231820919653 F300
G1 X53.66982758588559 Y80.62354613888283 F300
G1 X53.68956384890618 Y80.63373259721604 F300
G1 X53.71948657025999 Y80.63373259721604 F300
G1 X53.741132794218075 Y80.62227283159116 F300
G1 X53.75131925255128 Y80.59998995398726 F300
G1 X53.75131925255128 Y80.06647419878526 F300
G1 X53.71948657025999 Y80.02891163368155 F300
G1 X53.66982758588559 Y80.02891163368155 F300
G1 X53.63353832807353 Y80.06647419878526 F300
G1 X53.51512074994993 Y80.40899386023953 F300
G1 X53.18406085412053 Y80.53823455034218 F300
G1 X52.86700733849929 Y80.4701126102388 F300
G1 X52.732673419230046 Y80.2377340295124 F300
G1 X52.828808119749745 Y80.05183116493129 F300
G1 X53.05482016401789 Y79.94741996701585 F300
G1 X53.33112784630628 Y79.89521436805813 F300
G1 X53.590882533803196 Y79.78761990191357 F300
G1 X53.781878627550924 Y79.59662380816584 F300
G1 X53.85254718223758 Y79.33623246702311 F300
G1 X53.80161489057152 Y79.08029770140115 F300
G1 X53.6602777811982 Y78.90012471963246 F300
G1 X53.44636215620074 Y78.79507686807119 F300
G1 X53.18788077599548 Y78.76133422484243 F300
G1 X52.752409682250644 Y78.93259405556957 F300
G1 X52.60343272912743 Y78.77152068317565 F300
G1 X52.58114985152351 Y78.76133422484243 F300
G1 X52.55759366662796 Y78.76133422484243 F300
G1 X52.52194106246172 Y78.79507686807119 F300;svg > g > g > g#figure_1 > g#text_1 > g > use > path#Cmr10-69
M3 S90
G4 P0.2
G0 X54.11731552810943 Y78.80717328734188
M3 S30
G4 P0.2
G1 X54.11731552810943 Y78.95042035765267 F300
G1 X54.34587418696088 Y78.97206658161075 F300
G1 X54.43564235102232 Y79.07966104775532 F300
G1 X54.43564235102232 Y80.19189496701293 F300
G1 X54.37452360102304 Y80.38480102169817 F300
G1 X54.13514183019255 Y80.4204536258644 F300
G1 X54.13514183019255 Y80.56370069617519 F300
G1 X54.72213649164391 Y80.60762979773718 F300
G1 X54.72213649164391 Y79.07966104775532 F300
G1 X54.799808236434664 Y78.97206658161075 F300
G1 X55.00672067132804 Y78.95042035765267 F300
G1 X55.00672067132804 Y78.80717328734188 F300
G1 X54.11731552810943 Y78.80717328734188 F300
M3 S90
G4 P0.2
G0 X54.29048531977404 Y81.30794880814551
M3 S30
G4 P0.2
G1 X54.35797060623157 Y81.46520225866449 F300
G1 X54.513314095813065 Y81.53268754512203 F300
G1 X54.624091830186735 Y81.50276482376823 F300
G1 X54.70813011143574 Y81.41936319616504 F300
G1 X54.738052832789556 Y81.30794880814551 F300
G1 X54.6699308926862 Y81.15260531856404 F300
G1 X54.513314095813065 Y81.0851200321065 F300
G1 X54.35797060623157 Y81.15260531856404 F300
G1 X54.29048531977404 Y81.30794880814551 F300;svg > g > g > g#figure_1 > g#text_1 > g > use > path#Cmr10-6e
M3 S90
G4 P0.2
G0 X55.24156623763776 Y78.80717328734188
M3 S30
G4 P0.2
G1 X55.24156623763776 Y78.95042035765267 F300
G1 X55.47012489648921 Y78.97206658161075 F300
G1 X55.55989306055064 Y79.07966104775532 F300
G1 X55.55989306055064 Y80.19189496701293 F300
G1 X55.52678707096771 Y80.34978507117773 F300
G1 X55.43256233138548 Y80.40963051388536 F300
G1 X55.24156623763776 Y80.4204536258644 F300
G1 X55.24156623763776 Y80.56370069617519 F300
G1 X55.83238082096406 Y80.60762979773718 F300
G1 X55.83238082096406 Y80.20972126909606 F300
G1 X56.073672552732035 Y80.49621540971766 F300
G1 X56.42319540429039 Y80.60762979773718 F300
G1 X56.84784338605618 Y80.4720225711763 F300
G1 X56.990453802721156 Y80.05883435503536 F300
G1 X56.990453802721156 Y79.07966104775532 F300
G1 X57.07958531313676 Y78.97206658161075 F300
G1 X57.30878062563404 Y78.95042035765267 F300
G1 X57.30878062563404 Y78.80717328734188 F300
G1 X56.37544638085345 Y78.80717328734188 F300
G1 X56.37544638085345 Y78.95042035765267 F300
G1 X56.60400503970491 Y78.97206658161075 F300
G1 X56.69377320376634 Y79.07966104775532 F300
G1 X56.69377320376634 Y80.04673793576467 F300
G1 X56.635837721996204 Y80.3739779097191 F300
G1 X56.39900256574901 Y80.50258194617594 F300
G1 X56.010007188149466 Y80.31349581336566 F300
G1 X55.857846966797105 Y79.88375460243327 F300
G1 X55.857846966797105 Y79.07966104775532 F300
G1 X55.94761513085854 Y78.97206658161075 F300
G1 X56.17426382877251 Y78.95042035765267 F300
G1 X56.17426382877251 Y78.80717328734188 F300
G1 X55.24156623763776 Y78.80717328734188 F300;svg > g > g > g#figure_1 > g#text_1 > g > use > path#Cmr10-28
M3 S90
G4 P0.2
G0 X58.64519622811816 Y77.79616729777055
M3 S30
G4 P0.2
G1 X58.254290889581135 Y78.207445552974 F300
G1 X57.98562305104267 Y78.70212543578063 F300
G1 X57.82964290781535 Y79.25092087848246 F300
G1 X57.778073962503456 Y79.82581912066313 F300
G1 X57.82964290781535 Y80.40453728471874 F300
G1 X57.98753301198014 Y80.95587934200387 F300
G1 X58.25938411874775 Y81.45119587845633 F300
G1 X58.64519622811816 Y81.85547094355567 F300
G1 X58.66556914478459 Y81.8631107873056 F300
G1 X58.703131709888304 Y81.8631107873056 F300
G1 X58.7247779338464 Y81.85228767532655 F300
G1 X58.7349643921796 Y81.82745818313936 F300
G1 X58.72732454842969 Y81.80135538366049 F300
G1 X58.39562799895447 Y81.38371059199878 F300
G1 X58.18234902760284 Y80.90876697221276 F300
G1 X58.06647806406254 Y80.38734763628148 F300
G1 X58.0308254598963 Y79.82581912066313 F300
G1 X58.72286797290891 Y77.85792270141566 F300
G1 X58.7349643921796 Y77.82418005818691 F300
G1 X58.72414128020056 Y77.80189718058298 F300
G1 X58.703131709888304 Y77.78852745402065 F300
G1 X58.66556914478459 Y77.78852745402065 F300
G1 X58.64519622811816 Y77.79616729777055 F300;svg > g > g > g#figure_1 > g#text_1 > g > use > path#Cmmi10-74
M3 S90
G4 P0.2
G0 X59.21651331900722 Y79.13759652952545
M3 S30
G4 P0.2
G1 X59.22860973827791 Y79.25092087848246 F300
G1 X59.52274372264942 Y80.4204536258644 F300
G1 X59.0949124726545 Y80.4204536258644 F300
G1 X59.053529985675816 Y80.47456918575958 F300
G1 X59.10700889192519 Y80.56370069617519 F300
G1 X59.55839632681566 Y80.56370069617519 F300
G1 X59.722016313792885 Y81.22836710241731 F300
G1 X59.78568167837546 Y81.32004522741622 F300
G1 X59.89263949087419 Y81.35760779251993 F300
G1 X59.9792243867065 Y81.32641176387448 F300
G1 X60.01424033722691 Y81.24428344356295 F300
G1 X60.012967029935254 Y81.22518383418819 F300
G1 X60.01042041535196 Y81.21054080033419 F300
G1 X59.847437082020555 Y80.56370069617519 F300
G1 X60.26699183461974 Y80.56370069617519 F300
G1 X60.30901097524424 Y80.51022178992582 F300
G1 X60.30073447784851 Y80.47584249305125 F300
G1 X60.28481813670286 Y80.43636996701004 F300
G1 X60.25489541534905 Y80.4204536258644 F300
G1 X59.81114782420849 Y80.4204536258644 F300
G1 X59.518923800774466 Y79.2426443810867 F300
G1 X59.48900107942066 Y79.04400844358908 F300
G1 X59.6086919648359 Y78.86892869098699 F300
G1 X59.92574548045714 Y79.03700525348499 F300
G1 X60.13775114451712 Y79.40626436806394 F300
G1 X60.1695838268084 Y79.4298205529595 F300
G1 X60.219242811182816 Y79.4298205529595 F300
G1 X60.244708957015845 Y79.41899744098045 F300
G1 X60.25489541534905 Y79.39416794879324 F300
G1 X60.25107549347411 Y79.38207152952256 F300
G1 X59.990047498685534 Y78.94851039671522 F300
G1 X59.598505506502676 Y78.76133422484243 F300
G1 X59.326654399735084 Y78.86638207640367 F300
G1 X59.21651331900722 Y79.13759652952545 F300;svg > g > g > g#figure_1 > g#text_1 > g > use > path#Cmr10-2b
M3 S90
G4 P0.2
G0 X61.45570373306396 Y79.74432745399743
M3 S30
G4 P0.2
G1 X61.39967821223129 Y79.76979359983044 F300
G1 X61.378031988273214 Y79.82581912066313 F300
G1 X61.39967821223129 Y79.88120798784996 F300
G1 X61.45570373306396 Y79.90731078732883 F300
G1 X62.65388589450807 Y79.90731078732883 F300
G1 X62.65388589450807 Y81.10931287064788 F300
G1 X62.67744207940362 Y81.16151846960561 F300
G1 X62.73537756117377 Y81.18252803991786 F300
G1 X62.790766428360605 Y81.16151846960561 F300
G1 X62.816869227839454 Y81.10931287064788 F300
G1 X62.816869227839454 Y79.90731078732883 F300
G1 X64.01441473563776 Y79.90731078732883 F300
G1 X64.06598368094963 Y79.88120798784996 F300
G1 X64.08826655855353 Y79.82581912066313 F300
G1 X64.06598368094963 Y79.76979359983044 F300
G1 X64.01441473563776 Y79.74432745399743 F300
G1 X62.816869227839454 Y79.74432745399743 F300
G1 X62.816869227839454 Y78.54232537067837 F300
G1 X62.790766428360605 Y78.49011977172064 F300
G1 X62.73537756117377 Y78.4691102014084 F300
G1 X62.67744207940362 Y78.49011977172064 F300
G1 X62.65388589450807 Y78.54232537067837 F300
G1 X62.65388589450807 Y79.74432745399743 F300
G1 X61.45570373306396 Y79.74432745399743 F300;svg > g > g > g#figure_1 > g#text_1 > g > use > path#Cmr10-a2
M3 S90
G4 P0.2
G0 X65.25119405710223 Y78.80717328734188
M3 S30
G4 P0.2
G1 X65.21745141387346 Y78.83900596963318 F300
G1 X65.21999802845676 Y78.84473585244561 F300
G1 X65.22127133574841 Y78.85301234984134 F300
G1 X66.6238193175026 Y81.6803911909536 F300
G1 X66.69767114041836 Y81.72368363886976 F300
G1 X66.75306000760521 Y81.72368363886976 F300
G1 X66.82691183052101 Y81.6803911909536 F300
G1 X68.22945981227518 Y78.85301234984134 F300
G1 X68.23200642685849 Y78.84600915973726 F300
G1 X68.23327973415014 Y78.83900596963318 F300
G1 X68.19953709092137 Y78.80717328734188 F300
G1 X65.25119405710223 Y78.80717328734188 F300
M3 S90
G4 P0.2
G0 X65.5198618956407 Y79.13377660765052
M3 S30
G4 P0.2
G1 X67.6666579893652 Y79.13377660765052 F300
G1 X66.59389659614878 Y81.29585238887483 F300
G1 X65.5198618956407 Y79.13377660765052 F300;svg > g > g > g#figure_1 > g#text_1 > g > use > path#Cmmi10-74
M3 S90
G4 P0.2
G0 X68.6771864959782 Y79.13759652952545
M3 S30
G4 P0.2
G1 X68.6892829152489 Y79.25092087848246 F300
G1 X68.98341689962041 Y80.4204536258644 F300
G1 X68.55558564962548 Y80.4204536258644 F300
G1 X68.51420316264681 Y80.47456918575958 F300
G1 X68.56768206889616 Y80.56370069617519 F300
G1 X69.01906950378665 Y80.56370069617519 F300
G1 X69.18268949076388 Y81.22836710241731 F300
G1 X69.24635485534644 Y81.32004522741622 F300
G1 X69.35331266784517 Y81.35760779251993 F300
G1 X69.43989756367749 Y81.32641176387448 F300
G1 X69.4749135141979 Y81.24428344356295 F300
G1 X69.47364020690624 Y81.22518383418819 F300
G1 X69.47109359232296 Y81.21054080033419 F300
G1 X69.30811025899155 Y80.56370069617519 F300
G1 X69.72766501159073 Y80.56370069617519 F300
G1 X69.76968415221523 Y80.51022178992582 F300
G1 X69.76140765481951 Y80.47584249305125 F300
G1 X69.74549131367384 Y80.43636996701004 F300
G1 X69.71556859232003 Y80.4204536258644 F300
G1 X69.27182100117949 Y80.4204536258644 F300
G1 X68.97959697774546 Y79.2426443810867 F300
G1 X68.94967425639163 Y79.04400844358908 F300
G1 X69.06936514180688 Y78.86892869098699 F300
G1 X69.38641865742812 Y79.03700525348499 F300
G1 X69.5984243214881 Y79.40626436806394 F300
G1 X69.63025700377939 Y79.4298205529595 F300
G1 X69.67991598815381 Y79.4298205529595 F300
G1 X69.70538213398683 Y79.41899744098045 F300
G1 X69.71556859232003 Y79.39416794879324 F300
G1 X69.71174867044509 Y79.38207152952256 F300
G1 X69.45072067565653 Y78.94851039671522 F300
G1 X69.05917868347368 Y78.76133422484243 F300
G1 X68.78732757670606 Y78.86638207640367 F300
G1 X68.6771864959782 Y79.13759652952545 F300;svg > g > g > g#figure_1 > g#text_1 > g > use > path#Cmr10-29
M3 S90
G4 P0.2
G0 X70.15955492493978 Y77.78852745402065
M3 S30
G4 P0.2
G1 X70.12326566712771 Y77.82418005818691 F300
G1 X70.13154216452344 Y77.85028285766575 F300
G1 X70.82804125305684 Y79.82581912066313 F300
G1 X70.13918200827335 Y81.7937155399106 F300
G1 X70.12326566712771 Y81.82745818313936 F300
G1 X70.13408877910673 Y81.85228767532655 F300
G1 X70.15955492493978 Y81.8631107873056 F300
G1 X70.1971174900435 Y81.8631107873056 F300
G1 X70.21685375306409 Y81.85547094355567 F300
G1 X70.70453044576665 Y81.29394242793735 F300
G1 X70.98975127909658 Y80.58980349565405 F300
G1 X71.08079275044967 Y79.82581912066313 F300
G1 X71.03177041972108 Y79.25792406858653 F300
G1 X70.8764269301396 Y78.70721866494725 F300
G1 X70.6071224379553 Y78.20553559203654 F300
G1 X70.21685375306409 Y77.79616729777055 F300
G1 X70.1971174900435 Y77.78852745402065 F300
G1 X70.15955492493978 Y77.78852745402065 F300;svg > g > g > g#figure_1 > g#text_1 > g > use > path#Cmsy10-a1
M3 S90
G4 P0.2
G0 X72.60756776393154 Y79.74432745399743
M3 S30
G4 P0.2
G1 X72.55154224309885 Y79.76979359983044 F300
G1 X72.52989601914079 Y79.82581912066313 F300
G1 X72.55154224309885 Y79.88120798784996 F300
G1 X72.60756776393154 Y79.90731078732883 F300
G1 X74.94535995140377 Y79.90731078732883 F300
G1 X74.99820220400733 Y79.88120798784996 F300
G1 X75.01921177431957 Y79.82581912066313 F300
G1 X74.99820220400733 Y79.76979359983044 F300
G1 X74.94535995140377 Y79.74432745399743 F300
G1 X72.60756776393154 Y79.74432745399743 F300;svg > g > g > g#figure_1 > g#text_1 > g > use > path#Cmr10-73
M3 S90
G4 P0.2
G0 X76.20824201413879 Y78.79507686807119
M3 S30
G4 P0.2
G1 X76.20824201413879 Y79.45974327431331 F300
G1 X76.24389461830502 Y79.49157595660459 F300
G1 X76.29355360267944 Y79.49157595660459 F300
G1 X76.32538628497073 Y79.45974327431331 F300
G1 X76.87418172767255 Y78.86892869098699 F300
G1 X77.19760177975203 Y78.9561502404651 F300
G1 X77.32811577714631 Y79.2267280399411 F300
G1 X77.22625119381419 Y79.45083012327176 F300
G1 X76.98559611569205 Y79.57688754514524 F300
G1 X76.71310835527864 Y79.63100310504043 F300
G1 X76.4635401261149 Y79.72204457639353 F300
G1 X76.27954722247128 Y79.88630121701658 F300
G1 X76.20824201413879 Y80.12440968055542 F300
G1 X76.30246675372099 Y80.41727035763527 F300
G1 X76.54757840736391 Y80.58280030554998 F300
G1 X76.87418172767255 Y80.63373259721604 F300
G1 X77.23834761308488 Y80.52231820919653 F300
G1 X77.35612853756265 Y80.62354613888283 F300
G1 X77.37586480058326 Y80.63373259721604 F300
G1 X77.40578752193707 Y80.63373259721604 F300
G1 X77.42743374589513 Y80.62227283159116 F300
G1 X77.43762020422834 Y80.59998995398726 F300
G1 X77.43762020422834 Y80.06647419878526 F300
G1 X77.40578752193707 Y80.02891163368155 F300
G1 X77.35612853756265 Y80.02891163368155 F300
G1 X77.31983927975058 Y80.06647419878526 F300
G1 X77.20142170162698 Y80.40899386023953 F300
G1 X76.87036180579759 Y80.53823455034218 F300
G1 X76.55330829017635 Y80.4701126102388 F300
G1 X76.41897437090711 Y80.2377340295124 F300
G1 X76.5151090714268 Y80.05183116493129 F300
G1 X76.74112111569495 Y79.94741996701585 F300
G1 X77.01742879798334 Y79.89521436805813 F300
G1 X77.27718348548025 Y79.78761990191357 F300
G1 X77.46817957922798 Y79.59662380816584 F300
G1 X77.53884813391466 Y79.33623246702311 F300
G1 X77.48791584224858 Y79.08029770140115 F300
G1 X77.34657873287527 Y78.90012471963246 F300
G1 X77.1326631078778 Y78.79507686807119 F300
G1 X76.87418172767255 Y78.76133422484243 F300
G1 X76.43871063392771 Y78.93259405556957 F300
G1 X76.28973368080447 Y78.77152068317565 F300
G1 X76.26745080320057 Y78.76133422484243 F300
G1 X76.24389461830502 Y78.76133422484243 F300
G1 X76.20824201413879 Y78.79507686807119 F300;svg > g > g > g#figure_1 > g#text_1 > g > use > path#Cmr10-69
M3 S90
G4 P0.2
G0 X77.8036164797865 Y78.80717328734188
M3 S30
G4 P0.2
G1 X77.8036164797865 Y78.95042035765267 F300
G1 X78.03217513863795 Y78.97206658161075 F300
G1 X78.12194330269939 Y79.07966104775532 F300
G1 X78.12194330269939 Y80.19189496701293 F300
G1 X78.06082455270011 Y80.38480102169817 F300
G1 X77.82144278186962 Y80.4204536258644 F300
G1 X77.82144278186962 Y80.56370069617519 F300
G1 X78.40843744332099 Y80.60762979773718 F300
G1 X78.40843744332099 Y79.07966104775532 F300
G1 X78.48610918811173 Y78.97206658161075 F300
G1 X78.6930216230051 Y78.95042035765267 F300
G1 X78.6930216230051 Y78.80717328734188 F300
G1 X77.8036164797865 Y78.80717328734188 F300
M3 S90
G4 P0.2
G0 X77.97678627145112 Y81.30794880814551
M3 S30
G4 P0.2
G1 X78.04427155790863 Y81.46520225866449 F300
G1 X78.19961504749013 Y81.53268754512203 F300
G1 X78.3103927818638 Y81.50276482376823 F300
G1 X78.3944310631128 Y81.41936319616504 F300
G1 X78.42435378446663 Y81.30794880814551 F300
G1 X78.35623184436326 Y81.15260531856404 F300
G1 X78.19961504749013 Y81.0851200321065 F300
G1 X78.04427155790863 Y81.15260531856404 F300
G1 X77.97678627145112 Y81.30794880814551 F300;svg > g > g > g#figure_1 > g#text_1 > g > use > path#Cmr10-6e
M3 S90
G4 P0.2
G0 X78.92786724752315 Y78.80717328734188
M3 S30
G4 P0.2
G1 X78.92786724752315 Y78.95042035765267 F300
G1 X79.15642590637461 Y78.97206658161075 F300
G1 X79.24619407043602 Y79.07966104775532 F300
G1 X79.24619407043602 Y80.19189496701293 F300
G1 X79.21308808085308 Y80.34978507117773 F300
G1 X79.11886334127088 Y80.40963051388536 F300
G1 X78.92786724752315 Y80.4204536258644 F300
G1 X78.92786724752315 Y80.56370069617519 F300
G1 X79.51868183084946 Y80.60762979773718 F300
G1 X79.51868183084946 Y80.20972126909606 F300
G1 X79.75997356261743 Y80.49621540971766 F300
G1 X80.1094964141758 Y80.60762979773718 F300
G1 X80.53414439594157 Y80.4720225711763 F300
G1 X80.67675481260656 Y80.05883435503536 F300
G1 X80.67675481260656 Y79.07966104775532 F300
G1 X80.76588632302214 Y78.97206658161075 F300
G1 X80.99508163551943 Y78.95042035765267 F300
G1 X80.99508163551943 Y78.80717328734188 F300
G1 X80.06174739073884 Y78.80717328734188 F300
G1 X80.06174739073884 Y78.95042035765267 F300
G1 X80.29030604959031 Y78.97206658161075 F300
G1 X80.38007421365174 Y79.07966104775532 F300
G1 X80.38007421365174 Y80.04673793576467 F300
G1 X80.3221387318816 Y80.3739779097191 F300
G1 X80.0853035756344 Y80.50258194617594 F300
G1 X79.69630819803486 Y80.31349581336566 F300
G1 X79.5441479766825 Y79.88375460243327 F300
G1 X79.5441479766825 Y79.07966104775532 F300
G1 X79.63391614074393 Y78.97206658161075 F300
G1 X79.86056483865791 Y78.95042035765267 F300
G1 X79.86056483865791 Y78.80717328734188 F300
G1 X78.92786724752315 Y78.80717328734188 F300;svg > g > g > g#figure_1 > g#text_1 > g > use > path#Cmr10-28
M3 S90
G4 P0.2
G0 X82.33149723800356 Y77.79616729777055
M3 S30
G4 P0.2
G1 X81.94059189946653 Y78.207445552974 F300
G1 X81.67192406092806 Y78.70212543578063 F300
G1 X81.51594391770075 Y79.25092087848246 F300
G1 X81.46437497238885 Y79.82581912066313 F300
G1 X81.51594391770075 Y80.40453728471874 F300
G1 X81.67383402186553 Y80.95587934200387 F300
G1 X81.94568512863313 Y81.45119587845633 F300
G1 X82.33149723800356 Y81.85547094355567 F300
G1 X82.35187015467 Y81.8631107873056 F300
G1 X82.38943271977371 Y81.8631107873056 F300
G1 X82.41107894373178 Y81.85228767532655 F300
G1 X82.421265402065 Y81.82745818313936 F300
G1 X82.41362555831508 Y81.80135538366049 F300
G1 X82.08192900883985 Y81.38371059199878 F300
G1 X81.86865003748822 Y80.90876697221276 F300
G1 X81.75277907394795 Y80.38734763628148 F300
G1 X81.71712646978169 Y79.82581912066313 F300
G1 X82.4091689827943 Y77.85792270141566 F300
G1 X82.421265402065 Y77.82418005818691 F300
G1 X82.41044229008595 Y77.80189718058298 F300
G1 X82.38943271977371 Y77.78852745402065 F300
G1 X82.35187015467 Y77.78852745402065 F300
G1 X82.33149723800356 Y77.79616729777055 F300;svg > g > g > g#figure_1 > g#text_1 > g > use > path#Cmmi10-74
M3 S90
G4 P0.2
G0 X82.90281427068429 Y79.13759652952545
M3 S30
G4 P0.2
G1 X82.91491068995497 Y79.25092087848246 F300
G1 X83.20904467432646 Y80.4204536258644 F300
G1 X82.78121342433157 Y80.4204536258644 F300
G1 X82.73983093735288 Y80.47456918575958 F300
G1 X82.79330984360224 Y80.56370069617519 F300
G1 X83.24469727849272 Y80.56370069617519 F300
G1 X83.40831726546993 Y81.22836710241731 F300
G1 X83.47198263005251 Y81.32004522741622 F300
G1 X83.57894044255124 Y81.35760779251993 F300
G1 X83.66552533838355 Y81.32641176387448 F300
G1 X83.70054128890398 Y81.24428344356295 F300
G1 X83.69926798161231 Y81.22518383418819 F300
G1 X83.69672136702901 Y81.21054080033419 F300
G1 X83.53373803369762 Y80.56370069617519 F300
G1 X83.9532927862968 Y80.56370069617519 F300
G1 X83.99531192692129 Y80.51022178992582 F300
G1 X83.98703542952558 Y80.47584249305125 F300
G1 X83.97111908837992 Y80.43636996701004 F300
G1 X83.94119636702611 Y80.4204536258644 F300
G1 X83.49744877588554 Y80.4204536258644 F300
G1 X83.20522475245153 Y79.2426443810867 F300
G1 X83.1753020310977 Y79.04400844358908 F300
G1 X83.29499291651297 Y78.86892869098699 F300
G1 X83.61204643213419 Y79.03700525348499 F300
G1 X83.82405209619417 Y79.40626436806394 F300
G1 X83.85588477848545 Y79.4298205529595 F300
G1 X83.90554376285988 Y79.4298205529595 F300
G1 X83.9310099086929 Y79.41899744098045 F300
G1 X83.94119636702611 Y79.39416794879324 F300
G1 X83.93737644515116 Y79.38207152952256 F300
G1 X83.6763484503626 Y78.94851039671522 F300
G1 X83.28480645817973 Y78.76133422484243 F300
G1 X83.01295535141213 Y78.86638207640367 F300
G1 X82.90281427068429 Y79.13759652952545 F300;svg > g > g > g#figure_1 > g#text_1 > g > use > path#Cmr10-29
M3 S90
G4 P0.2
G0 X84.38518269964584 Y77.78852745402065
M3 S30
G4 P0.2
G1 X84.34889344183378 Y77.82418005818691 F300
G1 X84.35716993922951 Y77.85028285766575 F300
G1 X85.05366902776291 Y79.82581912066313 F300
G1 X84.3648097829794 Y81.7937155399106 F300
G1 X84.34889344183378 Y81.82745818313936 F300
G1 X84.35971655381282 Y81.85228767532655 F300
G1 X84.38518269964584 Y81.8631107873056 F300
G1 X84.42274526474957 Y81.8631107873056 F300
G1 X84.44248152777016 Y81.85547094355567 F300
G1 X84.9301582204727 Y81.29394242793735 F300
G1 X85.21537905380265 Y80.58980349565405 F300
G1 X85.30642052515573 Y79.82581912066313 F300
G1 X85.25739819442715 Y79.25792406858653 F300
G1 X85.10205470484568 Y78.70721866494725 F300
G1 X84.83275021266135 Y78.20553559203654 F300
G1 X84.44248152777016 Y77.79616729777055 F300
G1 X84.42274526474957 Y77.78852745402065 F300
G1 X84.38518269964584 Y77.78852745402065 F300;svg > g > g > g#figure_1 > g#text_1 > g > use > path#Cmr10-a2
M3 S90
G4 P0.2
G0 X66.81008598416705 Y73.05300665674356
M3 S30
G4 P0.2
G1 X66.77634334093828 Y73.08483933903486 F300
G1 X66.77888995552158 Y73.09056922184729 F300
G1 X66.78016326281323 Y73.09884571924302 F300
G1 X68.18271124456741 Y75.92622456035527 F300
G1 X68.2565630674832 Y75.96951700827142 F300
G1 X68.31195193467005 Y75.96951700827142 F300
G1 X68.38580375758582 Y75.92622456035527 F300
G1 X69.78835173934 Y73.09884571924302 F300
G1 X69.79089835392331 Y73.09184252913893 F300
G1 X69.79217166121495 Y73.08483933903486 F300
G1 X69.75842901798619 Y73.05300665674356 F300
G1 X66.81008598416705 Y73.05300665674356 F300
M3 S90
G4 P0.2
G0 X67.07875382270552 Y73.37960997705217
M3 S30
G4 P0.2
G1 X69.22554991643003 Y73.37960997705217 F300
G1 X68.1527885232136 Y75.54168575827651 F300
G1 X67.07875382270552 Y73.37960997705217 F300;svg > g > g > g#figure_1 > g#text_1 > g > use > path#Cmmi10-74
M3 S90
G4 P0.2
G0 X70.23607842304303 Y73.38342989892713
M3 S30
G4 P0.2
G1 X70.2481748423137 Y73.49675424788413 F300
G1 X70.54230882668521 Y74.66628699526606 F300
G1 X70.1144775766903 Y74.66628699526606 F300
G1 X70.07309508971163 Y74.72040255516126 F300
G1 X70.12657399596098 Y74.80953406557686 F300
G1 X70.57796143085146 Y74.80953406557686 F300
G1 X70.74158141782867 Y75.47420047181896 F300
G1 X70.80524678241125 Y75.56587859681788 F300
G1 X70.91220459491 Y75.6034411619216 F300
G1 X70.99878949074228 Y75.57224513327616 F300
G1 X71.03380544126271 Y75.49011681296462 F300
G1 X71.03253213397105 Y75.47101720358984 F300
G1 X71.02998551938776 Y75.45637416973584 F300
G1 X70.86700218605637 Y74.80953406557686 F300
G1 X71.28655693865554 Y74.80953406557686 F300
G1 X71.32857607928003 Y74.7560551593275 F300
G1 X71.32029958188431 Y74.7216758624529 F300
G1 X71.30438324073866 Y74.68220333641172 F300
G1 X71.27446051938485 Y74.66628699526606 F300
G1 X70.83071292824428 Y74.66628699526606 F300
G1 X70.53848890481027 Y73.48847775048839 F300
G1 X70.50856618345645 Y73.28984181299076 F300
G1 X70.6282570688717 Y73.11476206038867 F300
G1 X70.94531058449294 Y73.28283862288664 F300
G1 X71.15731624855292 Y73.65209773746561 F300
G1 X71.1891489308442 Y73.67565392236115 F300
G1 X71.23880791521862 Y73.67565392236115 F300
G1 X71.26427406105164 Y73.66483081038213 F300
G1 X71.27446051938485 Y73.64000131819492 F300
G1 X71.2706405975099 Y73.62790489892423 F300
G1 X71.00961260272135 Y73.19434376611687 F300
G1 X70.61807061053848 Y73.0071675942441 F300
G1 X70.34621950377088 Y73.11221544580536 F300
G1 X70.23607842304303 Y73.38342989892713 F300;svg > g > g > g#figure_1 > g#text_1 > g > use > path#Cmr10-3d
M3 S90
G4 P0.2
G0 X87.88915387406257 Y76.37879438112073
M3 S30
G4 P0.2
G1 X87.80911741573019 Y76.41517458945361 F300
G1 X87.77819423864722 Y76.49521104778601 F300
G1 X87.80911741573019 Y76.57706651653504 F300
G1 X87.88915387406257 Y76.61162771445129 F300
G1 X91.54445530631082 Y76.61162771445129 F300
G1 X91.61812522818495 Y76.57706651653504 F300
G1 X91.64995791047625 Y76.49521104778601 F300
G1 X91.61812522818495 Y76.41517458945361 F300
G1 X91.54445530631082 Y76.37879438112073 F300
G1 X87.88915387406257 Y76.37879438112073 F300
M3 S90
G4 P0.2
G0 X87.88915387406257 Y77.51021886027395
M3 S30
G4 P0.2
G1 X87.80911741573019 Y77.5438705529819 F300
G1 X87.77819423864722 Y77.62663552693922 F300
G1 X87.80911741573019 Y77.7057624800633 F300
G1 X87.88915387406257 Y77.74305219360451 F300
G1 X91.54445530631082 Y77.74305219360451 F300
G1 X91.61812522818495 Y77.7057624800633 F300
G1 X91.64995791047625 Y77.62663552693922 F300
G1 X91.61812522818495 Y77.5438705529819 F300
G1 X91.54445530631082 Y77.51021886027395 F300
G1 X87.88915387406257 Y77.51021886027395 F300;svg > g > g > g#figure_1 > g#text_1 > g > use > path#Cmr10-6c
M3 S90
G4 P0.2
G0 X94.63006537731583 Y75.60571495404656
M3 S30
G4 P0.2
G1 X94.63006537731583 Y75.81035362591913 F300
G1 X94.95657774710362 Y75.8412768030021 F300
G1 X95.0848179814771 Y75.99498318320862 F300
G1 X95.0848179814771 Y79.05092068317234 F300
G1 X95.03752371064434 Y79.27647797483633 F300
G1 X94.9029169398126 Y79.36197146441863 F300
G1 X94.63006537731583 Y79.3774330529601 F300
G1 X94.63006537731583 Y79.58207172483267 F300
G1 X95.49409532522223 Y79.64482758420695 F300
G1 X95.49409532522223 Y75.99498318320862 F300
G1 X95.62142605438741 Y75.8412768030021 F300
G1 X95.94611941375854 Y75.81035362591913 F300
G1 X95.94611941375854 Y75.60571495404656 F300
G1 X94.63006537731583 Y75.60571495404656 F300;svg > g > g > g#figure_1 > g#text_1 > g > use > path#Cmr10-69
M3 S90
G4 P0.2
G0 X96.24159492558837 Y75.60571495404656
M3 S30
G4 P0.2
G1 X96.24159492558837 Y75.81035362591913 F300
G1 X96.56810729537617 Y75.8412768030021 F300
G1 X96.69634752974963 Y75.99498318320862 F300
G1 X96.69634752974963 Y77.58388878214808 F300
G1 X96.60903502975067 Y77.85946886026981 F300
G1 X96.2670610714214 Y77.91040115193586 F300
G1 X96.2670610714214 Y78.11503982380844 F300
G1 X97.10562487349478 Y78.1777956831827 F300
G1 X97.10562487349478 Y75.99498318320862 F300
G1 X97.21658450891013 Y75.8412768030021 F300
G1 X97.51217370161494 Y75.81035362591913 F300
G1 X97.51217370161494 Y75.60571495404656 F300
G1 X96.24159492558837 Y75.60571495404656 F300
M3 S90
G4 P0.2
G0 X96.4889803422521 Y79.17825141233747
M3 S30
G4 P0.2
G1 X96.58538789433429 Y79.40289919879315 F300
G1 X96.807307165165 Y79.49930675087533 F300
G1 X96.9655610714131 Y79.45656000608417 F300
G1 X97.08561575891169 Y79.33741482379394 F300
G1 X97.12836250370285 Y79.17825141233747 F300
G1 X97.03104544641232 Y78.95633214150679 F300
G1 X96.807307165165 Y78.8599245894246 F300
G1 X96.58538789433429 Y78.95633214150679 F300
G1 X96.4889803422521 Y79.17825141233747 F300;svg > g > g > g#figure_1 > g#text_1 > g > use > path#Cmr10-6d
M3 S90
G4 P0.2
G0 X97.84766744261097 Y75.60571495404656
M3 S30
G4 P0.2
G1 X97.84766744261097 Y75.81035362591913 F300
G1 X98.17417981239876 Y75.8412768030021 F300
G1 X98.30242004677226 Y75.99498318320862 F300
G1 X98.30242004677226 Y77.58388878214808 F300
G1 X98.25512577593948 Y77.80944607381207 F300
G1 X98.12051900510774 Y77.89493956339439 F300
G1 X97.84766744261097 Y77.91040115193586 F300
G1 X97.84766744261097 Y78.11503982380844 F300
G1 X98.69168827593427 Y78.1777956831827 F300
G1 X98.69168827593427 Y77.60935492798112 F300
G1 X99.03639074988853 Y78.01863227172625 F300
G1 X99.5357091092576 Y78.1777956831827 F300
G1 X100.32334061966492 Y77.63209255818917 F300
G1 X100.66349556757753 Y78.02681781860116 F300
G1 X101.15553788528003 Y78.1777956831827 F300
G1 X101.60028593214973 Y78.09230219360037 F300
G1 X101.87222798943819 Y77.83218370402014 F300
G1 X101.96317851027042 Y77.39380219360866 F300
G1 X101.96317851027042 Y75.99498318320862 F300
G1 X102.09232824985223 Y75.8412768030021 F300
G1 X102.4179311144317 Y75.81035362591913 F300
G1 X102.4179311144317 Y75.60571495404656 F300
G1 X101.08459647903086 Y75.60571495404656 F300
G1 X101.08459647903086 Y75.81035362591913 F300
G1 X101.41110884881866 Y75.8412768030021 F300
G1 X101.53934908319214 Y75.99498318320862 F300
G1 X101.53934908319214 Y77.37652159465055 F300
G1 X101.45658410923478 Y77.84855479776994 F300
G1 X101.11915767694713 Y78.02772732380949 F300
G1 X100.56435949987039 Y77.75760427693768 F300
G1 X100.34607824987297 Y77.14368826131998 F300
G1 X100.34607824987297 Y75.99498318320862 F300
G1 X100.47340897903813 Y75.8412768030021 F300
G1 X100.80083085403425 Y75.81035362591913 F300
G1 X100.80083085403425 Y75.60571495404656 F300
G1 X99.4674962186334 Y75.60571495404656 F300
G1 X99.4674962186334 Y75.81035362591913 F300
G1 X99.79400858842119 Y75.8412768030021 F300
G1 X99.92224882279467 Y75.99498318320862 F300
G1 X99.92224882279467 Y77.37652159465055 F300
G1 X99.83948384883733 Y77.84400727172833 F300
G1 X99.50114791134133 Y78.02772732380949 F300
G1 X98.94544022905627 Y77.75760427693768 F300
G1 X98.7280684842672 Y77.14368826131998 F300
G1 X98.7280684842672 Y75.99498318320862 F300
G1 X98.85630871864066 Y75.8412768030021 F300
G1 X99.1800925728035 Y75.81035362591913 F300
G1 X99.1800925728035 Y75.60571495404656 F300
G1 X97.84766744261097 Y75.60571495404656 F300;svg > g > g > g#figure_1 > g#text_1 > g > use > path#Cmr10-a2
M3 S90
G4 P0.2
G0 X93.21660333306181 Y71.5977983234275
M3 S30
G4 P0.2
G1 X93.18286068983305 Y71.6296310057188 F300
G1 X93.18540730441634 Y71.63536088853122 F300
G1 X93.186680611708 Y71.64363738592695 F300
G1 X94.58922859346218 Y74.47101622703923 F300
G1 X94.66308041637797 Y74.51430867495537 F300
G1 X94.7184692835648 Y74.51430867495537 F300
G1 X94.79232110648059 Y74.47101622703923 F300
G1 X96.19486908823477 Y71.64363738592695 F300
G1 X96.19741570281808 Y71.63663419582288 F300
G1 X96.19868901010973 Y71.6296310057188 F300
G1 X96.16494636688095 Y71.5977983234275 F300
G1 X93.21660333306181 Y71.5977983234275 F300
M3 S90
G4 P0.2
G0 X93.48527117160029 Y71.92440164373613
M3 S30
G4 P0.2
G1 X95.63206726532478 Y71.92440164373613 F300
G1 X94.55930587210837 Y74.08647742496045 F300
G1 X93.48527117160029 Y71.92440164373613 F300;svg > g > g > g#figure_1 > g#text_1 > g > use > path#Cmmi10-74
M3 S90
G4 P0.2
G0 X96.64259577193779 Y71.92822156561107
M3 S30
G4 P0.2
G1 X96.65469219120848 Y72.04154591456808 F300
G1 X96.94882617558 Y73.21107866195001 F300
G1 X96.52099492558507 Y73.21107866195001 F300
G1 X96.4796124386064 Y73.2651942218452 F300
G1 X96.53309134485576 Y73.3543257322608 F300
G1 X96.98447877974623 Y73.3543257322608 F300
G1 X97.14809876672345 Y74.01899213850292 F300
G1 X97.21176413130603 Y74.11067026350183 F300
G1 X97.31872194380475 Y74.14823282860556 F300
G1 X97.40530683963706 Y74.11703679996008 F300
G1 X97.4403227901575 Y74.03490847964856 F300
G1 X97.43904948286583 Y74.01580887027379 F300
G1 X97.43650286828252 Y74.0011658364198 F300
G1 X97.27351953495113 Y73.3543257322608 F300
G1 X97.69307428755032 Y73.3543257322608 F300
G1 X97.7350934281748 Y73.30084682601144 F300
G1 X97.72681693077908 Y73.26646752913686 F300
G1 X97.71090058963343 Y73.22699500309565 F300
G1 X97.68097786827963 Y73.21107866195001 F300
G1 X97.23723027713906 Y73.21107866195001 F300
G1 X96.94500625370505 Y72.03326941717232 F300
G1 X96.91508353235122 Y71.8346334796747 F300
G1 X97.03477441776649 Y71.65955372707259 F300
G1 X97.3518279333877 Y71.8276302895706 F300
G1 X97.56383359744768 Y72.19688940414956 F300
G1 X97.59566627973898 Y72.22044558904511 F300
G1 X97.64532526411338 Y72.22044558904511 F300
G1 X97.67079140994642 Y72.20962247706606 F300
G1 X97.68097786827963 Y72.18479298487885 F300
G1 X97.67715794640466 Y72.17269656560818 F300
G1 X97.41612995161611 Y71.73913543280084 F300
G1 X97.02458795943326 Y71.55195926092804 F300
G1 X96.75273685266565 Y71.6570071124893 F300
G1 X96.64259577193779 Y71.92822156561107 F300;svg > g > g > g#figure_1 > g#text_1 > g > use > path#Cmsy10-21
M3 S90
G4 P0.2
G0 X98.16634668787803 Y72.53495249008304
M3 S30
G4 P0.2
G1 X98.11032116704537 Y72.56041863591605 F300
G1 X98.08867494308728 Y72.61644415674874 F300
G1 X98.11032116704537 Y72.67183302393558 F300
G1 X98.16634668787803 Y72.69793582341444 F300
G1 X101.25857344565382 Y72.69793582341444 F300
G1 X100.98353907065707 Y72.95578054997388 F300
G1 X100.78490313315943 Y73.2702874510118 F300
G1 X100.67157878420247 Y73.62745014632006 F300
G1 X100.71296127118113 Y73.68092905256943 F300
G1 X100.79445293784683 Y73.68092905256943 F300
G1 X100.81928243003404 Y73.66883263329875 F300
G1 X100.83456211753385 Y73.64336648746573 F300
G1 X100.94088327638676 Y73.31803647444875 F300
G1 X101.12296621909293 Y73.03790887028539 F300
G1 X101.36744121909001 Y72.8150800942464 F300
G1 X101.67430827637804 Y72.6622832192482 F300
G1 X101.70168438314857 Y72.61644415674874 F300
G1 X101.67430827637804 Y72.57697163070753 F300
G1 X101.28403959148685 Y72.35668946925182 F300
G1 X100.99181556805281 Y72.0128965005059 F300
G1 X100.83456211753385 Y71.58952182603177 F300
G1 X100.81864577638821 Y71.56405568019875 F300
G1 X100.79445293784683 Y71.55195926092804 F300
G1 X100.71296127118113 Y71.55195926092804 F300
G1 X100.67157878420247 Y71.60607482082324 F300
G1 X100.87785456545001 Y72.13004077133785 F300
G1 X101.25857344565382 Y72.53495249008304 F300
G1 X98.16634668787803 Y72.53495249008304 F300;svg > g > g > g#figure_1 > g#text_1 > g > use > path#Cmr10-30
M3 S90
G4 P0.2
G0 X102.953345450842 Y71.50803015936606
M3 S30
G4 P0.2
G1 X102.27403601074589 Y71.91867176092369 F300
G1 X102.0938630289772 Y72.8972084145579 F300
G1 X102.15816504720561 Y73.56314812809167 F300
G1 X102.4147364664734 Y74.09348061506454 F300
G1 X102.953345450842 Y74.31185281558277 F300
G1 X103.39263646646178 Y74.18006551089684 F300
G1 X103.65366446125036 Y73.84072911767171 F300
G1 X103.77590196124892 Y73.39507156559367 F300
G1 X103.80900795083184 Y72.8972084145579 F300
G1 X103.74406927895761 Y72.24145515935737 F300
G1 X103.49068112791896 Y71.72194578436353 F300
G1 X102.953345450842 Y71.50803015936606 F300
M3 S90
G4 P0.2
G0 X102.953345450842 Y71.61371466457314
M3 S30
G4 P0.2
G1 X103.2914085367755 Y71.84609324529956 F300
G1 X103.42892572427387 Y72.36178269841844 F300
G1 X103.45502852375272 Y72.96278374007797 F300
G1 X103.42892572427387 Y73.52749552392541 F300
G1 X103.29204519042132 Y73.99607260725318 F300
G1 X102.953345450842 Y74.20616831037569 F300
G1 X102.61146244303357 Y73.99479929996154 F300
G1 X102.47394525553518 Y73.52622221663377 F300
G1 X102.44784245605635 Y72.96278374007797 F300
G1 X102.45866556803537 Y72.53495249008304 F300
G1 X102.51787435709717 Y72.11985431300464 F300
G1 X102.67194453938701 Y71.75950834946725 F300
G1 X102.953345450842 Y71.61371466457314 F300;svg > g > g > g#figure_1 > g#text_1 > g > use > path#Cmr10-32
M3 S90
G4 P0.2
G0 X104.1750837971817 Y79.43370415475113
M3 S30
G4 P0.2
G1 X104.1750837971817 Y79.54320858183316 F300
G1 X104.18272364093157 Y79.56485480579123 F300
G1 X104.81555736488241 Y80.26517381619959 F300
G1 X105.04793594560883 Y80.52556515734233 F300
G1 X105.22492565914837 Y80.76876685004775 F300
G1 X105.3637161539384 Y81.0482578005653 F300
G1 X105.41464844560446 Y81.34939497504088 F300
G1 X105.35289304195936 Y81.6689951052454 F300
G1 X105.16890013831573 Y81.91283345159668 F300
G1 X104.87349284665257 Y82.00451157659559 F300
G1 X104.55516602373967 Y81.89755376409687 F300
G1 X104.35589343259622 Y81.62251938910012 F300
G1 X104.39982253415819 Y81.62633931097508 F300
G1 X104.5558026773855 Y81.56458390732999 F300
G1 X104.62074134925972 Y81.40542049587354 F300
G1 X104.5558026773855 Y81.24689373806292 F300
G1 X104.39982253415819 Y81.18259171983452 F300
G1 X104.23938581541009 Y81.2488036990004 F300
G1 X104.1750837971817 Y81.40542049587354 F300
G1 X104.232382625306 Y81.69255129014097 F300
G1 X104.39854922686654 Y81.93129640732563 F300
G1 X104.64366088050944 Y82.09173312607372 F300
G1 X104.93270163571437 Y82.14775864690641 F300
G1 X105.36626276852172 Y82.0490773318034 F300
G1 X105.68458959143459 Y81.77022303493172 F300
G1 X105.80237051591236 Y81.34939497504088 F300
G1 X105.72469877112162 Y81.01324185004486 F300
G1 X105.52542617997814 Y80.72356444119413 F300
G1 X105.215375854461 Y80.42815714953099 F300
G1 X104.96708093258894 Y80.20787498807526 F300
G1 X104.50550703936527 Y79.7641273969347 F300
G1 X104.89704903154812 Y79.7641273969347 F300
G1 X105.37963249508405 Y79.76858397245547 F300
G1 X105.58527162268575 Y79.7838636599553 F300
G1 X105.68331628414293 Y80.16012596463833 F300
G1 X105.80237051591236 Y80.16012596463833 F300
G1 X105.6871362060179 Y79.43370415475113 F300
G1 X104.1750837971817 Y79.43370415475113 F300;svg > g > g > g#figure_1 > g#text_1 > g > use > path#Cmr10-63
M3 S90
G4 P0.2
G0 X107.02410886225199 Y79.38786509225167
M3 S30
G4 P0.2
G1 X106.57590469559065 Y79.51583247506265 F300
G1 X106.26012448726108 Y79.85835213651693 F300
G1 X106.14489017736663 Y80.31292283963651 F300
G1 X106.25885117996941 Y80.7744967328602 F300
G1 X106.57526804194482 Y81.1278395062935 F300
G1 X107.02410886225199 Y81.26026346462528 F300
G1 X107.45830664870519 Y81.16667537868888 F300
G1 X107.65439597161954 Y80.86044497504669 F300
G1 X107.59773379714103 Y80.72165448025666 F300
G1 X107.45957995599683 Y80.66308234484067 F300
G1 X107.32142611485266 Y80.72165448025666 F300
G1 X107.26476394037415 Y80.86044497504669 F300
G1 X107.3106030028736 Y80.9845924359827 F300
G1 X107.4239273518306 Y81.0514410687944 F300
G1 X107.02792878412696 Y81.14057257921 F300
G1 X106.71342188308903 Y81.0113318891074 F300
G1 X106.54661862788267 Y80.69109510525703 F300
G1 X106.49886960444576 Y80.31292283963651 F300
G1 X106.55744173986172 Y79.93220395943271 F300
G1 X106.74652787267198 Y79.62788351672798 F300
G1 X107.07376784662641 Y79.50755597766691 F300
G1 X107.40164447422669 Y79.62597355579051 F300
G1 X107.58691068516198 Y79.93538722766183 F300
G1 X107.61874336745328 Y79.95894341255737 F300
G1 X107.66840235182771 Y79.95894341255737 F300
G1 X107.69004857578578 Y79.94812030057835 F300
G1 X107.70023503411899 Y79.92329080839114 F300
G1 X107.70023503411899 Y79.91119438912045 F300
G1 X107.45512338047605 Y79.52920220162498 F300
G1 X107.02410886225199 Y79.38786509225167 F300;svg > g > g > g#figure_1 > g#text_1 > g > use > path#Cmr10-6f
M3 S90
G4 P0.2
G0 X108.83642305043882 Y79.38786509225167
M3 S30
G4 P0.2
G1 X108.38248900096507 Y79.51201255318769 F300
G1 X108.05206575878145 Y79.8456190636004 F300
G1 X107.93110156607456 Y80.30146307401165 F300
G1 X107.99795019888626 Y80.66117238390322 F300
G1 X108.18894629263401 Y80.97058605577453 F300
G1 X108.47798704783891 Y81.18322837348035 F300
G1 X108.83642305043882 Y81.26026346462528 F300
G1 X109.29290371449589 Y81.1278395062935 F300
G1 X109.61823372751287 Y80.77322342556855 F300
G1 X109.73792461292813 Y80.30146307401165 F300
G1 X109.6163237665754 Y79.84625571724622 F300
G1 X109.28653717803766 Y79.51201255318769 F300
G1 X108.83642305043882 Y79.38786509225167 F300
M3 S90
G4 P0.2
G0 X108.83642305043882 Y79.50755597766691
M3 S30
G4 P0.2
G1 X109.27189414418366 Y79.74375448026827 F300
G1 X109.38139857126568 Y80.34666548286528 F300
G1 X109.35975234730762 Y80.68600187609043 F300
G1 X109.26425430043372 Y80.92984022244168 F300
G1 X109.14774668324763 Y81.0482578005653 F300
G1 X108.99813307647857 Y81.12592954535603 F300
G1 X108.83642305043882 Y81.1526689984807 F300
G1 X108.59449466502502 Y81.09473351671055 F300
G1 X108.40477187856894 Y80.92984022244168 F300
G1 X108.30800052440343 Y80.6758154177572 F300
G1 X108.28762760773701 Y80.34666548286528 F300
G1 X108.3271001337782 Y79.93602388130766 F300
G1 X108.4875368525263 Y79.6304301313113 F300
G1 X108.83642305043882 Y79.50755597766691 F300;svg > g > g > g#figure_1 > g#text_1 > g > use > path#Cmr10-73
M3 S90
G4 P0.2
G0 X109.99067611032095 Y79.42160773548042
M3 S30
G4 P0.2
G1 X109.99067611032095 Y80.08627414172254 F300
G1 X110.02632871448718 Y80.11810682401382 F300
G1 X110.07598769886158 Y80.11810682401382 F300
G1 X110.10782038115288 Y80.08627414172254 F300
G1 X110.65661582385471 Y79.49545955839623 F300
G1 X110.98003587593418 Y79.58268110787435 F300
G1 X111.11054987332847 Y79.85325890735032 F300
G1 X111.00868528999632 Y80.07736099068099 F300
G1 X110.76803021187419 Y80.20341841255448 F300
G1 X110.49554245146079 Y80.25753397244966 F300
G1 X110.24597422229708 Y80.34857544380276 F300
G1 X110.06198131865342 Y80.51283208442581 F300
G1 X109.99067611032095 Y80.75094054796465 F300
G1 X110.08490084990315 Y81.0438012250445 F300
G1 X110.33001250354606 Y81.20933117295921 F300
G1 X110.65661582385471 Y81.26026346462528 F300
G1 X111.02078170926703 Y81.14884907660576 F300
G1 X111.13856263374481 Y81.25007700629206 F300
G1 X111.15829889676542 Y81.26026346462528 F300
G1 X111.18822161811923 Y81.26026346462528 F300
G1 X111.2098678420773 Y81.2488036990004 F300
G1 X111.22005430041048 Y81.2265208213965 F300
G1 X111.22005430041048 Y80.69300506619449 F300
G1 X111.18822161811923 Y80.65544250109079 F300
G1 X111.13856263374481 Y80.65544250109079 F300
G1 X111.10227337593273 Y80.69300506619449 F300
G1 X110.98385579780914 Y81.03552472764876 F300
G1 X110.65279590197974 Y81.1647654177514 F300
G1 X110.33574238635852 Y81.09664347764804 F300
G1 X110.20140846708927 Y80.86426489692164 F300
G1 X110.29754316760896 Y80.6783620323405 F300
G1 X110.52355521187711 Y80.57395083442508 F300
G1 X110.79986289416549 Y80.52174523546739 F300
G1 X111.05961758166241 Y80.41415076932282 F300
G1 X111.25061367541012 Y80.22315467557507 F300
G1 X111.3212822300968 Y79.96276333443235 F300
G1 X111.27034993843074 Y79.7068285688104 F300
G1 X111.12901282905743 Y79.52665558704169 F300
G1 X110.91509720405995 Y79.42160773548042 F300
G1 X110.65661582385471 Y79.38786509225167 F300
G1 X110.22114473010987 Y79.5591249229788 F300
G1 X110.07216777698665 Y79.39805155058488 F300
G1 X110.04988489938273 Y79.38786509225167 F300
G1 X110.02632871448718 Y79.38786509225167 F300
G1 X109.99067611032095 Y79.42160773548042 F300;svg > g > g > g#figure_1 > g#text_1 > g > use > path#Cmex10-a1
M3 S90
G4 P0.2
G0 X113.76794344976045 Y77.79735345263514
M3 S30
G4 P0.2
G1 X112.97426005531675 Y78.94036691991323 F300
G1 X112.72132047224684 Y80.41015098369785 F300
G1 X112.97426005531675 Y81.8874548729251 F300
G1 X113.76794344976045 Y83.02705023772927 F300
G1 X113.78913568509874 Y83.0352536836667 F300
G1 X113.84314170418664 Y83.0352536836667 F300
G1 X113.86638480100929 Y83.02158127377102 F300
G1 X113.87732272892582 Y82.99492007447445 F300
G1 X113.86843566249364 Y82.96894249567268 F300
G1 X113.46988491403481 Y82.42272972034063 F300
G1 X113.21557808997534 Y81.79790058810846 F300
G1 X113.08227209349255 Y81.12179991876752 F300
G1 X113.04193848430032 Y80.40536564023438 F300
G1 X113.86843566249364 Y77.85477757419696 F300
G1 X113.87732272892582 Y77.82948361588996 F300
G1 X113.86501756001972 Y77.80282241659339 F300
G1 X113.84314170418664 Y77.78846638620293 F300
G1 X113.78913568509874 Y77.78846638620293 F300
G1 X113.76794344976045 Y77.79735345263514 F300;svg > g > g > g#figure_1 > g#text_1 > g > use > path#Cmmi10-74
M3 S90
G4 P0.2
G0 X114.31341542218628 Y79.7641273969347
M3 S30
G4 P0.2
G1 X114.32551184145696 Y79.87745174589169 F300
G1 X114.61964582582848 Y81.04698449327363 F300
G1 X114.19181457583356 Y81.04698449327363 F300
G1 X114.15043208885488 Y81.10110005316882 F300
G1 X114.20391099510424 Y81.19023156358443 F300
G1 X114.65529842999472 Y81.19023156358443 F300
G1 X114.81891841697194 Y81.85489796982654 F300
G1 X114.88258378155452 Y81.94657609482545 F300
G1 X114.98954159405325 Y81.98413865992917 F300
G1 X115.07612648988555 Y81.95294263128372 F300
G1 X115.11114244040597 Y81.87081431097218 F300
G1 X115.10986913311432 Y81.85171470159742 F300
G1 X115.107322518531 Y81.83707166774342 F300
G1 X114.94433918519962 Y81.19023156358443 F300
G1 X115.36389393779879 Y81.19023156358443 F300
G1 X115.4059130784233 Y81.13675265733507 F300
G1 X115.39763658102757 Y81.10237336046048 F300
G1 X115.38172023988193 Y81.06290083441928 F300
G1 X115.35179751852812 Y81.04698449327363 F300
G1 X114.90804992738752 Y81.04698449327363 F300
G1 X114.61582590395352 Y79.86917524849595 F300
G1 X114.58590318259971 Y79.67053931099831 F300
G1 X114.70559406801496 Y79.49545955839623 F300
G1 X115.0226475836362 Y79.66353612089422 F300
G1 X115.23465324769616 Y80.03279523547317 F300
G1 X115.26648592998745 Y80.05635142036873 F300
G1 X115.31614491436186 Y80.05635142036873 F300
G1 X115.34161106019491 Y80.04552830838969 F300
G1 X115.35179751852812 Y80.02069881620248 F300
G1 X115.34797759665315 Y80.0086023969318 F300
G1 X115.08694960186459 Y79.57504126412444 F300
G1 X114.69540760968175 Y79.38786509225167 F300
G1 X114.42355650291414 Y79.49291294381291 F300
G1 X114.31341542218628 Y79.7641273969347 F300;svg > g > g > g#figure_1 > g#text_1 > g > use > path#Cmr10-2b
M3 S90
G4 P0.2
G0 X116.55260589445135 Y80.37085832140667
M3 S30
G4 P0.2
G1 X116.49658037361868 Y80.39632446723968 F300
G1 X116.47493414966063 Y80.45234998807236 F300
G1 X116.49658037361868 Y80.50773885525919 F300
G1 X116.55260589445135 Y80.53384165473807 F300
G1 X117.75078805589547 Y80.53384165473807 F300
G1 X117.75078805589547 Y81.73584373805711 F300
G1 X117.77434424079101 Y81.78804933701483 F300
G1 X117.83227972256117 Y81.80905890732708 F300
G1 X117.887668589748 Y81.78804933701483 F300
G1 X117.91377138922685 Y81.73584373805711 F300
G1 X117.91377138922685 Y80.53384165473807 F300
G1 X119.11131689702515 Y80.53384165473807 F300
G1 X119.16288584233703 Y80.50773885525919 F300
G1 X119.18516871994093 Y80.45234998807236 F300
G1 X119.16288584233703 Y80.39632446723968 F300
G1 X119.11131689702515 Y80.37085832140667 F300
G1 X117.91377138922685 Y80.37085832140667 F300
G1 X117.91377138922685 Y79.1688562380876 F300
G1 X117.887668589748 Y79.11665063912989 F300
G1 X117.83227972256117 Y79.09564106881764 F300
G1 X117.77434424079101 Y79.11665063912989 F300
G1 X117.75078805589547 Y79.1688562380876 F300
G1 X117.75078805589547 Y80.37085832140667 F300
G1 X116.55260589445135 Y80.37085832140667 F300;svg > g > g > g#figure_1 > g#text_1 > g > use > path#Cmr10-a2
M3 S90
G4 P0.2
G0 X120.28182051575081 Y80.99376024848259
M3 S30
G4 P0.2
G1 X120.25820066549069 Y81.0160431260865 F300
G1 X120.259983295699 Y81.02005404405519 F300
G1 X120.26087461080316 Y81.02584759223221 F300
G1 X121.24265819803107 Y83.0050127810108 F300
G1 X121.29435447407212 Y83.0353174945521 F300
G1 X121.33312668110293 Y83.0353174945521 F300
G1 X121.38482295714397 Y83.0050127810108 F300
G1 X122.3666065443719 Y81.02584759223221 F300
G1 X122.3683891745802 Y81.02094535915937 F300
G1 X122.36928048968436 Y81.0160431260865 F300
G1 X122.34566063942422 Y80.99376024848259 F300
G1 X120.28182051575081 Y80.99376024848259 F300
M3 S90
G4 P0.2
G0 X120.46988800272776 Y81.22238257269862
M3 S30
G4 P0.2
G1 X121.97264526833492 Y81.22238257269862 F300
G1 X121.22171229308341 Y82.73583561955566 F300
G1 X120.46988800272776 Y81.22238257269862 F300;svg > g > g > g#figure_1 > g#text_1 > g > use > path#Cmmi10-74
M3 S90
G4 P0.2
G0 X122.68001522878485 Y81.22505651801112
M3 S30
G4 P0.2
G1 X122.68848272227432 Y81.30438356228098 F300
G1 X122.89437651133439 Y82.12305648544834 F300
G1 X122.59489463633794 Y82.12305648544834 F300
G1 X122.56592689545288 Y82.16093737737498 F300
G1 X122.60336212982743 Y82.22332943466591 F300
G1 X122.91933333425074 Y82.22332943466591 F300
G1 X123.0338673251348 Y82.6885959190354 F300
G1 X123.07843308034262 Y82.75277060653461 F300
G1 X123.1533035490917 Y82.77906440210724 F300
G1 X123.21391297617433 Y82.7572271820554 F300
G1 X123.23842414153863 Y82.69973735783734 F300
G1 X123.23753282643447 Y82.686367631275 F300
G1 X123.23575019622615 Y82.6761175075772 F300
G1 X123.12166186289419 Y82.22332943466591 F300
G1 X123.4153501897136 Y82.22332943466591 F300
G1 X123.44476358815078 Y82.18589420029134 F300
G1 X123.43897003997375 Y82.16182869247915 F300
G1 X123.4278286011718 Y82.1341979242503 F300
G1 X123.40688269622414 Y82.12305648544834 F300
G1 X123.09625938242573 Y82.12305648544834 F300
G1 X122.8917025660219 Y81.29859001410398 F300
G1 X122.87075666107425 Y81.15954485785564 F300
G1 X122.9545402808649 Y81.03698903103415 F300
G1 X123.17647774179977 Y81.15464262478277 F300
G1 X123.32488170664179 Y81.41312400498803 F300
G1 X123.34716458424566 Y81.42961333441492 F300
G1 X123.38192587330776 Y81.42961333441492 F300
G1 X123.39975217539087 Y81.42203715602959 F300
G1 X123.40688269622414 Y81.40465651149854 F300
G1 X123.40420875091164 Y81.39618901800907 F300
G1 X123.22148915455966 Y81.09269622504392 F300
G1 X122.94740976003166 Y80.96167290473298 F300
G1 X122.75711398529435 Y81.03520640082586 F300
G1 X122.68001522878485 Y81.22505651801112 F300;svg > g > g > g#figure_1 > g#text_1 > g > use > path#Cmr10-32
M3 S90
G4 P0.2
G0 X121.25888377094753 Y77.78852745402065
M3 S30
G4 P0.2
G1 X121.25888377094753 Y77.86518055297807 F300
G1 X121.26423166157248 Y77.88033290974874 F300
G1 X121.70721526833805 Y78.37055621703458 F300
G1 X121.86988027484654 Y78.55283015583449 F300
G1 X121.99377307432424 Y78.72307134072831 F300
G1 X122.09092642067725 Y78.91871500609058 F300
G1 X122.12657902484351 Y79.12951102822348 F300
G1 X122.08335024229193 Y79.35323111936665 F300
G1 X121.95455520974137 Y79.52391796181254 F300
G1 X121.74777010557716 Y79.58809264931179 F300
G1 X121.52494132953814 Y79.51322218056268 F300
G1 X121.3854505157377 Y79.32069811806497 F300
G1 X121.41620088683109 Y79.32337206337743 F300
G1 X121.52538698709023 Y79.28014328082585 F300
G1 X121.57084405740218 Y79.16872889280634 F300
G1 X121.52538698709023 Y79.05776016233892 F300
G1 X121.41620088683109 Y79.01274874957905 F300
G1 X121.30389518370744 Y79.05909713499514 F300
G1 X121.25888377094753 Y79.16872889280634 F300
G1 X121.29899295063457 Y79.36972044879354 F300
G1 X121.41530957172694 Y79.53684203082281 F300
G1 X121.586887729277 Y79.64914773394648 F300
G1 X121.78921625792042 Y79.68836559852934 F300
G1 X122.09270905088557 Y79.61928867795724 F300
G1 X122.31553782692457 Y79.42409067014708 F300
G1 X122.39798447405903 Y79.12951102822348 F300
G1 X122.34361425270549 Y78.89420384072628 F300
G1 X122.20412343890506 Y78.69142965453076 F300
G1 X121.98708821104307 Y78.48464455036655 F300
G1 X121.81328176573261 Y78.33044703734755 F300
G1 X121.49018004047605 Y78.01982372354917 F300
G1 X121.76425943500405 Y78.01982372354917 F300
G1 X122.1020678594792 Y78.0229433264137 F300
G1 X122.24601524880039 Y78.03363910766357 F300
G1 X122.31464651182041 Y78.2970227209417 F300
G1 X122.39798447405903 Y78.2970227209417 F300
G1 X122.3173204571329 Y77.78852745402065 F300
G1 X121.25888377094753 Y77.78852745402065 F300;svg > g > g > g#figure_1 > g#text_1 > g > use > path#Cmex10-a2
M3 S90
G4 P0.2
G0 X124.25967742442755 Y77.78846638620293
M3 S30
G4 P0.2
G1 X124.22139467671968 Y77.82948361588996 F300
G1 X124.22959812265708 Y77.85477757419696 F300
G1 X124.72590660186992 Y78.59718943153187 F300
G1 X124.98226428741377 Y79.46880556238091 F300
G1 X125.05609530085037 Y80.41425270666656 F300
G1 X124.22959812265708 Y82.96894249567268 F300
G1 X124.22139467671968 Y82.99492007447445 F300
G1 X124.25967742442755 Y83.0352536836667 F300
G1 X124.31299982302066 Y83.0352536836667 F300
G1 X124.33419205835897 Y83.02705023772927 F300
G1 X125.12445735032873 Y81.8874548729251 F300
G1 X125.37671331290387 Y80.41015098369785 F300
G1 X125.12582459131829 Y78.94036691991323 F300
G1 X124.33419205835897 Y77.79735345263514 F300
G1 X124.31299982302066 Y77.78846638620293 F300
G1 X124.25967742442755 Y77.78846638620293 F300;svg > g > g > g#figure_1 > g#text_1 > g > use > path#Cmr10-73
M3 S90
G4 P0.2
G0 X126.18103228662869 Y79.42160773548042
M3 S30
G4 P0.2
G1 X126.18103228662869 Y80.08627414172254 F300
G1 X126.21668489079494 Y80.11810682401382 F300
G1 X126.26634387516933 Y80.11810682401382 F300
G1 X126.29817655746065 Y80.08627414172254 F300
G1 X126.84697200016245 Y79.49545955839623 F300
G1 X127.17039205224192 Y79.58268110787435 F300
G1 X127.30090604963623 Y79.85325890735032 F300
G1 X127.1990414663041 Y80.07736099068099 F300
G1 X126.95838638818194 Y80.20341841255448 F300
G1 X126.68589862776855 Y80.25753397244966 F300
G1 X126.43633039860482 Y80.34857544380276 F300
G1 X126.25233749496118 Y80.51283208442581 F300
G1 X126.18103228662869 Y80.75094054796465 F300
G1 X126.2752570262109 Y81.0438012250445 F300
G1 X126.5203686798538 Y81.20933117295921 F300
G1 X126.84697200016245 Y81.26026346462528 F300
G1 X127.21113788557479 Y81.14884907660576 F300
G1 X127.32891881005257 Y81.25007700629206 F300
G1 X127.34865507307316 Y81.26026346462528 F300
G1 X127.37857779442699 Y81.26026346462528 F300
G1 X127.40022401838505 Y81.2488036990004 F300
G1 X127.41041047671825 Y81.2265208213965 F300
G1 X127.41041047671825 Y80.69300506619449 F300
G1 X127.37857779442699 Y80.65544250109079 F300
G1 X127.32891881005257 Y80.65544250109079 F300
G1 X127.2926295522405 Y80.69300506619449 F300
G1 X127.1742119741169 Y81.03552472764876 F300
G1 X126.8431520782875 Y81.1647654177514 F300
G1 X126.52609856266628 Y81.09664347764804 F300
G1 X126.39176464339702 Y80.86426489692164 F300
G1 X126.48789934391671 Y80.6783620323405 F300
G1 X126.71391138818485 Y80.57395083442508 F300
G1 X126.99021907047326 Y80.52174523546739 F300
G1 X127.24997375797018 Y80.41415076932282 F300
G1 X127.44096985171788 Y80.22315467557507 F300
G1 X127.51163840640456 Y79.96276333443235 F300
G1 X127.4607061147385 Y79.7068285688104 F300
G1 X127.31936900536519 Y79.52665558704169 F300
G1 X127.10545338036772 Y79.42160773548042 F300
G1 X126.84697200016245 Y79.38786509225167 F300
G1 X126.41150090641761 Y79.5591249229788 F300
G1 X126.2625239532944 Y79.39805155058488 F300
G1 X126.24024107569049 Y79.38786509225167 F300
G1 X126.21668489079494 Y79.38786509225167 F300
G1 X126.18103228662869 Y79.42160773548042 F300;svg > g > g > g#figure_1 > g#text_1 > g > use > path#Cmr10-69
M3 S90
G4 P0.2
G0 X127.77640675227639 Y79.43370415475113
M3 S30
G4 P0.2
G1 X127.77640675227639 Y79.57695122506192 F300
G1 X128.00496541112784 Y79.59859744901999 F300
G1 X128.09473357518928 Y79.70619191516457 F300
G1 X128.09473357518928 Y80.81842583442219 F300
G1 X128.03361482519 Y81.0113318891074 F300
G1 X127.79423305435952 Y81.04698449327363 F300
G1 X127.79423305435952 Y81.19023156358443 F300
G1 X128.38122771581087 Y81.2341606651464 F300
G1 X128.38122771581087 Y79.70619191516457 F300
G1 X128.45889946060163 Y79.59859744901999 F300
G1 X128.665811895495 Y79.57695122506192 F300
G1 X128.665811895495 Y79.43370415475113 F300
G1 X127.77640675227639 Y79.43370415475113 F300
M3 S90
G4 P0.2
G0 X127.949576543941 Y81.93447967555475
M3 S30
G4 P0.2
G1 X128.01706183039852 Y82.09173312607372 F300
G1 X128.17240531998004 Y82.15921841253126 F300
G1 X128.2831830543537 Y82.12929569117745 F300
G1 X128.36722133560272 Y82.04589406357427 F300
G1 X128.3971440569565 Y81.93447967555475 F300
G1 X128.32902211685314 Y81.77913618597327 F300
G1 X128.17240531998004 Y81.71165089951575 F300
G1 X128.01706183039852 Y81.77913618597327 F300
G1 X127.949576543941 Y81.93447967555475 F300;svg > g > g > g#figure_1 > g#text_1 > g > use > path#Cmr10-6e
M3 S90
G4 P0.2
G0 X128.90065752001303 Y79.43370415475113
M3 S30
G4 P0.2
G1 X128.90065752001303 Y79.57695122506192 F300
G1 X129.1292161788645 Y79.59859744901999 F300
G1 X129.21898434292592 Y79.70619191516457 F300
G1 X129.21898434292592 Y80.81842583442219 F300
G1 X129.18587835334296 Y80.97631593858696 F300
G1 X129.09165361376077 Y81.03616138129459 F300
G1 X128.90065752001303 Y81.04698449327363 F300
G1 X128.90065752001303 Y81.19023156358443 F300
G1 X129.49147210333936 Y81.2341606651464 F300
G1 X129.49147210333936 Y80.83625213650531 F300
G1 X129.7327638351073 Y81.12274627712691 F300
G1 X130.0822866866657 Y81.2341606651464 F300
G1 X130.50693466843146 Y81.09855343858553 F300
G1 X130.64954508509643 Y80.6853652224446 F300
G1 X130.64954508509643 Y79.70619191516457 F300
G1 X130.73867659551203 Y79.59859744901999 F300
G1 X130.96787190800933 Y79.57695122506192 F300
G1 X130.96787190800933 Y79.43370415475113 F300
G1 X130.03453766322872 Y79.43370415475113 F300
G1 X130.03453766322872 Y79.57695122506192 F300
G1 X130.2630963220802 Y79.59859744901999 F300
G1 X130.35286448614164 Y79.70619191516457 F300
G1 X130.35286448614164 Y80.6732688031739 F300
G1 X130.29492900437148 Y81.00050877712835 F300
G1 X130.0580938481243 Y81.12911281358517 F300
G1 X129.66909847052474 Y80.9400266807749 F300
G1 X129.51693824917237 Y80.5102854698425 F300
G1 X129.51693824917237 Y79.70619191516457 F300
G1 X129.6067064132338 Y79.59859744901999 F300
G1 X129.83335511114777 Y79.57695122506192 F300
G1 X129.83335511114777 Y79.43370415475113 F300
G1 X128.90065752001303 Y79.43370415475113 F300;svg > g > g > g#figure_1 > g#text_1 > g > use > path#Cmex10-a1
M3 S90
G4 P0.2
G0 X133.3484803191946 Y77.79735345263514
M3 S30
G4 P0.2
G1 X132.5547969247509 Y78.94036691991323 F300
G1 X132.30185734168097 Y80.41015098369785 F300
G1 X132.5547969247509 Y81.8874548729251 F300
G1 X133.3484803191946 Y83.02705023772927 F300
G1 X133.3696725545329 Y83.0352536836667 F300
G1 X133.42367857362078 Y83.0352536836667 F300
G1 X133.44692167044343 Y83.02158127377102 F300
G1 X133.45785959836 Y82.99492007447445 F300
G1 X133.44897253192778 Y82.96894249567268 F300
G1 X133.05042178346898 Y82.42272972034063 F300
G1 X132.7961149594095 Y81.79790058810846 F300
G1 X132.6628089629267 Y81.12179991876752 F300
G1 X132.62247535373447 Y80.40536564023438 F300
G1 X133.44897253192778 Y77.85477757419696 F300
G1 X133.45785959836 Y77.82948361588996 F300
G1 X133.4455544294539 Y77.80282241659339 F300
G1 X133.42367857362078 Y77.78846638620293 F300
G1 X133.3696725545329 Y77.78846638620293 F300
G1 X133.3484803191946 Y77.79735345263514 F300;svg > g > g > g#figure_1 > g#text_1 > g > use > path#Cmr10-a2
M3 S90
G4 P0.2
G0 X133.79584396479865 Y80.99376024848259
M3 S30
G4 P0.2
G1 X133.77222411453855 Y81.0160431260865 F300
G1 X133.77400674474686 Y81.02005404405519 F300
G1 X133.77489805985098 Y81.02584759223221 F300
G1 X134.75668164707895 Y83.0050127810108 F300
G1 X134.80837792311996 Y83.0353174945521 F300
G1 X134.84715013015077 Y83.0353174945521 F300
G1 X134.8988464061918 Y83.0050127810108 F300
G1 X135.88062999341975 Y81.02584759223221 F300
G1 X135.88241262362806 Y81.02094535915937 F300
G1 X135.88330393873224 Y81.0160431260865 F300
G1 X135.8596840884721 Y80.99376024848259 F300
G1 X133.79584396479865 Y80.99376024848259 F300
M3 S90
G4 P0.2
G0 X133.98391145177564 Y81.22238257269862
M3 S30
G4 P0.2
G1 X135.48666871738277 Y81.22238257269862 F300
G1 X134.73573574213128 Y82.73583561955566 F300
G1 X133.98391145177564 Y81.22238257269862 F300;svg > g > g > g#figure_1 > g#text_1 > g > use > path#Cmmi10-74
M3 S90
G4 P0.2
G0 X136.1940386778327 Y81.22505651801112
M3 S30
G4 P0.2
G1 X136.20250617132217 Y81.30438356228098 F300
G1 X136.40839996038224 Y82.12305648544834 F300
G1 X136.1089180853858 Y82.12305648544834 F300
G1 X136.0799503445007 Y82.16093737737498 F300
G1 X136.11738557887526 Y82.22332943466591 F300
G1 X136.4333567832986 Y82.22332943466591 F300
G1 X136.54789077418263 Y82.6885959190354 F300
G1 X136.59245652939046 Y82.75277060653461 F300
G1 X136.66732699813957 Y82.77906440210724 F300
G1 X136.72793642522223 Y82.7572271820554 F300
G1 X136.75244759058646 Y82.69973735783734 F300
G1 X136.7515562754823 Y82.686367631275 F300
G1 X136.74977364527402 Y82.6761175075772 F300
G1 X136.63568531194204 Y82.22332943466591 F300
G1 X136.92937363876146 Y82.22332943466591 F300
G1 X136.9587870371986 Y82.18589420029134 F300
G1 X136.9529934890216 Y82.16182869247915 F300
G1 X136.94185205021964 Y82.1341979242503 F300
G1 X136.92090614527197 Y82.12305648544834 F300
G1 X136.6102828314736 Y82.12305648544834 F300
G1 X136.40572601506975 Y81.29859001410398 F300
G1 X136.38478011012208 Y81.15954485785564 F300
G1 X136.46856372991274 Y81.03698903103415 F300
G1 X136.69050119084764 Y81.15464262478277 F300
G1 X136.83890515568962 Y81.41312400498803 F300
G1 X136.8611880332935 Y81.42961333441492 F300
G1 X136.8959493223556 Y81.42961333441492 F300
G1 X136.91377562443873 Y81.42203715602959 F300
G1 X136.92090614527197 Y81.40465651149854 F300
G1 X136.91823219995953 Y81.39618901800907 F300
G1 X136.7355126036075 Y81.09269622504392 F300
G1 X136.4614332090795 Y80.96167290473298 F300
G1 X136.2711374343422 Y81.03520640082586 F300
G1 X136.1940386778327 Y81.22505651801112 F300;svg > g > g > g#figure_1 > g#text_1 > g > use > path#Cmr10-32
M3 S90
G4 P0.2
G0 X134.7729072199954 Y77.78852745402065
M3 S30
G4 P0.2
G1 X134.7729072199954 Y77.86518055297807 F300
G1 X134.77825511062034 Y77.88033290974874 F300
G1 X135.22123871738592 Y78.37055621703458 F300
G1 X135.38390372389438 Y78.55283015583449 F300
G1 X135.5077965233721 Y78.72307134072831 F300
G1 X135.6049498697251 Y78.91871500609058 F300
G1 X135.64060247389133 Y79.12951102822348 F300
G1 X135.59737369133975 Y79.35323111936665 F300
G1 X135.46857865878923 Y79.52391796181254 F300
G1 X135.261793554625 Y79.58809264931179 F300
G1 X135.03896477858598 Y79.51322218056268 F300
G1 X134.89947396478556 Y79.32069811806497 F300
G1 X134.93022433587896 Y79.32337206337743 F300
G1 X135.03941043613807 Y79.28014328082585 F300
G1 X135.08486750645002 Y79.16872889280634 F300
G1 X135.03941043613807 Y79.05776016233892 F300
G1 X134.93022433587896 Y79.01274874957905 F300
G1 X134.81791863275527 Y79.05909713499514 F300
G1 X134.7729072199954 Y79.16872889280634 F300
G1 X134.8130163996824 Y79.36972044879354 F300
G1 X134.9293330207748 Y79.53684203082281 F300
G1 X135.10091117832485 Y79.64914773394648 F300
G1 X135.30323970696827 Y79.68836559852934 F300
G1 X135.6067324999334 Y79.61928867795724 F300
G1 X135.82956127597242 Y79.42409067014708 F300
G1 X135.91200792310687 Y79.12951102822348 F300
G1 X135.85763770175336 Y78.89420384072628 F300
G1 X135.7181468879529 Y78.69142965453076 F300
G1 X135.5011116600909 Y78.48464455036655 F300
G1 X135.32730521478047 Y78.33044703734755 F300
G1 X135.00420348952392 Y78.01982372354917 F300
G1 X135.27828288405192 Y78.01982372354917 F300
G1 X135.61609130852705 Y78.0229433264137 F300
G1 X135.76003869784824 Y78.03363910766357 F300
G1 X135.8286699608683 Y78.2970227209417 F300
G1 X135.91200792310687 Y78.2970227209417 F300
G1 X135.83134390618076 Y77.78852745402065 F300
G1 X134.7729072199954 Y77.78852745402065 F300;svg > g > g > g#figure_1 > g#text_1 > g > use > path#Cmex10-a2
M3 S90
G4 P0.2
G0 X137.77370087347538 Y77.78846638620293
M3 S30
G4 P0.2
G1 X137.7354181257675 Y77.82948361588996 F300
G1 X137.74362157170492 Y77.85477757419696 F300
G1 X138.2399300509178 Y78.59718943153187 F300
G1 X138.4962877364616 Y79.46880556238091 F300
G1 X138.57011874989826 Y80.41425270666656 F300
G1 X137.74362157170492 Y82.96894249567268 F300
G1 X137.7354181257675 Y82.99492007447445 F300
G1 X137.77370087347538 Y83.0352536836667 F300
G1 X137.82702327206852 Y83.0352536836667 F300
G1 X137.84821550740682 Y83.02705023772927 F300
G1 X138.63848079937657 Y81.8874548729251 F300
G1 X138.89073676195173 Y80.41015098369785 F300
G1 X138.63984804036613 Y78.94036691991323 F300
G1 X137.84821550740682 Y77.79735345263514 F300
G1 X137.82702327206852 Y77.78846638620293 F300
G1 X137.77370087347538 Y77.78846638620293 F300;svg > g > g > g#figure_1 > g#text_1 > g > use > path#Cmr10-a2
M3 S90
G4 P0.2
G0 X119.55991009908227 Y73.05300665674356
M3 S30
G4 P0.2
G1 X119.52616745585352 Y73.08483933903486 F300
G1 X119.52871407043682 Y73.09056922184729 F300
G1 X119.52998737772847 Y73.09884571924302 F300
G1 X120.93253535948264 Y75.92622456035527 F300
G1 X121.00638718239844 Y75.96951700827142 F300
G1 X121.06177604958529 Y75.96951700827142 F300
G1 X121.13562787250106 Y75.92622456035527 F300
G1 X122.53817585425524 Y73.09884571924302 F300
G1 X122.54072246883855 Y73.09184252913893 F300
G1 X122.54199577613022 Y73.08483933903486 F300
G1 X122.50825313290144 Y73.05300665674356 F300
G1 X119.55991009908227 Y73.05300665674356 F300
M3 S90
G4 P0.2
G0 X119.82857793762078 Y73.37960997705217
M3 S30
G4 P0.2
G1 X121.97537403134527 Y73.37960997705217 F300
G1 X120.90261263812883 Y75.54168575827651 F300
G1 X119.82857793762078 Y73.37960997705217 F300;svg > g > g > g#figure_1 > g#text_1 > g > use > path#Cmmi10-74
M3 S90
G4 P0.2
G0 X122.9859025379583 Y73.38342989892713
M3 S30
G4 P0.2
G1 X122.99799895722897 Y73.49675424788413 F300
G1 X123.2921329416005 Y74.66628699526606 F300
G1 X122.86430169160558 Y74.66628699526606 F300
G1 X122.82291920462691 Y74.72040255516126 F300
G1 X122.87639811087625 Y74.80953406557686 F300
G1 X123.32778554576674 Y74.80953406557686 F300
G1 X123.49140553274395 Y75.47420047181896 F300
G1 X123.55507089732653 Y75.56587859681788 F300
G1 X123.66202870982526 Y75.6034411619216 F300
G1 X123.74861360565757 Y75.57224513327616 F300
G1 X123.78362955617798 Y75.49011681296462 F300
G1 X123.78235624888634 Y75.47101720358984 F300
G1 X123.77980963430305 Y75.45637416973584 F300
G1 X123.61682630097164 Y74.80953406557686 F300
G1 X124.03638105357084 Y74.80953406557686 F300
G1 X124.07840019419532 Y74.7560551593275 F300
G1 X124.07012369679958 Y74.7216758624529 F300
G1 X124.05420735565394 Y74.68220333641172 F300
G1 X124.02428463430013 Y74.66628699526606 F300
G1 X123.58053704315957 Y74.66628699526606 F300
G1 X123.28831301972555 Y73.48847775048839 F300
G1 X123.25839029837174 Y73.28984181299076 F300
G1 X123.37808118378697 Y73.11476206038867 F300
G1 X123.69513469940821 Y73.28283862288664 F300
G1 X123.9071403634682 Y73.65209773746561 F300
G1 X123.93897304575948 Y73.67565392236115 F300
G1 X123.9886320301339 Y73.67565392236115 F300
G1 X124.01409817596694 Y73.66483081038213 F300
G1 X124.02428463430013 Y73.64000131819492 F300
G1 X124.02046471242518 Y73.62790489892423 F300
G1 X123.75943671763663 Y73.19434376611687 F300
G1 X123.36789472545377 Y73.0071675942441 F300
G1 X123.09604361868617 Y73.11221544580536 F300
G1 X122.9859025379583 Y73.38342989892713 F300;svg > g > g > g#figure_1 > g#text_1 > g > path
M3 S90
G4 P0.2
G0 X29.999999999999996 Y76.33331912070462
M3 S30
G4 P0.2
G1 X29.999999999999996 Y76.69712120403362 F300
G1 X34.116363703326115 Y76.69712120403362 F300
G1 X34.116363703326115 Y76.33331912070462 F300
G1 X29.999999999999996 Y76.33331912070462 F300;svg > g > g > g#figure_1 > g#text_1 > g > path
M3 S90
G4 P0.2
G0 X52.38633383590083 Y76.33331912070462
M3 S30
G4 P0.2
G1 X52.38633383590083 Y76.69712120403362 F300
G1 X85.70202120979687 Y76.69712120403362 F300
G1 X85.70202120979687 Y76.33331912070462 F300
G1 X52.38633383590083 Y76.33331912070462 F300;svg > g > g > g#figure_1 > g#text_1 > g > path
M3 S90
G4 P0.2
G0 X120.12717734517975 Y79.94302707141173
M3 S30
G4 P0.2
G1 X120.12717734517975 Y80.19768852974204 F300
G1 X123.53227956993098 Y80.19768852974204 F300
G1 X123.53227956993098 Y79.94302707141173 F300
G1 X120.12717734517975 Y79.94302707141173 F300;svg > g > g > g#figure_1 > g#text_1 > g > path
M3 S90
G4 P0.2
G0 X133.6412007942276 Y79.94302707141173
M3 S30
G4 P0.2
G1 X133.6412007942276 Y80.19768852974204 F300
G1 X137.04630301897882 Y80.19768852974204 F300
G1 X137.04630301897882 Y79.94302707141173 F300
G1 X133.6412007942276 Y79.94302707141173 F300;svg > g > g > g#figure_1 > g#text_1 > g > path
M3 S90
G4 P0.2
G0 X103.97199128416325 Y76.33331912070462
M3 S30
G4 P0.2
G1 X103.97199128416325 Y76.69712120403362 F300
G1 X139.55944850911564 Y76.69712120403362 F300
G1 X139.55944850911564 Y76.33331912070462 F300
G1 X103.97199128416325 Y76.33331912070462 F300;svg > g > g > g#layer1 > polyline
M3 S90
G4 P0.2
G0 X17.41699520830463 Y65.59069663999998
M3 S30
G4 P0.2
G1 X17.41699520830463 Y65.59069663999998 F300
G1 X17.231072499973504 Y64.84700580667547 F300
G1 X16.859227083311254 Y63.73146955668874 F300
G1 X16.487381666649007 Y62.80185601503309 F300
G1 X16.301458958317877 Y62.43001059837085 F300
G1 X15.929613541655625 Y61.872216015044124 F300
G1 X15.557768124993377 Y61.68629330671301 F300
G1 X15.185922708331125 Y61.68629330671301 F300
G1 X14.999999999999998 Y61.872216015044124 F300
G1 X14.999999999999998 Y62.244087890039715 F300
G1 X15.185922708331125 Y62.43001059837085 F300
G1 X15.37184541666225 Y62.244087890039715 F300
G1 X15.185922708331125 Y62.05813872337526 F300;svg > g > g > g#layer1 > polyline
M3 S90
G4 P0.2
G0 X17.41699520830463 Y65.59069663999998
M3 S30
G4 P0.2
G1 X17.41699520830463 Y65.59069663999998 F300
G1 X17.41699520830463 Y64.66108309834435 F300
G1 X17.602917916635757 Y62.61593330670197 F300
G1 X17.78884062496688 Y61.68629330671301 F300;svg > g > g > g#layer1 > polyline
M3 S90
G4 P0.2
G0 X17.41699520830463 Y65.59069663999998
M3 S30
G4 P0.2
G1 X17.41699520830463 Y65.59069663999998 F300
G1 X17.602917916635757 Y64.66108309834435 F300
G1 X17.78884062496688 Y62.61593330670197 F300
G1 X17.78884062496688 Y61.68629330671301 F300;svg > g > g > g#layer1 > polyline
M3 S90
G4 P0.2
G0 X20.01993958327372 Y65.40477393166886
M3 S30
G4 P0.2
G1 X20.01993958327372 Y65.40477393166886 F300
G1 X19.834016874942595 Y65.21885122333772 F300
G1 X20.01993958327372 Y65.0329285150066 F300
G1 X20.205862291604845 Y65.21885122333772 F300
G1 X20.205862291604845 Y65.40477393166886 F300
G1 X20.01993958327372 Y65.59069663999998 F300
G1 X19.648094166611468 Y65.59069663999998 F300
G1 X19.276248749949218 Y65.40477393166886 F300
G1 X18.904403333286968 Y64.84700580667547 F300
G1 X18.718480624955845 Y64.47516039001322 F300
G1 X18.346608749960257 Y63.54554684835759 F300
G1 X17.974763333298007 Y62.43001059837085 F300
G1 X17.78884062496688 Y61.68629330671301 F300;svg > g > g > g#layer1 > polyline
M3 S90
G4 P0.2
G0 X20.94955312492935 Y63.35962414002647
M3 S30
G4 P0.2
G1 X20.94955312492935 Y63.35962414002647 F300
G1 X20.5777077082671 Y63.35962414002647 F300
G1 X20.205862291604845 Y63.17370143169534 F300
G1 X20.01993958327372 Y62.98777872336422 F300
G1 X19.834016874942595 Y62.61593330670197 F300
G1 X19.834016874942595 Y62.244087890039715 F300
G1 X20.01993958327372 Y61.872216015044124 F300
G1 X20.39178499993597 Y61.68629330671301 F300
G1 X20.76363041659822 Y61.68629330671301 F300
G1 X21.135475833260475 Y61.872216015044124 F300
G1 X21.3213985415916 Y62.05813872337526 F300
G1 X21.507321249922725 Y62.43001059837085 F300
G1 X21.507321249922725 Y62.80185601503309 F300
G1 X21.3213985415916 Y63.17370143169534 F300
G1 X20.94955312492935 Y63.35962414002647 F300
G1 X20.76363041659822 Y63.17370143169534 F300
G1 X20.76363041659822 Y62.80185601503309 F300
G1 X20.94955312492935 Y62.43001059837085 F300
G1 X21.3213985415916 Y62.244087890039715 F300
G1 X21.693243958253852 Y62.244087890039715 F300
G1 X22.065089374916102 Y62.43001059837085 F300
G1 X22.251012083247225 Y62.61593330670197 F300;svg > g > g > g#layer1 > polyline
M3 S90
G4 P0.2
G0 X20.5777077082671 Y63.35962414002647
M3 S30
G4 P0.2
G1 X20.5777077082671 Y63.35962414002647 F300
G1 X20.205862291604845 Y62.98777872336422 F300
G1 X20.01993958327372 Y62.61593330670197 F300
G1 X20.01993958327372 Y62.05813872337526 F300
G1 X20.39178499993597 Y61.68629330671301 F300;svg > g > g > g#layer1 > polyline
M3 S90
G4 P0.2
G0 X22.994702916571725 Y63.35962414002647
M3 S30
G4 P0.2
G1 X22.994702916571725 Y63.35962414002647 F300
G1 X22.62285749990948 Y62.98777872336422 F300
G1 X22.436934791578352 Y62.43001059837085 F300
G1 X22.436934791578352 Y61.872216015044124 F300
G1 X22.808780208240602 Y61.68629330671301 F300
G1 X22.994702916571725 Y61.68629330671301 F300
G1 X23.36654833323398 Y61.872216015044124 F300
G1 X23.738393749896233 Y62.244087890039715 F300;svg > g > g > g#layer1 > polyline
M3 S90
G4 P0.2
G0 X23.180625624902856 Y63.35962414002647
M3 S30
G4 P0.2
G1 X23.180625624902856 Y63.35962414002647 F300
G1 X22.808780208240602 Y62.98777872336422 F300
G1 X22.62285749990948 Y62.43001059837085 F300
G1 X22.62285749990948 Y61.872216015044124 F300
G1 X22.808780208240602 Y61.68629330671301 F300;svg > g > g > g#layer1 > polyline
M3 S90
G4 P0.2
G0 X24.110239166558483 Y63.35962414002647
M3 S30
G4 P0.2
G1 X24.110239166558483 Y63.35962414002647 F300
G1 X23.738393749896233 Y62.244087890039715 F300
G1 X23.738393749896233 Y61.872216015044124 F300
G1 X24.110239166558483 Y61.68629330671301 F300
G1 X24.29616187488961 Y61.68629330671301 F300
G1 X24.66800729155186 Y61.872216015044124 F300
G1 X25.03985270821411 Y62.244087890039715 F300
G1 X25.225775416545236 Y62.80185601503309 F300
G1 X25.225775416545236 Y63.35962414002647 F300;svg > g > g > g#layer1 > polyline
M3 S90
G4 P0.2
G0 X24.29616187488961 Y63.35962414002647
M3 S30
G4 P0.2
G1 X24.29616187488961 Y63.35962414002647 F300
G1 X23.924316458227356 Y62.244087890039715 F300
G1 X23.924316458227356 Y61.872216015044124 F300
G1 X24.110239166558483 Y61.68629330671301 F300;svg > g > g > g#layer1 > polyline
M3 S90
G4 P0.2
G0 X25.225775416545236 Y63.35962414002647
M3 S30
G4 P0.2
G1 X25.225775416545236 Y63.35962414002647 F300
G1 X25.411724583209693 Y62.61593330670197 F300
G1 X25.597647291540817 Y62.43001059837085 F300
G1 X25.783569999871943 Y62.43001059837085 F300
G1 X26.155415416534193 Y62.61593330670197 F300;svg > g > g > g#layer1 > polyline
M3 S90
G4 P0.2
G0 X29.68794687482558 Y63.35962414002647
M3 S30
G4 P0.2
G1 X29.68794687482558 Y63.35962414002647 F300
G1 X30.24571499981896 Y63.91739226501984 F300
G1 X30.617560416481208 Y64.47516039001322 F300
G1 X30.80348312481233 Y65.0329285150066 F300
G1 X30.80348312481233 Y65.40477393166886 F300
G1 X30.617560416481208 Y65.59069663999998 F300
G1 X30.24571499981896 Y65.40477393166886 F300
G1 X30.059792291487835 Y65.0329285150066 F300
G1 X28.386487916507704 Y60.012988931732885 F300
G1 X28.386487916507704 Y59.641143515070624 F300
G1 X28.57241062483883 Y59.4552208067395 F300
G1 X28.944256041501077 Y59.641143515070624 F300
G1 X29.1301787498322 Y60.198911640064 F300
G1 X29.316101458163324 Y61.872216015044124 F300
G1 X29.502024166494454 Y61.68629330671301 F300
G1 X29.873869583156704 Y61.68629330671301 F300
G1 X30.24571499981896 Y61.872216015044124 F300
G1 X30.431637708150085 Y62.05813872337526 F300
G1 X30.80348312481233 Y62.61593330670197 F300;svg > g > g > g#layer1 > polyline
M3 S90
G4 P0.2
G0 X30.059792291487835 Y65.0329285150066
M3 S30
G4 P0.2
G1 X30.059792291487835 Y65.0329285150066 F300
G1 X29.873869583156704 Y64.10331497335098 F300
G1 X29.68794687482558 Y63.35962414002647 F300
G1 X29.1301787498322 Y61.68629330671301 F300
G1 X28.758333333169954 Y60.75667976505738 F300
G1 X28.386487916507704 Y60.012988931732885 F300;svg > g > g > g#layer1 > polyline
M3 S90
G4 P0.2
G0 X32.10494208313022 Y63.35962414002647
M3 S30
G4 P0.2
G1 X32.10494208313022 Y63.35962414002647 F300
G1 X31.733096666467965 Y63.35962414002647 F300
G1 X31.36125124980571 Y63.17370143169534 F300
G1 X31.175328541474585 Y62.98777872336422 F300
G1 X30.989405833143454 Y62.61593330670197 F300
G1 X30.989405833143454 Y62.244087890039715 F300
G1 X31.175328541474585 Y61.872216015044124 F300
G1 X31.54717395813683 Y61.68629330671301 F300
G1 X31.91901937479908 Y61.68629330671301 F300
G1 X32.290891249794676 Y61.872216015044124 F300
G1 X32.476813958125796 Y62.05813872337526 F300
G1 X32.66273666645692 Y62.43001059837085 F300
G1 X32.66273666645692 Y62.80185601503309 F300
G1 X32.476813958125796 Y63.17370143169534 F300
G1 X32.10494208313022 Y63.35962414002647 F300
G1 X31.91901937479908 Y63.17370143169534 F300
G1 X31.91901937479908 Y62.80185601503309 F300
G1 X32.10494208313022 Y62.43001059837085 F300
G1 X32.476813958125796 Y62.244087890039715 F300
G1 X32.84865937478804 Y62.244087890039715 F300
G1 X33.220504791450296 Y62.43001059837085 F300
G1 X33.40642749978143 Y62.61593330670197 F300;svg > g > g > g#layer1 > polyline
M3 S90
G4 P0.2
G0 X31.733096666467965 Y63.35962414002647
M3 S30
G4 P0.2
G1 X31.733096666467965 Y63.35962414002647 F300
G1 X31.36125124980571 Y62.98777872336422 F300
G1 X31.175328541474585 Y62.61593330670197 F300
G1 X31.175328541474585 Y62.05813872337526 F300
G1 X31.54717395813683 Y61.68629330671301 F300;svg > g > g > g#layer1 > polyline
M3 S90
G4 P0.2
G0 X33.40642749978143 Y62.61593330670197
M3 S30
G4 P0.2
G1 X33.40642749978143 Y62.61593330670197 F300
G1 X33.778272916443676 Y63.17370143169534 F300
G1 X34.15011833310592 Y63.35962414002647 F300
G1 X34.521963749768176 Y63.17370143169534 F300
G1 X34.521963749768176 Y62.80185601503309 F300
G1 X34.15011833310592 Y61.68629330671301 F300;svg > g > g > g#layer1 > polyline
M3 S90
G4 P0.2
G0 X34.15011833310592 Y63.35962414002647
M3 S30
G4 P0.2
G1 X34.15011833310592 Y63.35962414002647 F300
G1 X34.336041041437056 Y63.17370143169534 F300
G1 X34.336041041437056 Y62.80185601503309 F300
G1 X33.964195624774796 Y61.68629330671301 F300;svg > g > g > g#layer1 > polyline
M3 S90
G4 P0.2
G0 X34.521963749768176 Y62.80185601503309
M3 S30
G4 P0.2
G1 X34.521963749768176 Y62.80185601503309 F300
G1 X34.89380916643043 Y63.17370143169534 F300
G1 X35.265654583092676 Y63.35962414002647 F300
G1 X35.45157729142381 Y63.35962414002647 F300
G1 X35.265654583092676 Y62.80185601503309 F300;svg > g > g > g#layer1 > polyline
M3 S90
G4 P0.2
G0 X35.265654583092676 Y63.35962414002647
M3 S30
G4 P0.2
G1 X35.265654583092676 Y63.35962414002647 F300
G1 X35.265654583092676 Y62.80185601503309 F300
G1 X35.45157729142381 Y62.43001059837085 F300
G1 X35.63749999975493 Y62.43001059837085 F300
G1 X36.00934541641718 Y62.61593330670197 F300;svg > g > g > g#layer1 > polyline
M3 S90
G4 P0.2
G0 X39.54190333304189 Y63.35962414002647
M3 S30
G4 P0.2
G1 X39.54190333304189 Y63.35962414002647 F300
G1 X39.355980624710774 Y62.98777872336422 F300
G1 X39.17005791637964 Y62.43001059837085 F300
G1 X39.17005791637964 Y61.872216015044124 F300
G1 X39.54190333304189 Y61.68629330671301 F300
G1 X39.72782604137302 Y61.68629330671301 F300
G1 X40.2855941663664 Y61.872216015044124 F300
G1 X40.65743958302865 Y62.244087890039715 F300
G1 X40.84336229135978 Y62.80185601503309 F300
G1 X40.84336229135978 Y63.35962414002647 F300;svg > g > g > g#layer1 > polyline
M3 S90
G4 P0.2
G0 X39.72782604137302 Y63.35962414002647
M3 S30
G4 P0.2
G1 X39.72782604137302 Y63.35962414002647 F300
G1 X39.54190333304189 Y62.98777872336422 F300
G1 X39.355980624710774 Y62.43001059837085 F300
G1 X39.355980624710774 Y61.872216015044124 F300
G1 X39.54190333304189 Y61.68629330671301 F300;svg > g > g > g#layer1 > polyline
M3 S90
G4 P0.2
G0 X40.84336229135978 Y63.35962414002647
M3 S30
G4 P0.2
G1 X40.84336229135978 Y63.35962414002647 F300
G1 X41.02928499969091 Y62.61593330670197 F300
G1 X41.21520770802202 Y62.43001059837085 F300
G1 X41.401130416353155 Y62.43001059837085 F300
G1 X41.7729758330154 Y62.61593330670197 F300;svg > g > g > g#layer1 > polyline
M3 S90
G4 P0.2
G0 X42.33074395800878 Y62.05813872337526
M3 S30
G4 P0.2
G1 X42.33074395800878 Y62.05813872337526 F300
G1 X42.702589374671035 Y62.244087890039715 F300
G1 X42.88851208300215 Y62.43001059837085 F300
G1 X43.07443479133328 Y62.80185601503309 F300
G1 X43.07443479133328 Y63.17370143169534 F300
G1 X42.88851208300215 Y63.35962414002647 F300
G1 X42.702589374671035 Y63.35962414002647 F300
G1 X42.33074395800878 Y63.17370143169534 F300
G1 X42.144821249677655 Y62.98777872336422 F300
G1 X41.958898541346535 Y62.61593330670197 F300
G1 X41.958898541346535 Y62.244087890039715 F300
G1 X42.144821249677655 Y61.872216015044124 F300
G1 X42.5166666663399 Y61.68629330671301 F300
G1 X43.07443479133328 Y61.68629330671301 F300
G1 X43.63220291632666 Y62.05813872337526 F300
G1 X44.00404833298891 Y62.61593330670197 F300;svg > g > g > g#layer1 > polyline
M3 S90
G4 P0.2
G0 X42.702589374671035 Y63.35962414002647
M3 S30
G4 P0.2
G1 X42.702589374671035 Y63.35962414002647 F300
G1 X42.33074395800878 Y62.98777872336422 F300
G1 X42.144821249677655 Y62.61593330670197 F300
G1 X42.144821249677655 Y62.05813872337526 F300
G1 X42.5166666663399 Y61.68629330671301 F300;svg > g > g > g#layer1 > polyline
M3 S90
G4 P0.2
G0 X44.00404833298891 Y62.61593330670197
M3 S30
G4 P0.2
G1 X44.00404833298891 Y62.61593330670197 F300
G1 X44.37589374965117 Y63.17370143169534 F300
G1 X44.747739166313416 Y63.35962414002647 F300
G1 X45.11958458297566 Y63.17370143169534 F300
G1 X45.11958458297566 Y62.80185601503309 F300
G1 X44.747739166313416 Y61.68629330671301 F300;svg > g > g > g#layer1 > polyline
M3 S90
G4 P0.2
G0 X44.747739166313416 Y63.35962414002647
M3 S30
G4 P0.2
G1 X44.747739166313416 Y63.35962414002647 F300
G1 X44.93366187464453 Y63.17370143169534 F300
G1 X44.93366187464453 Y62.80185601503309 F300
G1 X44.56181645798228 Y61.68629330671301 F300;svg > g > g > g#layer1 > polyline
M3 S90
G4 P0.2
G0 X45.11958458297566 Y62.80185601503309
M3 S30
G4 P0.2
G1 X45.11958458297566 Y62.80185601503309 F300
G1 X45.491429999637916 Y63.17370143169534 F300
G1 X45.86327541630016 Y63.35962414002647 F300
G1 X46.04922458296462 Y63.35962414002647 F300
G1 X45.86327541630016 Y62.80185601503309 F300;svg > g > g > g#layer1 > polyline
M3 S90
G4 P0.2
G0 X45.86327541630016 Y63.35962414002647
M3 S30
G4 P0.2
G1 X45.86327541630016 Y63.35962414002647 F300
G1 X45.86327541630016 Y62.80185601503309 F300
G1 X46.04922458296462 Y62.43001059837085 F300
G1 X46.235147291295746 Y62.43001059837085 F300
G1 X46.606992707958 Y62.61593330670197 F300;svg > g > g > g#layer1 > polyline
M3 S90
G4 P0.2
G0 X47.16476083295137 Y63.35962414002647
M3 S30
G4 P0.2
G1 X47.16476083295137 Y63.35962414002647 F300
G1 X46.79291541628912 Y62.244087890039715 F300
G1 X46.79291541628912 Y61.872216015044124 F300
G1 X47.16476083295137 Y61.68629330671301 F300
G1 X47.3506835412825 Y61.68629330671301 F300
G1 X47.72252895794475 Y61.872216015044124 F300
G1 X48.09437437460701 Y62.244087890039715 F300
G1 X48.46621979126925 Y62.80185601503309 F300;svg > g > g > g#layer1 > polyline
M3 S90
G4 P0.2
G0 X47.3506835412825 Y63.35962414002647
M3 S30
G4 P0.2
G1 X47.3506835412825 Y63.35962414002647 F300
G1 X46.97883812462025 Y62.244087890039715 F300
G1 X46.97883812462025 Y61.872216015044124 F300
G1 X47.16476083295137 Y61.68629330671301 F300;svg > g > g > g#layer1 > line
M3 S90
G4 P0.2
G0 X48.65214249960039 Y63.35962414002647
M3 S30
G4 P0.2
G1 X47.536606249613634 Y60.012988931732885 F300;svg > g > g > g#layer1 > polyline
M3 S90
G4 P0.2
G0 X48.83806520793151 Y63.35962414002647
M3 S30
G4 P0.2
G1 X48.83806520793151 Y63.35962414002647 F300
G1 X48.28029708293813 Y61.68629330671301 F300
G1 X47.90845166627587 Y60.75667976505738 F300
G1 X47.536606249613634 Y60.012988931732885 F300
G1 X47.3506835412825 Y59.641143515070624 F300
G1 X46.97883812462025 Y59.4552208067395 F300
G1 X46.79291541628912 Y59.641143515070624 F300
G1 X46.79291541628912 Y60.012988931732885 F300
G1 X46.97883812462025 Y60.57075705672626 F300
G1 X47.3506835412825 Y60.942602473388504 F300
G1 X47.90845166627587 Y61.31444789005076 F300
G1 X48.65214249960039 Y61.68629330671301 F300
G1 X49.20991062459376 Y62.05813872337526 F300
G1 X49.581756041256 Y62.61593330670197 F300;svg > g > g > g#layer1 > polyline
M3 S90
G4 P0.2
G0 X52.556519374554 Y62.61593330670197
M3 S30
G4 P0.2
G1 X52.556519374554 Y62.61593330670197 F300
G1 X52.928391249549605 Y63.17370143169534 F300
G1 X53.114313957880725 Y63.54554684835759 F300
G1 X53.114313957880725 Y63.17370143169534 F300
G1 X53.672082082874105 Y62.80185601503309 F300
G1 X53.85800479120522 Y62.43001059837085 F300
G1 X53.85800479120522 Y62.05813872337526 F300
G1 X53.672082082874105 Y61.872216015044124 F300
G1 X53.30023666621185 Y61.68629330671301 F300;svg > g > g > g#layer1 > polyline
M3 S90
G4 P0.2
G0 X53.114313957880725 Y63.17370143169534
M3 S30
G4 P0.2
G1 X53.114313957880725 Y63.17370143169534 F300
G1 X53.48615937454297 Y62.80185601503309 F300
G1 X53.672082082874105 Y62.43001059837085 F300
G1 X53.672082082874105 Y62.05813872337526 F300
G1 X53.30023666621185 Y61.68629330671301 F300;svg > g > g > g#layer1 > polyline
M3 S90
G4 P0.2
G0 X52.556519374554 Y61.872216015044124
M3 S30
G4 P0.2
G1 X52.556519374554 Y61.872216015044124 F300
G1 X52.928391249549605 Y61.68629330671301 F300
G1 X53.85800479120522 Y61.68629330671301 F300
G1 X54.415772916198605 Y62.05813872337526 F300
G1 X54.78761833286085 Y62.61593330670197 F300;svg > g > g > g#layer1 > polyline
M3 S90
G4 P0.2
G0 X54.78761833286085 Y62.61593330670197
M3 S30
G4 P0.2
G1 X54.78761833286085 Y62.61593330670197 F300
G1 X55.15946374952311 Y63.17370143169534 F300
G1 X55.53130916618535 Y63.35962414002647 F300
G1 X55.90315458284761 Y63.17370143169534 F300
G1 X55.90315458284761 Y62.80185601503309 F300
G1 X55.53130916618535 Y61.68629330671301 F300;svg > g > g > g#layer1 > polyline
M3 S90
G4 P0.2
G0 X55.53130916618535 Y63.35962414002647
M3 S30
G4 P0.2
G1 X55.53130916618535 Y63.35962414002647 F300
G1 X55.71723187451648 Y63.17370143169534 F300
G1 X55.71723187451648 Y62.80185601503309 F300
G1 X55.34538645785424 Y61.68629330671301 F300;svg > g > g > g#layer1 > polyline
M3 S90
G4 P0.2
G0 X55.90315458284761 Y62.80185601503309
M3 S30
G4 P0.2
G1 X55.90315458284761 Y62.80185601503309 F300
G1 X56.27499999950985 Y63.17370143169534 F300
G1 X56.64684541617211 Y63.35962414002647 F300
G1 X56.83276812450323 Y63.35962414002647 F300
G1 X57.20461354116548 Y63.17370143169534 F300
G1 X57.20461354116548 Y62.80185601503309 F300
G1 X56.83276812450323 Y61.68629330671301 F300;svg > g > g > g#layer1 > polyline
M3 S90
G4 P0.2
G0 X56.83276812450323 Y63.35962414002647
M3 S30
G4 P0.2
G1 X56.83276812450323 Y63.35962414002647 F300
G1 X57.018690832834366 Y63.17370143169534 F300
G1 X57.018690832834366 Y62.80185601503309 F300
G1 X56.64684541617211 Y61.68629330671301 F300;svg > g > g > g#layer1 > polyline
M3 S90
G4 P0.2
G0 X57.20461354116548 Y62.80185601503309
M3 S30
G4 P0.2
G1 X57.20461354116548 Y62.80185601503309 F300
G1 X57.57645895782775 Y63.17370143169534 F300
G1 X57.94830437448998 Y63.35962414002647 F300
G1 X58.134227082821106 Y63.35962414002647 F300
G1 X58.506072499483366 Y63.17370143169534 F300
G1 X58.506072499483366 Y62.80185601503309 F300
G1 X58.32014979115224 Y62.244087890039715 F300
G1 X58.32014979115224 Y61.872216015044124 F300
G1 X58.506072499483366 Y61.68629330671301 F300;svg > g > g > g#layer1 > polyline
M3 S90
G4 P0.2
G0 X58.134227082821106 Y63.35962414002647
M3 S30
G4 P0.2
G1 X58.134227082821106 Y63.35962414002647 F300
G1 X58.32014979115224 Y63.17370143169534 F300
G1 X58.32014979115224 Y62.80185601503309 F300
G1 X58.134227082821106 Y62.244087890039715 F300
G1 X58.134227082821106 Y61.872216015044124 F300
G1 X58.506072499483366 Y61.68629330671301 F300
G1 X58.87791791614561 Y61.872216015044124 F300
G1 X59.06384062447674 Y62.05813872337526 F300
G1 X59.43568604113899 Y62.61593330670197 F300;svg > g > g > g#layer1 > polyline
M3 S90
G4 P0.2
G0 X61.294939582783584 Y62.80185601503309
M3 S30
G4 P0.2
G1 X61.294939582783584 Y62.80185601503309 F300
G1 X61.10901687445245 Y63.17370143169534 F300
G1 X60.73717145779022 Y63.35962414002647 F300
G1 X60.36532604112795 Y63.35962414002647 F300
G1 X59.9934806244657 Y63.17370143169534 F300
G1 X59.807557916134584 Y62.98777872336422 F300
G1 X59.62160874947011 Y62.61593330670197 F300
G1 X59.62160874947011 Y62.244087890039715 F300
G1 X59.807557916134584 Y61.872216015044124 F300
G1 X60.17940333279683 Y61.68629330671301 F300
G1 X60.55124874945908 Y61.68629330671301 F300
G1 X60.92309416612133 Y61.872216015044124 F300
G1 X61.10901687445245 Y62.244087890039715 F300;svg > g > g > g#layer1 > polyline
M3 S90
G4 P0.2
G0 X60.36532604112795 Y63.35962414002647
M3 S30
G4 P0.2
G1 X60.36532604112795 Y63.35962414002647 F300
G1 X59.9934806244657 Y62.98777872336422 F300
G1 X59.807557916134584 Y62.61593330670197 F300
G1 X59.807557916134584 Y62.05813872337526 F300
G1 X60.17940333279683 Y61.68629330671301 F300;svg > g > g > g#layer1 > polyline
M3 S90
G4 P0.2
G0 X61.48086229111471 Y63.35962414002647
M3 S30
G4 P0.2
G1 X61.48086229111471 Y63.35962414002647 F300
G1 X61.10901687445245 Y62.244087890039715 F300
G1 X61.10901687445245 Y61.872216015044124 F300
G1 X61.48086229111471 Y61.68629330671301 F300
G1 X61.85270770777695 Y61.872216015044124 F300
G1 X62.038630416108084 Y62.05813872337526 F300
G1 X62.410475832770345 Y62.61593330670197 F300;svg > g > g > g#layer1 > polyline
M3 S90
G4 P0.2
G0 X61.666784999445824 Y63.35962414002647
M3 S30
G4 P0.2
G1 X61.666784999445824 Y63.35962414002647 F300
G1 X61.294939582783584 Y62.244087890039715 F300
G1 X61.294939582783584 Y61.872216015044124 F300
G1 X61.48086229111471 Y61.68629330671301 F300;svg > g > g > g#layer1 > polyline
M3 S90
G4 P0.2
G0 X62.410475832770345 Y62.61593330670197
M3 S30
G4 P0.2
G1 X62.410475832770345 Y62.61593330670197 F300
G1 X62.782321249432584 Y63.17370143169534 F300
G1 X63.154166666094845 Y63.91739226501984 F300;svg > g > g > g#layer1 > polyline
M3 S90
G4 P0.2
G0 X63.71193479108822 Y65.59069663999998
M3 S30
G4 P0.2
G1 X63.71193479108822 Y65.59069663999998 F300
G1 X62.59639854110145 Y62.244087890039715 F300
G1 X62.59639854110145 Y61.872216015044124 F300
G1 X62.968243957763725 Y61.68629330671301 F300
G1 X63.34008937442595 Y61.872216015044124 F300
G1 X63.526012082757084 Y62.05813872337526 F300
G1 X63.897857499419345 Y62.61593330670197 F300;svg > g > g > g#layer1 > polyline
M3 S90
G4 P0.2
G0 X63.897857499419345 Y65.59069663999998
M3 S30
G4 P0.2
G1 X63.897857499419345 Y65.59069663999998 F300
G1 X62.782321249432584 Y62.244087890039715 F300
G1 X62.782321249432584 Y61.872216015044124 F300
G1 X62.968243957763725 Y61.68629330671301 F300;svg > g > g > g#layer1 > polyline
M3 S90
G4 P0.2
G0 X63.897857499419345 Y62.61593330670197
M3 S30
G4 P0.2
G1 X63.897857499419345 Y62.61593330670197 F300
G1 X64.26970291608158 Y63.17370143169534 F300
G1 X64.64154833274384 Y63.91739226501984 F300;svg > g > g > g#layer1 > polyline
M3 S90
G4 P0.2
G0 X65.19931645773721 Y65.59069663999998
M3 S30
G4 P0.2
G1 X65.19931645773721 Y65.59069663999998 F300
G1 X64.08378020775045 Y62.244087890039715 F300
G1 X64.08378020775045 Y61.872216015044124 F300
G1 X64.45562562441272 Y61.68629330671301 F300
G1 X64.82747104107497 Y61.872216015044124 F300
G1 X65.01339374940608 Y62.05813872337526 F300
G1 X65.38523916606835 Y62.61593330670197 F300;svg > g > g > g#layer1 > polyline
M3 S90
G4 P0.2
G0 X65.38523916606835 Y65.59069663999998
M3 S30
G4 P0.2
G1 X65.38523916606835 Y65.59069663999998 F300
G1 X64.26970291608158 Y62.244087890039715 F300
G1 X64.26970291608158 Y61.872216015044124 F300
G1 X64.45562562441272 Y61.68629330671301 F300;svg > g > g > g#layer1 > polyline
M3 S90
G4 P0.2
G0 X70.21925604101092 Y62.80185601503309
M3 S30
G4 P0.2
G1 X70.21925604101092 Y62.80185601503309 F300
G1 X70.03333333267982 Y63.17370143169534 F300
G1 X69.66148791601756 Y63.35962414002647 F300
G1 X69.28964249935532 Y63.35962414002647 F300
G1 X68.91779708269307 Y63.17370143169534 F300
G1 X68.73187437436192 Y62.98777872336422 F300
G1 X68.54595166603082 Y62.61593330670197 F300
G1 X68.54595166603082 Y62.244087890039715 F300
G1 X68.73187437436192 Y61.872216015044124 F300
G1 X69.10371979102419 Y61.68629330671301 F300
G1 X69.47556520768643 Y61.68629330671301 F300
G1 X69.84741062434868 Y61.872216015044124 F300
G1 X70.03333333267982 Y62.244087890039715 F300;svg > g > g > g#layer1 > polyline
M3 S90
G4 P0.2
G0 X69.28964249935532 Y63.35962414002647
M3 S30
G4 P0.2
G1 X69.28964249935532 Y63.35962414002647 F300
G1 X68.91779708269307 Y62.98777872336422 F300
G1 X68.73187437436192 Y62.61593330670197 F300
G1 X68.73187437436192 Y62.05813872337526 F300
G1 X69.10371979102419 Y61.68629330671301 F300;svg > g > g > g#layer1 > polyline
M3 S90
G4 P0.2
G0 X70.40517874934206 Y63.35962414002647
M3 S30
G4 P0.2
G1 X70.40517874934206 Y63.35962414002647 F300
G1 X70.03333333267982 Y62.244087890039715 F300
G1 X70.03333333267982 Y61.872216015044124 F300
G1 X70.40517874934206 Y61.68629330671301 F300
G1 X70.77702416600431 Y61.872216015044124 F300
G1 X70.96294687433544 Y62.05813872337526 F300
G1 X71.3347922909977 Y62.61593330670197 F300;svg > g > g > g#layer1 > polyline
M3 S90
G4 P0.2
G0 X70.59110145767318 Y63.35962414002647
M3 S30
G4 P0.2
G1 X70.59110145767318 Y63.35962414002647 F300
G1 X70.21925604101092 Y62.244087890039715 F300
G1 X70.21925604101092 Y61.872216015044124 F300
G1 X70.40517874934206 Y61.68629330671301 F300;svg > g > g > g#layer1 > polyline
M3 S90
G4 P0.2
G0 X71.3347922909977 Y62.61593330670197
M3 S30
G4 P0.2
G1 X71.3347922909977 Y62.61593330670197 F300
G1 X71.70663770765995 Y63.17370143169534 F300
G1 X72.07848312432219 Y63.35962414002647 F300
G1 X72.45032854098444 Y63.17370143169534 F300
G1 X72.45032854098444 Y62.80185601503309 F300
G1 X72.07848312432219 Y61.68629330671301 F300;svg > g > g > g#layer1 > polyline
M3 S90
G4 P0.2
G0 X72.07848312432219 Y63.35962414002647
M3 S30
G4 P0.2
G1 X72.07848312432219 Y63.35962414002647 F300
G1 X72.26440583265331 Y63.17370143169534 F300
G1 X72.26440583265331 Y62.80185601503309 F300
G1 X71.89256041599106 Y61.68629330671301 F300;svg > g > g > g#layer1 > polyline
M3 S90
G4 P0.2
G0 X72.45032854098444 Y62.80185601503309
M3 S30
G4 P0.2
G1 X72.45032854098444 Y62.80185601503309 F300
G1 X72.82217395764668 Y63.17370143169534 F300
G1 X73.19401937430895 Y63.35962414002647 F300
G1 X73.37994208264008 Y63.35962414002647 F300
G1 X73.75181395763565 Y63.17370143169534 F300
G1 X73.75181395763565 Y62.80185601503309 F300
G1 X73.56589124930453 Y62.244087890039715 F300
G1 X73.56589124930453 Y61.872216015044124 F300
G1 X73.75181395763565 Y61.68629330671301 F300;svg > g > g > g#layer1 > polyline
M3 S90
G4 P0.2
G0 X73.37994208264008 Y63.35962414002647
M3 S30
G4 P0.2
G1 X73.37994208264008 Y63.35962414002647 F300
G1 X73.56589124930453 Y63.17370143169534 F300
G1 X73.56589124930453 Y62.80185601503309 F300
G1 X73.37994208264008 Y62.244087890039715 F300
G1 X73.37994208264008 Y61.872216015044124 F300
G1 X73.75181395763565 Y61.68629330671301 F300
G1 X74.1236593742979 Y61.872216015044124 F300
G1 X74.30958208262902 Y62.05813872337526 F300
G1 X74.68142749929129 Y62.61593330670197 F300;svg > g > g > g#layer1 > polyline
M3 S90
G4 P0.2
G0 X76.54065458260254 Y62.80185601503309
M3 S30
G4 P0.2
G1 X76.54065458260254 Y62.80185601503309 F300
G1 X76.35473187427141 Y63.17370143169534 F300
G1 X75.98288645760915 Y63.35962414002647 F300
G1 X75.6110410409469 Y63.35962414002647 F300
G1 X75.23919562428466 Y63.17370143169534 F300
G1 X75.05327291595354 Y62.98777872336422 F300
G1 X74.86735020762241 Y62.61593330670197 F300
G1 X74.86735020762241 Y62.244087890039715 F300
G1 X75.05327291595354 Y61.872216015044124 F300
G1 X75.42511833261578 Y61.68629330671301 F300
G1 X75.79696374927804 Y61.68629330671301 F300
G1 X76.16880916594027 Y61.872216015044124 F300
G1 X76.35473187427141 Y62.244087890039715 F300;svg > g > g > g#layer1 > polyline
M3 S90
G4 P0.2
G0 X75.6110410409469 Y63.35962414002647
M3 S30
G4 P0.2
G1 X75.6110410409469 Y63.35962414002647 F300
G1 X75.23919562428466 Y62.98777872336422 F300
G1 X75.05327291595354 Y62.61593330670197 F300
G1 X75.05327291595354 Y62.05813872337526 F300
G1 X75.42511833261578 Y61.68629330671301 F300;svg > g > g > g#layer1 > line
M3 S90
G4 P0.2
G0 X76.72657729093366 Y63.35962414002647
M3 S30
G4 P0.2
G1 X75.6110410409469 Y60.012988931732885 F300;svg > g > g > g#layer1 > polyline
M3 S90
G4 P0.2
G0 X76.9124999992648 Y63.35962414002647
M3 S30
G4 P0.2
G1 X76.9124999992648 Y63.35962414002647 F300
G1 X76.35473187427141 Y61.68629330671301 F300
G1 X75.98288645760915 Y60.75667976505738 F300
G1 X75.6110410409469 Y60.012988931732885 F300
G1 X75.42511833261578 Y59.641143515070624 F300
G1 X75.05327291595354 Y59.4552208067395 F300
G1 X74.86735020762241 Y59.641143515070624 F300
G1 X74.86735020762241 Y60.012988931732885 F300
G1 X75.05327291595354 Y60.57075705672626 F300
G1 X75.42511833261578 Y60.942602473388504 F300
G1 X75.98288645760915 Y61.31444789005076 F300
G1 X76.72657729093366 Y61.68629330671301 F300
G1 X77.28434541592704 Y62.05813872337526 F300
G1 X77.65619083258929 Y62.61593330670197 F300;svg > g > g > g#layer1 > polyline
M3 S90
G4 P0.2
G0 X77.65619083258929 Y62.61593330670197
M3 S30
G4 P0.2
G1 X77.65619083258929 Y62.61593330670197 F300
G1 X78.02803624925153 Y63.17370143169534 F300
G1 X78.39988166591378 Y63.91739226501984 F300;svg > g > g > g#layer1 > polyline
M3 S90
G4 P0.2
G0 X78.95764979090717 Y65.59069663999998
M3 S30
G4 P0.2
G1 X78.95764979090717 Y65.59069663999998 F300
G1 X77.84211354092041 Y62.244087890039715 F300
G1 X77.84211354092041 Y61.872216015044124 F300
G1 X78.21395895758266 Y61.68629330671301 F300
G1 X78.58580437424492 Y61.872216015044124 F300
G1 X78.77172708257605 Y62.05813872337526 F300
G1 X79.1435724992383 Y62.61593330670197 F300;svg > g > g > g#layer1 > polyline
M3 S90
G4 P0.2
G0 X79.1435724992383 Y65.59069663999998
M3 S30
G4 P0.2
G1 X79.1435724992383 Y65.59069663999998 F300
G1 X78.02803624925153 Y62.244087890039715 F300
G1 X78.02803624925153 Y61.872216015044124 F300
G1 X78.21395895758266 Y61.68629330671301 F300;svg > g > g > g#layer1 > polyline
M3 S90
G4 P0.2
G0 X79.70134062423168 Y62.05813872337526
M3 S30
G4 P0.2
G1 X79.70134062423168 Y62.05813872337526 F300
G1 X80.07318604089392 Y62.244087890039715 F300
G1 X80.25910874922504 Y62.43001059837085 F300
G1 X80.4450579158895 Y62.80185601503309 F300
G1 X80.4450579158895 Y63.17370143169534 F300
G1 X80.25910874922504 Y63.35962414002647 F300
G1 X80.07318604089392 Y63.35962414002647 F300
G1 X79.70134062423168 Y63.17370143169534 F300
G1 X79.51541791590054 Y62.98777872336422 F300
G1 X79.32949520756942 Y62.61593330670197 F300
G1 X79.32949520756942 Y62.244087890039715 F300
G1 X79.51541791590054 Y61.872216015044124 F300
G1 X79.8872633325628 Y61.68629330671301 F300
G1 X80.4450579158895 Y61.68629330671301 F300
G1 X81.00282604088288 Y62.05813872337526 F300
G1 X81.37467145754513 Y62.61593330670197 F300;svg > g > g > g#layer1 > polyline
M3 S90
G4 P0.2
G0 X80.07318604089392 Y63.35962414002647
M3 S30
G4 P0.2
G1 X80.07318604089392 Y63.35962414002647 F300
G1 X79.70134062423168 Y62.98777872336422 F300
G1 X79.51541791590054 Y62.61593330670197 F300
G1 X79.51541791590054 Y62.05813872337526 F300
G1 X79.8872633325628 Y61.68629330671301 F300;svg > g > g > g#layer1 > polyline
M3 S90
G4 P0.2
G0 X81.37467145754513 Y62.61593330670197
M3 S30
G4 P0.2
G1 X81.37467145754513 Y62.61593330670197 F300
G1 X81.74651687420737 Y63.17370143169534 F300
G1 X81.9324395825385 Y63.54554684835759 F300
G1 X81.9324395825385 Y63.17370143169534 F300
G1 X82.4902077075319 Y62.80185601503309 F300
G1 X82.67613041586301 Y62.43001059837085 F300
G1 X82.67613041586301 Y62.05813872337526 F300
G1 X82.4902077075319 Y61.872216015044124 F300
G1 X82.11836229086964 Y61.68629330671301 F300;svg > g > g > g#layer1 > polyline
M3 S90
G4 P0.2
G0 X81.9324395825385 Y63.17370143169534
M3 S30
G4 P0.2
G1 X81.9324395825385 Y63.17370143169534 F300
G1 X82.30428499920077 Y62.80185601503309 F300
G1 X82.4902077075319 Y62.43001059837085 F300
G1 X82.4902077075319 Y62.05813872337526 F300
G1 X82.11836229086964 Y61.68629330671301 F300;svg > g > g > g#layer1 > polyline
M3 S90
G4 P0.2
G0 X81.37467145754513 Y61.872216015044124
M3 S30
G4 P0.2
G1 X81.37467145754513 Y61.872216015044124 F300
G1 X81.74651687420737 Y61.68629330671301 F300
G1 X82.67613041586301 Y61.68629330671301 F300
G1 X83.2338985408564 Y62.05813872337526 F300
G1 X83.60574395751864 Y62.61593330670197 F300;svg > g > g > g#layer1 > polyline
M3 S90
G4 P0.2
G0 X86.58050729081666 Y62.61593330670197
M3 S30
G4 P0.2
G1 X86.58050729081666 Y62.61593330670197 F300
G1 X86.95235270747891 Y63.17370143169534 F300
G1 X87.32422458247447 Y63.35962414002647 F300
G1 X87.69606999913675 Y63.17370143169534 F300
G1 X87.69606999913675 Y62.80185601503309 F300
G1 X87.32422458247447 Y61.68629330671301 F300;svg > g > g > g#layer1 > polyline
M3 S90
G4 P0.2
G0 X87.32422458247447 Y63.35962414002647
M3 S30
G4 P0.2
G1 X87.32422458247447 Y63.35962414002647 F300
G1 X87.5101472908056 Y63.17370143169534 F300
G1 X87.5101472908056 Y62.80185601503309 F300
G1 X87.13827541581003 Y61.68629330671301 F300;svg > g > g > g#layer1 > polyline
M3 S90
G4 P0.2
G0 X87.69606999913675 Y62.80185601503309
M3 S30
G4 P0.2
G1 X87.69606999913675 Y62.80185601503309 F300
G1 X88.06791541579898 Y63.17370143169534 F300
G1 X88.43976083246125 Y63.35962414002647 F300
G1 X88.62568354079238 Y63.35962414002647 F300
G1 X88.43976083246125 Y62.80185601503309 F300;svg > g > g > g#layer1 > polyline
M3 S90
G4 P0.2
G0 X88.43976083246125 Y63.35962414002647
M3 S30
G4 P0.2
G1 X88.43976083246125 Y63.35962414002647 F300
G1 X88.43976083246125 Y62.80185601503309 F300
G1 X88.62568354079238 Y62.43001059837085 F300
G1 X88.8116062491235 Y62.43001059837085 F300
G1 X89.18345166578574 Y62.61593330670197 F300;svg > g > g > g#layer1 > polyline
M3 S90
G4 P0.2
G0 X89.74121979077911 Y62.05813872337526
M3 S30
G4 P0.2
G1 X89.74121979077911 Y62.05813872337526 F300
G1 X90.11306520744138 Y62.244087890039715 F300
G1 X90.2989879157725 Y62.43001059837085 F300
G1 X90.48491062410363 Y62.80185601503309 F300
G1 X90.48491062410363 Y63.17370143169534 F300
G1 X90.2989879157725 Y63.35962414002647 F300
G1 X90.11306520744138 Y63.35962414002647 F300
G1 X89.74121979077911 Y63.17370143169534 F300
G1 X89.55529708244799 Y62.98777872336422 F300
G1 X89.36937437411686 Y62.61593330670197 F300
G1 X89.36937437411686 Y62.244087890039715 F300
G1 X89.55529708244799 Y61.872216015044124 F300
G1 X89.92714249911025 Y61.68629330671301 F300
G1 X90.48491062410363 Y61.68629330671301 F300
G1 X91.04267874909699 Y62.05813872337526 F300
G1 X91.41452416575923 Y62.61593330670197 F300;svg > g > g > g#layer1 > polyline
M3 S90
G4 P0.2
G0 X90.11306520744138 Y63.35962414002647
M3 S30
G4 P0.2
G1 X90.11306520744138 Y63.35962414002647 F300
G1 X89.74121979077911 Y62.98777872336422 F300
G1 X89.55529708244799 Y62.61593330670197 F300
G1 X89.55529708244799 Y62.05813872337526 F300
G1 X89.92714249911025 Y61.68629330671301 F300;svg > g > g > g#layer1 > polyline
M3 S90
G4 P0.2
G0 X92.90190583240823 Y63.17370143169534
M3 S30
G4 P0.2
G1 X92.90190583240823 Y63.17370143169534 F300
G1 X92.71598312407713 Y62.98777872336422 F300
G1 X92.90190583240823 Y62.98777872336422 F300
G1 X92.90190583240823 Y63.17370143169534 F300
G1 X92.71598312407713 Y63.35962414002647 F300
G1 X92.34413770741487 Y63.35962414002647 F300
G1 X91.97229229075263 Y63.17370143169534 F300
G1 X91.7863695824215 Y62.98777872336422 F300
G1 X91.60044687409037 Y62.61593330670197 F300
G1 X91.60044687409037 Y62.244087890039715 F300
G1 X91.7863695824215 Y61.872216015044124 F300
G1 X92.15821499908374 Y61.68629330671301 F300
G1 X92.71598312407713 Y61.68629330671301 F300
G1 X93.2737512490705 Y62.05813872337526 F300
G1 X93.64559666573275 Y62.61593330670197 F300;svg > g > g > g#layer1 > polyline
M3 S90
G4 P0.2
G0 X92.34413770741487 Y63.35962414002647
M3 S30
G4 P0.2
G1 X92.34413770741487 Y63.35962414002647 F300
G1 X91.97229229075263 Y62.98777872336422 F300
G1 X91.7863695824215 Y62.61593330670197 F300
G1 X91.7863695824215 Y62.05813872337526 F300
G1 X92.15821499908374 Y61.68629330671301 F300;svg > g > g > g#layer1 > polyline
M3 S90
G4 P0.2
G0 X95.50485020737736 Y62.80185601503309
M3 S30
G4 P0.2
G1 X95.50485020737736 Y62.80185601503309 F300
G1 X95.31892749904623 Y63.17370143169534 F300
G1 X94.94708208238394 Y63.35962414002647 F300
G1 X94.5752366657217 Y63.35962414002647 F300
G1 X94.20339124905948 Y63.17370143169534 F300
G1 X94.01744208239501 Y62.98777872336422 F300
G1 X93.83151937406386 Y62.61593330670197 F300
G1 X93.83151937406386 Y62.244087890039715 F300
G1 X94.01744208239501 Y61.872216015044124 F300
G1 X94.38931395739058 Y61.68629330671301 F300
G1 X94.76115937405284 Y61.68629330671301 F300
G1 X95.13300479071508 Y61.872216015044124 F300
G1 X95.31892749904623 Y62.244087890039715 F300;svg > g > g > g#layer1 > polyline
M3 S90
G4 P0.2
G0 X94.5752366657217 Y63.35962414002647
M3 S30
G4 P0.2
G1 X94.5752366657217 Y63.35962414002647 F300
G1 X94.20339124905948 Y62.98777872336422 F300
G1 X94.01744208239501 Y62.61593330670197 F300
G1 X94.01744208239501 Y62.05813872337526 F300
G1 X94.38931395739058 Y61.68629330671301 F300;svg > g > g > g#layer1 > polyline
M3 S90
G4 P0.2
G0 X95.69077291570848 Y63.35962414002647
M3 S30
G4 P0.2
G1 X95.69077291570848 Y63.35962414002647 F300
G1 X95.31892749904623 Y62.244087890039715 F300
G1 X95.31892749904623 Y61.872216015044124 F300
G1 X95.69077291570848 Y61.68629330671301 F300
G1 X96.06261833237072 Y61.872216015044124 F300
G1 X96.24854104070184 Y62.05813872337526 F300
G1 X96.62038645736408 Y62.61593330670197 F300;svg > g > g > g#layer1 > polyline
M3 S90
G4 P0.2
G0 X95.87669562403958 Y63.35962414002647
M3 S30
G4 P0.2
G1 X95.87669562403958 Y63.35962414002647 F300
G1 X95.50485020737736 Y62.244087890039715 F300
G1 X95.50485020737736 Y61.872216015044124 F300
G1 X95.69077291570848 Y61.68629330671301 F300;svg > g > g > g#layer1 > polyline
M3 S90
G4 P0.2
G0 X96.62038645736408 Y62.61593330670197
M3 S30
G4 P0.2
G1 X96.62038645736408 Y62.61593330670197 F300
G1 X96.99223187402634 Y63.17370143169534 F300
G1 X97.3640772906886 Y63.91739226501984 F300;svg > g > g > g#layer1 > polyline
M3 S90
G4 P0.2
G0 X97.92184541568197 Y65.59069663999998
M3 S30
G4 P0.2
G1 X97.92184541568197 Y65.59069663999998 F300
G1 X96.80630916569521 Y62.244087890039715 F300
G1 X96.80630916569521 Y61.872216015044124 F300
G1 X97.17815458235748 Y61.68629330671301 F300
G1 X97.54999999901972 Y61.872216015044124 F300
G1 X97.73592270735084 Y62.05813872337526 F300
G1 X98.1077681240131 Y62.61593330670197 F300;svg > g > g > g#layer1 > polyline
M3 S90
G4 P0.2
G0 X98.1077681240131 Y65.59069663999998
M3 S30
G4 P0.2
G1 X98.1077681240131 Y65.59069663999998 F300
G1 X96.99223187402634 Y62.244087890039715 F300
G1 X96.99223187402634 Y61.872216015044124 F300
G1 X97.17815458235748 Y61.68629330671301 F300;svg > g > g > g#layer1 > polyline
M3 S90
G4 P0.2
G0 X98.1077681240131 Y62.61593330670197
M3 S30
G4 P0.2
G1 X98.1077681240131 Y62.61593330670197 F300
G1 X98.47961354067535 Y63.17370143169534 F300
G1 X98.85145895733761 Y63.91739226501984 F300;svg > g > g > g#layer1 > polyline
M3 S90
G4 P0.2
G0 X99.40922708233096 Y65.59069663999998
M3 S30
G4 P0.2
G1 X99.40922708233096 Y65.59069663999998 F300
G1 X98.29369083234421 Y62.244087890039715 F300
G1 X98.29369083234421 Y61.872216015044124 F300
G1 X98.66553624900646 Y61.68629330671301 F300
G1 X99.03738166566873 Y61.872216015044124 F300
G1 X99.22330437399984 Y62.05813872337526 F300
G1 X99.5951497906621 Y62.61593330670197 F300;svg > g > g > g#layer1 > polyline
M3 S90
G4 P0.2
G0 X99.5951497906621 Y65.59069663999998
M3 S30
G4 P0.2
G1 X99.5951497906621 Y65.59069663999998 F300
G1 X98.47961354067535 Y62.244087890039715 F300
G1 X98.47961354067535 Y61.872216015044124 F300
G1 X98.66553624900646 Y61.68629330671301 F300;svg > g > g > g#layer1 > polyline
M3 S90
G4 P0.2
G0 X102.56993958229344 Y62.61593330670197
M3 S30
G4 P0.2
G1 X102.56993958229344 Y62.61593330670197 F300
G1 X102.94178499895571 Y63.17370143169534 F300
G1 X103.31363041561794 Y63.91739226501984 F300;svg > g > g > g#layer1 > polyline
M3 S90
G4 P0.2
G0 X103.87139854061134 Y65.59069663999998
M3 S30
G4 P0.2
G1 X103.87139854061134 Y65.59069663999998 F300
G1 X102.75586229062456 Y62.244087890039715 F300
G1 X102.75586229062456 Y61.872216015044124 F300
G1 X103.12770770728682 Y61.68629330671301 F300
G1 X103.49955312394907 Y61.872216015044124 F300
G1 X103.6854758322802 Y62.05813872337526 F300
G1 X104.05732124894244 Y62.61593330670197 F300;svg > g > g > g#layer1 > polyline
M3 S90
G4 P0.2
G0 X104.05732124894244 Y65.59069663999998
M3 S30
G4 P0.2
G1 X104.05732124894244 Y65.59069663999998 F300
G1 X102.94178499895571 Y62.244087890039715 F300
G1 X102.94178499895571 Y61.872216015044124 F300
G1 X103.12770770728682 Y61.68629330671301 F300;svg > g > g > g#layer1 > line
M3 S90
G4 P0.2
G0 X102.94178499895571 Y64.10331497335098
M3 S30
G4 P0.2
G1 X104.05732124894244 Y64.10331497335098 F300;svg > g > g > g#layer1 > polyline
M3 S90
G4 P0.2
G0 X104.05732124894244 Y62.61593330670197
M3 S30
G4 P0.2
G1 X104.05732124894244 Y62.61593330670197 F300
G1 X104.4291666656047 Y63.17370143169534 F300
G1 X104.80101208226694 Y63.91739226501984 F300;svg > g > g > g#layer1 > line
M3 S90
G4 P0.2
G0 X105.35878020726034 Y65.59069663999998
M3 S30
G4 P0.2
G1 X104.05732124894244 Y61.68629330671301 F300;svg > g > g > g#layer1 > line
M3 S90
G4 P0.2
G0 X105.54470291559147 Y65.59069663999998
M3 S30
G4 P0.2
G1 X104.24324395727356 Y61.68629330671301 F300;svg > g > g > g#layer1 > polyline
M3 S90
G4 P0.2
G0 X104.61508937393583 Y62.80185601503309
M3 S30
G4 P0.2
G1 X104.61508937393583 Y62.80185601503309 F300
G1 X104.98693479059807 Y63.17370143169534 F300
G1 X105.35878020726034 Y63.35962414002647 F300
G1 X105.54470291559147 Y63.35962414002647 F300
G1 X105.9165483322537 Y63.17370143169534 F300
G1 X105.9165483322537 Y62.80185601503309 F300
G1 X105.73062562392258 Y62.244087890039715 F300
G1 X105.73062562392258 Y61.872216015044124 F300
G1 X105.9165483322537 Y61.68629330671301 F300;svg > g > g > g#layer1 > polyline
M3 S90
G4 P0.2
G0 X105.54470291559147 Y63.35962414002647
M3 S30
G4 P0.2
G1 X105.54470291559147 Y63.35962414002647 F300
G1 X105.73062562392258 Y63.17370143169534 F300
G1 X105.73062562392258 Y62.80185601503309 F300
G1 X105.54470291559147 Y62.244087890039715 F300
G1 X105.54470291559147 Y61.872216015044124 F300
G1 X105.9165483322537 Y61.68629330671301 F300
G1 X106.28839374891596 Y61.872216015044124 F300
G1 X106.47431645724707 Y62.05813872337526 F300
G1 X106.84616187390932 Y62.61593330670197 F300;svg > g > g > g#layer1 > polyline
M3 S90
G4 P0.2
G0 X108.7054154155539 Y62.80185601503309
M3 S30
G4 P0.2
G1 X108.7054154155539 Y62.80185601503309 F300
G1 X108.5194927072228 Y63.17370143169534 F300
G1 X108.14764729056054 Y63.35962414002647 F300
G1 X107.77577541556496 Y63.35962414002647 F300
G1 X107.40392999890271 Y63.17370143169534 F300
G1 X107.21800729057159 Y62.98777872336422 F300
G1 X107.03208458224046 Y62.61593330670197 F300
G1 X107.03208458224046 Y62.244087890039715 F300
G1 X107.21800729057159 Y61.872216015044124 F300
G1 X107.58985270723383 Y61.68629330671301 F300
G1 X107.9617245822294 Y61.68629330671301 F300
G1 X108.33356999889168 Y61.872216015044124 F300
G1 X108.5194927072228 Y62.244087890039715 F300;svg > g > g > g#layer1 > polyline
M3 S90
G4 P0.2
G0 X107.77577541556496 Y63.35962414002647
M3 S30
G4 P0.2
G1 X107.77577541556496 Y63.35962414002647 F300
G1 X107.40392999890271 Y62.98777872336422 F300
G1 X107.21800729057159 Y62.61593330670197 F300
G1 X107.21800729057159 Y62.05813872337526 F300
G1 X107.58985270723383 Y61.68629330671301 F300;svg > g > g > g#layer1 > polyline
M3 S90
G4 P0.2
G0 X108.89133812388505 Y63.35962414002647
M3 S30
G4 P0.2
G1 X108.89133812388505 Y63.35962414002647 F300
G1 X108.5194927072228 Y62.244087890039715 F300
G1 X108.5194927072228 Y61.872216015044124 F300
G1 X108.89133812388505 Y61.68629330671301 F300
G1 X109.26318354054732 Y61.872216015044124 F300
G1 X109.44910624887842 Y62.05813872337526 F300
G1 X109.82095166554068 Y62.61593330670197 F300;svg > g > g > g#layer1 > polyline
M3 S90
G4 P0.2
G0 X109.07726083221618 Y63.35962414002647
M3 S30
G4 P0.2
G1 X109.07726083221618 Y63.35962414002647 F300
G1 X108.7054154155539 Y62.244087890039715 F300
G1 X108.7054154155539 Y61.872216015044124 F300
G1 X108.89133812388505 Y61.68629330671301 F300;svg > g > g > g#layer1 > polyline
M3 S90
G4 P0.2
G0 X109.82095166554068 Y62.61593330670197
M3 S30
G4 P0.2
G1 X109.82095166554068 Y62.61593330670197 F300
G1 X110.19279708220292 Y63.17370143169534 F300
G1 X110.56464249886518 Y63.91739226501984 F300;svg > g > g > g#layer1 > polyline
M3 S90
G4 P0.2
G0 X111.12241062385856 Y65.59069663999998
M3 S30
G4 P0.2
G1 X111.12241062385856 Y65.59069663999998 F300
G1 X110.00687437387181 Y62.244087890039715 F300
G1 X110.00687437387181 Y61.872216015044124 F300
G1 X110.37871979053402 Y61.68629330671301 F300
G1 X110.75056520719632 Y61.872216015044124 F300
G1 X110.93648791552745 Y62.05813872337526 F300
G1 X111.30833333218966 Y62.61593330670197 F300;svg > g > g > g#layer1 > polyline
M3 S90
G4 P0.2
G0 X111.30833333218966 Y65.59069663999998
M3 S30
G4 P0.2
G1 X111.30833333218966 Y65.59069663999998 F300
G1 X110.19279708220292 Y62.244087890039715 F300
G1 X110.19279708220292 Y61.872216015044124 F300
G1 X110.37871979053402 Y61.68629330671301 F300;svg > g > g > g#layer1 > line
M3 S90
G4 P0.2
G0 X110.19279708220292 Y64.10331497335098
M3 S30
G4 P0.2
G1 X111.30833333218966 Y64.10331497335098 F300;svg > g > g > g#layer1 > polyline
M3 S90
G4 P0.2
G0 X111.86610145718305 Y61.68629330671301
M3 S30
G4 P0.2
G1 X111.86610145718305 Y61.68629330671301 F300
G1 X111.68017874885194 Y61.872216015044124 F300
G1 X111.86610145718305 Y62.05813872337526 F300
G1 X112.05202416551415 Y61.872216015044124 F300
G1 X112.05202416551415 Y61.68629330671301 F300
G1 X111.86610145718305 Y61.31444789005076 F300
G1 X111.49425604052081 Y60.942602473388504 F300;svg > g > g > g#figure_1 > g#text_1 > g > use > path#Cmr10-73
M3 S90
G4 P0.2
G0 X30.1937246093727 Y52.0438495515226
M3 S30
G4 P0.2
G1 X30.1937246093727 Y52.99337298901132 F300
G1 X30.244656901038763 Y53.03884824942745 F300
G1 X30.31559830728792 Y53.03884824942745 F300
G1 X30.361073567704043 Y52.99337298901132 F300
G1 X31.145067057278066 Y52.14935215568802 F300
G1 X31.607095703105916 Y52.2739543692282 F300
G1 X31.79354427081203 Y52.66049408276528 F300
G1 X31.648023437480425 Y52.98063991609481 F300
G1 X31.304230468734506 Y53.160721947342665 F300
G1 X30.91496223957247 Y53.23802989005007 F300
G1 X30.55843619791003 Y53.368089134840204 F300
G1 X30.295589192704817 Y53.60274147858742 F300
G1 X30.1937246093727 Y53.94289642650005 F300
G1 X30.328331380204435 Y54.36126882232841 F300
G1 X30.678490885408607 Y54.59774017649227 F300
G1 X31.145067057278066 Y54.67050059315807 F300
G1 X31.66530403643856 Y54.511337181701634 F300
G1 X31.83356249997823 Y54.65594850982492 F300
G1 X31.861757161436223 Y54.67050059315807 F300
G1 X31.904503906227387 Y54.67050059315807 F300
G1 X31.935427083310355 Y54.65412949940828 F300
G1 X31.94997916664351 Y54.62229681711698 F300
G1 X31.94997916664351 Y53.860131452542696 F300
G1 X31.904503906227387 Y53.80647064525167 F300
G1 X31.83356249997823 Y53.80647064525167 F300
G1 X31.78172070310384 Y53.860131452542696 F300
G1 X31.612552734355848 Y54.349445254620214 F300
G1 X31.139610026028134 Y54.5340748119097 F300
G1 X30.686676432283512 Y54.43675775461918 F300
G1 X30.494770833327454 Y54.10478835358146 F300
G1 X30.632106119784158 Y53.83921283275128 F300
G1 X30.954980468738658 Y53.69005397858637 F300
G1 X31.349705729150635 Y53.61547455150394 F300
G1 X31.720783854146234 Y53.46176817129743 F300
G1 X31.99363541664299 Y53.18891660880067 F300
G1 X32.09459049476679 Y52.816928978596756 F300
G1 X32.02183007810098 Y52.4513078848511 F300
G1 X31.819919921853387 Y52.19391791089582 F300
G1 X31.514326171857018 Y52.0438495515226 F300
G1 X31.145067057278066 Y51.9956457754815 F300
G1 X30.522965494785453 Y52.240302676520265 F300
G1 X30.310141276037978 Y52.01019785881466 F300
G1 X30.27830859374669 Y51.9956457754815 F300
G1 X30.244656901038763 Y51.9956457754815 F300
G1 X30.1937246093727 Y52.0438495515226 F300;svg > g > g > g#figure_1 > g#text_1 > g > use > path#Cmr10-69
M3 S90
G4 P0.2
G0 X32.472830980553965 Y52.06113015048073
M3 S30
G4 P0.2
G1 X32.472830980553965 Y52.265768822353294 F300
G1 X32.79934335034175 Y52.29669199943626 F300
G1 X32.92758358471523 Y52.45039837964277 F300
G1 X32.92758358471523 Y54.03930397858223 F300
G1 X32.840271084716264 Y54.31488405670397 F300
G1 X32.498297126387 Y54.365816348370025 F300
G1 X32.498297126387 Y54.5704550202426 F300
G1 X33.336860928460375 Y54.63321087961685 F300
G1 X33.336860928460375 Y52.45039837964277 F300
G1 X33.44782056387572 Y52.29669199943626 F300
G1 X33.74340975658054 Y52.265768822353294 F300
G1 X33.74340975658054 Y52.06113015048073 F300
G1 X32.472830980553965 Y52.06113015048073 F300
M3 S90
G4 P0.2
G0 X32.72021639721769 Y55.63366660877164
M3 S30
G4 P0.2
G1 X32.81662394929988 Y55.8583143952273 F300
G1 X33.03854322013058 Y55.95472194730949 F300
G1 X33.196797126378705 Y55.911975202518335 F300
G1 X33.31685181387727 Y55.792830020228074 F300
G1 X33.35959855866844 Y55.63366660877164 F300
G1 X33.26228150137792 Y55.41174733794093 F300
G1 X33.03854322013058 Y55.31533978585875 F300
G1 X32.81662394929988 Y55.41174733794093 F300
G1 X32.72021639721769 Y55.63366660877164 F300;svg > g > g > g#figure_1 > g#text_1 > g > use > path#Cmr10-6e
M3 S90
G4 P0.2
G0 X34.078903497576555 Y52.06113015048073
M3 S30
G4 P0.2
G1 X34.078903497576555 Y52.265768822353294 F300
G1 X34.405415867364354 Y52.29669199943626 F300
G1 X34.533656101737826 Y52.45039837964277 F300
G1 X34.533656101737826 Y54.03930397858223 F300
G1 X34.486361830905054 Y54.26486127024623 F300
G1 X34.35175506007332 Y54.35035475982854 F300
G1 X34.078903497576555 Y54.365816348370025 F300
G1 X34.078903497576555 Y54.5704550202426 F300
G1 X34.922924330899875 Y54.63321087961685 F300
G1 X34.922924330899875 Y54.06477012441526 F300
G1 X35.26762680485412 Y54.474047468160414 F300
G1 X35.76694516422319 Y54.63321087961685 F300
G1 X36.37358513817431 Y54.439486270244146 F300
G1 X36.57731430483856 Y53.849217390042824 F300
G1 X36.57731430483856 Y52.45039837964277 F300
G1 X36.70464503400371 Y52.29669199943626 F300
G1 X37.03206690899983 Y52.265768822353294 F300
G1 X37.03206690899983 Y52.06113015048073 F300
G1 X35.69873227359899 Y52.06113015048073 F300
G1 X35.69873227359899 Y52.265768822353294 F300
G1 X36.02524464338678 Y52.29669199943626 F300
G1 X36.15348487776026 Y52.45039837964277 F300
G1 X36.15348487776026 Y53.8319367910847 F300
G1 X36.07071990380292 Y54.299422468162476 F300
G1 X35.73238396630693 Y54.48314252024364 F300
G1 X35.17667628402186 Y54.213019473371844 F300
G1 X34.95930453923278 Y53.599103457754126 F300
G1 X34.95930453923278 Y52.45039837964277 F300
G1 X35.087544773606254 Y52.29669199943626 F300
G1 X35.41132862776908 Y52.265768822353294 F300
G1 X35.41132862776908 Y52.06113015048073 F300
G1 X34.078903497576555 Y52.06113015048073 F300;svg > g > g > g#figure_1 > g#text_1 > g > use > path#Cmmi10-43
M3 S90
G4 P0.2
G0 X38.83798231331171 Y53.317156843174146
M3 S30
G4 P0.2
G1 X38.97258908414345 Y52.70233132234811 F300
G1 X39.365495334138785 Y52.28668744214471 F300
G1 X39.97213530808991 Y52.13752858797983 F300
G1 X40.6779113497482 Y52.32488666089426 F300
G1 X41.25817567265797 Y52.8269335358883 F300
G1 X41.5865070528624 Y53.493600853588724 F300
G1 X41.631982313278534 Y53.52816205150497 F300
G1 X41.70292371952769 Y53.52816205150497 F300
G1 X41.74021343306892 Y53.51179095775517 F300
G1 X41.754765516402074 Y53.476320254630586 F300
G1 X41.74839897994382 Y53.45994916088078 F300
G1 X41.363678276823386 Y52.70233132234811 F300
G1 X40.67973036016484 Y52.14025710360479 F300
G1 X39.86117567267456 Y51.93288991610725 F300
G1 X39.045349500809245 Y52.13752858797983 F300
G1 X38.484184787274245 Y52.7059693431814 F300
G1 X38.28409364144329 Y53.52816205150497 F300
G1 X38.502374891440695 Y54.49496608795182 F300
G1 X39.09082476122538 Y55.34808197335837 F300
G1 X39.933936089340364 Y55.94380788480962 F300
G1 X40.89346408412063 Y56.16572715564032 F300
G1 X41.26272319869958 Y56.106609317099355 F300
G1 X41.589235568487375 Y55.92925580147646 F300
G1 X41.8366209851511 Y55.65367572335473 F300
G1 X42.29774012577063 Y56.15390358793213 F300
G1 X42.325934787228626 Y56.16572715564032 F300
G1 X42.35958647993656 Y56.16572715564032 F300
G1 X42.39687619347778 Y56.14571804105723 F300
G1 X42.411428276810945 Y56.10569981189103 F300
G1 X42.015793511190644 Y54.5340748119097 F300
G1 X41.97031825077451 Y54.4940565827435 F300
G1 X41.86572515181742 Y54.4940565827435 F300
G1 X41.820249891401296 Y54.559540957742726 F300
G1 X41.842987521609366 Y54.86604421294742 F300
G1 X41.745670464318856 Y55.40174278064939 F300
G1 X41.44553374557241 Y55.80738210356124 F300
G1 X40.949853407036635 Y55.96108848376774 F300
G1 X40.08036642788029 Y55.72188861397891 F300
G1 X39.41097059455491 Y55.09523952544469 F300
G1 X38.98714116747661 Y54.23393809316326 F300
G1 X38.83798231331171 Y53.317156843174146 F300;svg > g > g > g#figure_1 > g#text_1 > g > use > path#Cmsy10-a1
M3 S90
G4 P0.2
G0 X43.759769719044925 Y53.39992181713149
M3 S30
G4 P0.2
G1 X43.679733260712545 Y53.4363020254644 F300
G1 X43.648810083629584 Y53.51633848379678 F300
G1 X43.679733260712545 Y53.59546543692083 F300
G1 X43.759769719044925 Y53.63275515046206 F300
G1 X47.09947284400527 Y53.63275515046206 F300
G1 X47.174961776296044 Y53.59546543692083 F300
G1 X47.204975448170686 Y53.51633848379678 F300
G1 X47.174961776296044 Y53.4363020254644 F300
G1 X47.09947284400527 Y53.39992181713149 F300
G1 X43.759769719044925 Y53.39992181713149 F300;svg > g > g > g#figure_1 > g#text_1 > g > use > path#Cmr10-73
M3 S90
G4 P0.2
G0 X48.90359013469219 Y52.0438495515226
M3 S30
G4 P0.2
G1 X48.90359013469219 Y52.99337298901132 F300
G1 X48.95452242635824 Y53.03884824942745 F300
G1 X49.02546383260741 Y53.03884824942745 F300
G1 X49.070939093023526 Y52.99337298901132 F300
G1 X49.85493258259755 Y52.14935215568802 F300
G1 X50.3169612284254 Y52.2739543692282 F300
G1 X50.50340979613152 Y52.66049408276528 F300
G1 X50.35788896279991 Y52.98063991609481 F300
G1 X50.014095994054 Y53.160721947342665 F300
G1 X49.624827764891954 Y53.23802989005007 F300
G1 X49.26830172322952 Y53.368089134840204 F300
G1 X49.0054547180243 Y53.60274147858742 F300
G1 X48.90359013469219 Y53.94289642650005 F300
G1 X49.03819690552391 Y54.36126882232841 F300
G1 X49.38835641072809 Y54.59774017649227 F300
G1 X49.85493258259755 Y54.67050059315807 F300
G1 X50.37516956175804 Y54.511337181701634 F300
G1 X50.54342802529771 Y54.65594850982492 F300
G1 X50.5716226867557 Y54.67050059315807 F300
G1 X50.61436943154687 Y54.67050059315807 F300
G1 X50.64529260862984 Y54.65412949940828 F300
G1 X50.659844691962995 Y54.62229681711698 F300
G1 X50.659844691962995 Y53.860131452542696 F300
G1 X50.61436943154687 Y53.80647064525167 F300
G1 X50.54342802529771 Y53.80647064525167 F300
G1 X50.49158622842333 Y53.860131452542696 F300
G1 X50.32241825967534 Y54.349445254620214 F300
G1 X49.849475551347616 Y54.5340748119097 F300
G1 X49.39654195760299 Y54.43675775461918 F300
G1 X49.20463635864695 Y54.10478835358146 F300
G1 X49.34197164510364 Y53.83921283275128 F300
G1 X49.66484599405814 Y53.69005397858637 F300
G1 X50.05957125447012 Y53.61547455150394 F300
G1 X50.43064937946572 Y53.46176817129743 F300
G1 X50.70350094196248 Y53.18891660880067 F300
G1 X50.80445602008627 Y52.816928978596756 F300
G1 X50.731695603420484 Y52.4513078848511 F300
G1 X50.52978544717287 Y52.19391791089582 F300
G1 X50.22419169717651 Y52.0438495515226 F300
G1 X49.85493258259755 Y51.9956457754815 F300
G1 X49.23283102010494 Y52.240302676520265 F300
G1 X49.02000680135747 Y52.01019785881466 F300
G1 X48.98817411906618 Y51.9956457754815 F300
G1 X48.95452242635824 Y51.9956457754815 F300
G1 X48.90359013469219 Y52.0438495515226 F300;svg > g > g > g#figure_1 > g#text_1 > g > use > path#Cmr10-69
M3 S90
G4 P0.2
G0 X51.182696505873444 Y52.06113015048073
M3 S30
G4 P0.2
G1 X51.182696505873444 Y52.265768822353294 F300
G1 X51.509208875661244 Y52.29669199943626 F300
G1 X51.637449110034716 Y52.45039837964277 F300
G1 X51.637449110034716 Y54.03930397858223 F300
G1 X51.55013661003576 Y54.31488405670397 F300
G1 X51.20816265170649 Y54.365816348370025 F300
G1 X51.20816265170649 Y54.5704550202426 F300
G1 X52.04672645377986 Y54.63321087961685 F300
G1 X52.04672645377986 Y52.45039837964277 F300
G1 X52.1576860891952 Y52.29669199943626 F300
G1 X52.453275281900034 Y52.265768822353294 F300
G1 X52.453275281900034 Y52.06113015048073 F300
G1 X51.182696505873444 Y52.06113015048073 F300
M3 S90
G4 P0.2
G0 X51.430081922537184 Y55.63366660877164
M3 S30
G4 P0.2
G1 X51.52648947461937 Y55.8583143952273 F300
G1 X51.74840874545007 Y55.95472194730949 F300
G1 X51.906662651698184 Y55.911975202518335 F300
G1 X52.026717339196765 Y55.792830020228074 F300
G1 X52.069464083987924 Y55.63366660877164 F300
G1 X51.972147026697414 Y55.41174733794093 F300
G1 X51.74840874545007 Y55.31533978585875 F300
G1 X51.52648947461937 Y55.41174733794093 F300
G1 X51.430081922537184 Y55.63366660877164 F300;svg > g > g > g#figure_1 > g#text_1 > g > use > path#Cmr10-6e
M3 S90
G4 P0.2
G0 X52.78876902289605 Y52.06113015048073
M3 S30
G4 P0.2
G1 X52.78876902289605 Y52.265768822353294 F300
G1 X53.11528139268384 Y52.29669199943626 F300
G1 X53.24352162705731 Y52.45039837964277 F300
G1 X53.24352162705731 Y54.03930397858223 F300
G1 X53.19622735622454 Y54.26486127024623 F300
G1 X53.06162058539281 Y54.35035475982854 F300
G1 X52.78876902289605 Y54.365816348370025 F300
G1 X52.78876902289605 Y54.5704550202426 F300
G1 X53.63278985621936 Y54.63321087961685 F300
G1 X53.63278985621936 Y54.06477012441526 F300
G1 X53.9774923301736 Y54.474047468160414 F300
G1 X54.47681068954267 Y54.63321087961685 F300
G1 X55.0834506634938 Y54.439486270244146 F300
G1 X55.287179830158045 Y53.849217390042824 F300
G1 X55.287179830158045 Y52.45039837964277 F300
G1 X55.4145105593232 Y52.29669199943626 F300
G1 X55.74193243431932 Y52.265768822353294 F300
G1 X55.74193243431932 Y52.06113015048073 F300
G1 X54.40859779891848 Y52.06113015048073 F300
G1 X54.40859779891848 Y52.265768822353294 F300
G1 X54.73511016870627 Y52.29669199943626 F300
G1 X54.86335040307975 Y52.45039837964277 F300
G1 X54.86335040307975 Y53.8319367910847 F300
G1 X54.7805854291224 Y54.299422468162476 F300
G1 X54.44224949162642 Y54.48314252024364 F300
G1 X53.88654180934134 Y54.213019473371844 F300
G1 X53.66917006455227 Y53.599103457754126 F300
G1 X53.66917006455227 Y52.45039837964277 F300
G1 X53.79741029892573 Y52.29669199943626 F300
G1 X54.12119415308857 Y52.265768822353294 F300
G1 X54.12119415308857 Y52.06113015048073 F300
G1 X52.78876902289605 Y52.06113015048073 F300;svg > g > g > g#figure_1 > g#text_1 > g > use > path#Cmmi10-44
M3 S90
G4 P0.2
G0 X56.9830451042629 Y52.06113015048073
M3 S30
G4 P0.2
G1 X56.92574627613859 Y52.13752858797983 F300
G1 X56.93666033863846 Y52.187551374437554 F300
G1 X56.96121697926316 Y52.24394069735356 F300
G1 X56.99941619801272 Y52.265768822353294 F300
G1 X57.49691554696513 Y52.30578705151948 F300
G1 X57.60514666675552 Y52.462221947350955 F300
G1 X58.403692239662696 Y55.65913275460467 F300
G1 X58.41551580737089 Y55.73916921293705 F300
G1 X58.347302916746706 Y55.810110619186204 F300
G1 X57.926202005293376 Y55.832848249394274 F300
G1 X57.86981268237738 Y55.909246686893354 F300
G1 X57.880726744877244 Y55.9592694733511 F300
G1 X57.904373880293626 Y56.015658796267104 F300
G1 X57.9434826042515 Y56.03748692126684 F300
G1 X60.035344583393325 Y56.03748692126684 F300
G1 X60.74566815109323 Y55.840124291060846 F300
G1 X61.21133481775436 Y55.30806374419216 F300
G1 X61.3741362500441 Y54.5704550202426 F300
G1 X61.18859718754629 Y53.678230410878186 F300
G1 X60.67108872401078 Y52.862404239012875 F300
G1 X59.912561380269786 Y52.276682884853166 F300
G1 X59.03761736986351 Y52.06113015048073 F300
G1 X56.9830451042629 Y52.06113015048073 F300
M3 S90
G4 P0.2
G0 X58.07081333341665 Y52.31124408276942
M3 S30
G4 P0.2
G1 X58.26999497403929 Y52.265768822353294 F300
G1 X58.94666684903125 Y52.265768822353294 F300
G1 X59.57149692714883 Y52.399466087976705 F300
G1 X60.109014505267446 Y52.76599668693069 F300
G1 X60.49555421880453 Y53.339894473382216 F300
G1 X60.75567270838477 Y54.08205072337339 F300
G1 X60.84844223963367 Y54.792374291073294 F300
G1 X60.778410338592835 Y55.218932233776556 F300
G1 X60.58195721359516 Y55.54544460356435 F300
G1 X60.26544940109893 Y55.75735931710349 F300
G1 X59.836162942770684 Y55.832848249394274 F300
G1 X59.19678078131996 Y55.832848249394274 F300
G1 X58.98577557298912 Y55.80556309314459 F300
G1 X58.89300604174023 Y55.63366660877164 F300
G1 X58.09718898445801 Y52.439484317142906 F300
G1 X58.07081333341665 Y52.31124408276942 F300;svg > g > g > g#figure_1 > g#text_1 > g > use > path#Cmr10-3d
M3 S90
G4 P0.2
G0 X62.97259168277511 Y52.83420957755488
M3 S30
G4 P0.2
G1 X62.89255522444273 Y52.87058978588778 F300
G1 X62.86163204735977 Y52.95062624422017 F300
G1 X62.89255522444273 Y53.032481712969194 F300
G1 X62.97259168277511 Y53.067042910885455 F300
G1 X66.62789311502337 Y53.067042910885455 F300
G1 X66.70156303689751 Y53.032481712969194 F300
G1 X66.73339571918879 Y52.95062624422017 F300
G1 X66.70156303689751 Y52.87058978588778 F300
G1 X66.62789311502337 Y52.83420957755488 F300
G1 X62.97259168277511 Y52.83420957755488 F300
M3 S90
G4 P0.2
G0 X62.97259168277511 Y53.96563405670811
M3 S30
G4 P0.2
G1 X62.89255522444273 Y53.999285749416046 F300
G1 X62.86163204735977 Y54.08205072337339 F300
G1 X62.89255522444273 Y54.16117767649746 F300
G1 X62.97259168277511 Y54.19846739003868 F300
G1 X66.62789311502337 Y54.19846739003868 F300
G1 X66.70156303689751 Y54.16117767649746 F300
G1 X66.73339571918879 Y54.08205072337339 F300
G1 X66.70156303689751 Y53.999285749416046 F300
G1 X66.62789311502337 Y53.96563405670811 F300
G1 X62.97259168277511 Y53.96563405670811 F300;svg > g > g > g#figure_1 > g#text_1 > g > use > path#Cmr10-32
M3 S90
G4 P0.2
G0 X68.3692544881277 Y52.06113015048073
M3 S30
G4 P0.2
G1 X68.3692544881277 Y52.2175650463122 F300
G1 X68.38016855062756 Y52.24848822339516 F300
G1 X69.28421672770017 Y53.24894395254996 F300
G1 X69.6161861287379 Y53.62093158275387 F300
G1 X69.86902857665156 Y53.96836257233308 F300
G1 X70.06730071206587 Y54.36763535878668 F300
G1 X70.14006112873167 Y54.797831322323226 F300
G1 X70.05183912352437 Y55.254402936901144 F300
G1 X69.78899211831916 Y55.60274343168867 F300
G1 X69.36698170165752 Y55.73371218168711 F300
G1 X68.91222909749625 Y55.58091530668892 F300
G1 X68.62755396729129 Y55.188009056693595 F300
G1 X68.69030982666554 Y55.19346608794353 F300
G1 X68.91313860270458 Y55.10524408273625 F300
G1 X69.00590813395347 Y54.87786778065561 F300
G1 X68.91313860270458 Y54.651400983783304 F300
G1 X68.69030982666554 Y54.559540957742726 F300
G1 X68.46111451416829 Y54.65412949940828 F300
G1 X68.3692544881277 Y54.87786778065561 F300
G1 X68.4511099568767 Y55.288054629609064 F300
G1 X68.68849081624889 Y55.62911908273003 F300
G1 X69.03865032145308 Y55.8583143952273 F300
G1 X69.4515656860315 Y55.93835085355968 F300
G1 X70.07093873289915 Y55.7973775462697 F300
G1 X70.52569133706041 Y55.39901426502442 F300
G1 X70.69394980060008 Y54.797831322323226 F300
G1 X70.58299016518474 Y54.31761257232893 F300
G1 X70.2983150349798 Y53.90378770254219 F300
G1 X69.85538599852671 Y53.481777285880526 F300
G1 X69.50067896728092 Y53.16708848380092 F300
G1 X68.84128769124709 Y52.533163353600116 F300
G1 X69.40063339436544 Y52.533163353600116 F300
G1 X70.09003834227394 Y52.53952989005838 F300
G1 X70.3838085245621 Y52.56135801505812 F300
G1 X70.52387232664378 Y53.098875593176736 F300
G1 X70.69394980060008 Y53.098875593176736 F300
G1 X70.52932935789372 Y52.06113015048073 F300
G1 X68.3692544881277 Y52.06113015048073 F300;svg > g > g > g#figure_1 > g#text_1 > g > use > path#Cmr10-63
M3 S90
G4 P0.2
G0 X72.43929029537102 Y51.9956457754815
M3 S30
G4 P0.2
G1 X71.79899862871197 Y52.17845632235433 F300
G1 X71.34788404538399 Y52.66777012443185 F300
G1 X71.18326360267761 Y53.317156843174146 F300
G1 X71.34606503496735 Y53.976548119207976 F300
G1 X71.79808912350364 Y54.481323509826986 F300
G1 X72.43929029537102 Y54.67050059315807 F300
G1 X73.05957284744699 Y54.53680332753466 F300
G1 X73.33970045161033 Y54.09933132233152 F300
G1 X73.25875448806964 Y53.901059186917216 F300
G1 X73.06139185786363 Y53.81738470775154 F300
G1 X72.86402922765764 Y53.901059186917216 F300
G1 X72.78308326411695 Y54.09933132233152 F300
G1 X72.84856763911617 Y54.27668483795442 F300
G1 X73.01045956619757 Y54.37218288482828 F300
G1 X72.44474732662097 Y54.499513613993436 F300
G1 X71.99545175370965 Y54.31488405670397 F300
G1 X71.75716138912914 Y53.85740293691773 F300
G1 X71.68894849850494 Y53.317156843174146 F300
G1 X71.77262297767062 Y52.77327272859727 F300
G1 X72.04274602454241 Y52.3385292390191 F300
G1 X72.51023170162019 Y52.166632754646145 F300
G1 X72.9786268839063 Y52.33580072339414 F300
G1 X73.24329289952814 Y52.77782025463888 F300
G1 X73.28876815994428 Y52.81147194734682 F300
G1 X73.35970956619343 Y52.81147194734682 F300
G1 X73.3906327432764 Y52.79601035880533 F300
G1 X73.40518482660957 Y52.760539655680745 F300
G1 X73.40518482660957 Y52.743259056722636 F300
G1 X73.05502532140538 Y52.197555931729106 F300
G1 X72.43929029537102 Y51.9956457754815 F300;svg > g > g > g#figure_1 > g#text_1 > g > use > path#Cmr10-6f
M3 S90
G4 P0.2
G0 X75.02831058084028 Y51.9956457754815
M3 S30
G4 P0.2
G1 X74.37983336730632 Y52.172999291104404 F300
G1 X73.90780016418691 Y52.649580020265404 F300
G1 X73.73499417460563 Y53.300785749424335 F300
G1 X73.8304922214795 Y53.81465619212657 F300
G1 X74.10334378397626 Y54.256675723371316 F300
G1 X74.51625914855468 Y54.560450462951046 F300
G1 X75.02831058084028 Y54.67050059315807 F300
G1 X75.68042581520754 Y54.481323509826986 F300
G1 X76.14518297666034 Y53.974729108791344 F300
G1 X76.31616995582499 Y53.300785749424335 F300
G1 X76.14245446103537 Y52.65048952547373 F300
G1 X75.6713307631243 Y52.172999291104404 F300
G1 X75.02831058084028 Y51.9956457754815 F300
M3 S90
G4 P0.2
G0 X75.02831058084028 Y52.166632754646145
M3 S30
G4 P0.2
G1 X75.65041214333289 Y52.50405918693381 F300
G1 X75.80684703916437 Y53.365360619215245 F300
G1 X75.77592386208141 Y53.85012689525115 F300
G1 X75.63949808083301 Y54.19846739003868 F300
G1 X75.47305862770999 Y54.36763535878668 F300
G1 X75.2593249037542 Y54.47859499420201 F300
G1 X75.02831058084028 Y54.51679421295156 F300
G1 X74.68269860167773 Y54.434029238994206 F300
G1 X74.4116660495976 Y54.19846739003868 F300
G1 X74.27342125793258 Y53.835574811917986 F300
G1 X74.24431709126625 Y53.365360619215245 F300
G1 X74.30070641418227 Y52.77872975984721 F300
G1 X74.52990172667953 Y52.34216725985239 F300
G1 X75.02831058084028 Y52.166632754646145 F300;svg > g > g > g#figure_1 > g#text_1 > g > use > path#Cmr10-73
M3 S90
G4 P0.2
G0 X76.67724352352903 Y52.0438495515226
M3 S30
G4 P0.2
G1 X76.67724352352903 Y52.99337298901132 F300
G1 X76.72817581519509 Y53.03884824942745 F300
G1 X76.79911722144425 Y53.03884824942745 F300
G1 X76.84459248186037 Y52.99337298901132 F300
G1 X77.6285859714344 Y52.14935215568802 F300
G1 X78.09061461726226 Y52.2739543692282 F300
G1 X78.27706318496837 Y52.66049408276528 F300
G1 X78.13154235163675 Y52.98063991609481 F300
G1 X77.78774938289084 Y53.160721947342665 F300
G1 X77.3984811537288 Y53.23802989005007 F300
G1 X77.04195511206638 Y53.368089134840204 F300
G1 X76.77910810686116 Y53.60274147858742 F300
G1 X76.67724352352903 Y53.94289642650005 F300
G1 X76.81185029436075 Y54.36126882232841 F300
G1 X77.16200979956494 Y54.59774017649227 F300
G1 X77.6285859714344 Y54.67050059315807 F300
G1 X78.14882295059489 Y54.511337181701634 F300
G1 X78.31708141413456 Y54.65594850982492 F300
G1 X78.34527607559255 Y54.67050059315807 F300
G1 X78.38802282038372 Y54.67050059315807 F300
G1 X78.41894599746668 Y54.65412949940828 F300
G1 X78.43349808079984 Y54.62229681711698 F300
G1 X78.43349808079984 Y53.860131452542696 F300
G1 X78.38802282038372 Y53.80647064525167 F300
G1 X78.31708141413456 Y53.80647064525167 F300
G1 X78.26523961726016 Y53.860131452542696 F300
G1 X78.09607164851218 Y54.349445254620214 F300
G1 X77.62312894018447 Y54.5340748119097 F300
G1 X77.17019534643984 Y54.43675775461918 F300
G1 X76.97828974748379 Y54.10478835358146 F300
G1 X77.1156250339405 Y53.83921283275128 F300
G1 X77.43849938289499 Y53.69005397858637 F300
G1 X77.83322464330696 Y53.61547455150394 F300
G1 X78.20430276830257 Y53.46176817129743 F300
G1 X78.47715433079932 Y53.18891660880067 F300
G1 X78.57810940892313 Y52.816928978596756 F300
G1 X78.50534899225732 Y52.4513078848511 F300
G1 X78.30343883600972 Y52.19391791089582 F300
G1 X77.99784508601334 Y52.0438495515226 F300
G1 X77.6285859714344 Y51.9956457754815 F300
G1 X77.00648440894179 Y52.240302676520265 F300
G1 X76.7936601901943 Y52.01019785881466 F300
G1 X76.76182750790302 Y51.9956457754815 F300
G1 X76.72817581519509 Y51.9956457754815 F300
G1 X76.67724352352903 Y52.0438495515226 F300;svg > g > g > g#figure_1 > g#text_1 > g > use > path#Cmex10-a1
M3 S90
G4 P0.2
G0 X82.15452296331489 Y49.72319174549417
M3 S30
G4 P0.2
G1 X80.98303322175265 Y51.4102984189585 F300
G1 X80.60969023779224 Y53.57972386629602 F300
G1 X80.98303322175265 Y55.76024869964318 F300
G1 X82.15452296331489 Y57.44231019764859 F300
G1 X82.18580305116024 Y57.45441861875002 F300
G1 X82.26551682341123 Y57.45441861875002 F300
G1 X82.29982401653194 Y57.43423791691431 F300
G1 X82.31596857800048 Y57.3948855483347 F300
G1 X82.30285112180728 Y57.356542214846876 F300
G1 X81.71458366329668 Y56.55032317651075 F300
G1 X81.3392226091527 Y55.62806510261935 F300
G1 X81.14246076625466 Y54.63012939684409 F300
G1 X81.08292769583936 Y53.57266062065353 F300
G1 X81.41752651325761 Y51.29118955000729 F300
G1 X82.30285112180728 Y49.80795069320409 F300
G1 X82.31596857800048 Y49.77061639480806 F300
G1 X82.29780594634835 Y49.73126402622844 F300
G1 X82.26551682341123 Y49.71007428930096 F300
G1 X82.18580305116024 Y49.71007428930096 F300
G1 X82.15452296331489 Y49.72319174549417 F300;svg > g > g > g#figure_1 > g#text_1 > g > use > path#Cmmi10-43
M3 S90
G4 P0.2
G0 X83.18112213682681 Y55.46122445037785
M3 S30
G4 P0.2
G1 X83.27534687640903 Y55.03084658579962 F300
G1 X83.55038125140575 Y54.73989586965725 F300
G1 X83.97502923317155 Y54.635484671741835 F300
G1 X84.46907246233235 Y54.766635322781944 F300
G1 X84.8752574883692 Y55.11806813527777 F300
G1 X85.1050894545123 Y55.58473525766806 F300
G1 X85.13692213680358 Y55.60892809620943 F300
G1 X85.186581121178 Y55.60892809620943 F300
G1 X85.21268392065684 Y55.59746833058456 F300
G1 X85.22287037899005 Y55.57263883839737 F300
G1 X85.21841380346928 Y55.561179072772504 F300
G1 X84.94910931128499 Y55.03084658579962 F300
G1 X84.470345769624 Y54.6373946326793 F300
G1 X83.8973574883808 Y54.492237601431036 F300
G1 X83.32627916807509 Y54.635484671741835 F300
G1 X82.93346386860058 Y55.03339320038294 F300
G1 X82.79340006651891 Y55.60892809620943 F300
G1 X82.9461969415171 Y56.285690921722235 F300
G1 X83.35811185036636 Y56.88287204150681 F300
G1 X83.94828978004685 Y57.29988017952268 F300
G1 X84.61995937639306 Y57.45522366910418 F300
G1 X84.87844075659832 Y57.413841182125495 F300
G1 X85.10699941544976 Y57.28969372118947 F300
G1 X85.28016920711438 Y57.096787666504255 F300
G1 X85.60295260554805 Y57.446947171708445 F300
G1 X85.62268886856864 Y57.45522366910418 F300
G1 X85.6462450534642 Y57.45522366910418 F300
G1 X85.67234785294306 Y57.441217288896006 F300
G1 X85.68253431127627 Y57.41320452847967 F300
G1 X85.40558997534207 Y56.31306702849274 F300
G1 X85.37375729305077 Y56.28505426807641 F300
G1 X85.30054212378082 Y56.28505426807641 F300
G1 X85.2687094414895 Y56.33089333057587 F300
G1 X85.28462578263517 Y56.54544560921914 F300
G1 X85.21650384253181 Y56.92043460661053 F300
G1 X85.0064081394093 Y57.20438213264882 F300
G1 X84.65943190243426 Y57.311976598793386 F300
G1 X84.05079101702482 Y57.1445366899412 F300
G1 X83.58221393369705 Y56.70588232796724 F300
G1 X83.28553333474223 Y56.102971325370234 F300
G1 X83.18112213682681 Y55.46122445037785 F300;svg > g > g > g#figure_1 > g#text_1 > g > use > path#Cmr10-2b
M3 S90
G4 P0.2
G0 X86.5168688704747 Y55.51915993214799
M3 S30
G4 P0.2
G1 X86.46084334964202 Y55.54462607798102 F300
G1 X86.43919712568395 Y55.600651598813705 F300
G1 X86.46084334964202 Y55.65604046600055 F300
G1 X86.5168688704747 Y55.6821432654794 F300
G1 X87.7150510319188 Y55.6821432654794 F300
G1 X87.7150510319188 Y56.88414534879846 F300
G1 X87.73860721681434 Y56.93635094775617 F300
G1 X87.79654269858449 Y56.95736051806843 F300
G1 X87.85193156577132 Y56.93635094775617 F300
G1 X87.87803436525019 Y56.88414534879846 F300
G1 X87.87803436525019 Y55.6821432654794 F300
G1 X89.07557987304847 Y55.6821432654794 F300
G1 X89.12714881836035 Y55.65604046600055 F300
G1 X89.14943169596424 Y55.600651598813705 F300
G1 X89.12714881836035 Y55.54462607798102 F300
G1 X89.07557987304847 Y55.51915993214799 F300
G1 X87.87803436525019 Y55.51915993214799 F300
G1 X87.87803436525019 Y54.31715784882894 F300
G1 X87.85193156577132 Y54.26495224987123 F300
G1 X87.79654269858449 Y54.243942679558984 F300
G1 X87.73860721681434 Y54.26495224987123 F300
G1 X87.7150510319188 Y54.31715784882894 F300
G1 X87.7150510319188 Y55.51915993214799 F300
G1 X86.5168688704747 Y55.51915993214799 F300;svg > g > g > g#figure_1 > g#text_1 > g > use > path#Cmmi10-44
M3 S90
G4 P0.2
G0 X90.29071297055488 Y54.58200576549246
M3 S30
G4 P0.2
G1 X90.25060379086786 Y54.635484671741835 F300
G1 X90.25824363461777 Y54.670500622262246 F300
G1 X90.27543328305507 Y54.70997314830345 F300
G1 X90.30217273617974 Y54.72525283580326 F300
G1 X90.65042228044645 Y54.75326559621959 F300
G1 X90.72618406429972 Y54.86277002330162 F300
G1 X91.28516596533473 Y57.100607588379226 F300
G1 X91.29344246273048 Y57.15663310921188 F300
G1 X91.24569343929355 Y57.206292093586306 F300
G1 X90.95092280127622 Y57.22220843473194 F300
G1 X90.91145027523503 Y57.27568734098131 F300
G1 X90.91909011898491 Y57.31070329150173 F300
G1 X90.9356431137764 Y57.35017581754292 F300
G1 X90.96301922054691 Y57.36545550504274 F300
G1 X92.42732260594617 Y57.36545550504274 F300
G1 X92.9245491033361 Y57.22730166389855 F300
G1 X93.2505157699989 Y56.85485928109046 F300
G1 X93.36447677260172 Y56.338533174325775 F300
G1 X93.23459942885327 Y55.71397594777068 F300
G1 X92.87234350437839 Y55.142897627464976 F300
G1 X92.3413743637597 Y54.732892679553174 F300
G1 X91.7289135564753 Y54.58200576549246 F300
G1 X90.29071297055488 Y54.58200576549246 F300
M3 S90
G4 P0.2
G0 X91.05215073096251 Y54.75708551809455
M3 S30
G4 P0.2
G1 X91.19157787939835 Y54.72525283580326 F300
G1 X91.66524819189273 Y54.72525283580326 F300
G1 X92.10262924657505 Y54.81884092173965 F300
G1 X92.47889155125807 Y55.07541234100744 F300
G1 X92.74946935073403 Y55.477140791523496 F300
G1 X92.93155229344019 Y55.99665016651732 F300
G1 X92.99649096531442 Y56.49387666390725 F300
G1 X92.94746863458585 Y56.79246722379954 F300
G1 X92.80995144708747 Y57.02102588265099 F300
G1 X92.5883959783401 Y57.1693661821284 F300
G1 X92.28789545751034 Y57.22220843473194 F300
G1 X91.84032794449482 Y57.22220843473194 F300
G1 X91.69262429866323 Y57.20310882535717 F300
G1 X91.627685626789 Y57.0827812862961 F300
G1 X91.07061368669144 Y54.846853682155995 F300
G1 X91.05215073096251 Y54.75708551809455 F300;svg > g > g > g#figure_1 > g#text_1 > g > use > path#Cmr10-32
M3 S90
G4 P0.2
G0 X87.21341347792476 Y49.710877770758636
M3 S30
G4 P0.2
G1 X87.21341347792476 Y49.82038219784067 F300
G1 X87.22105332167465 Y49.84202842179875 F300
G1 X87.85388704562547 Y50.542347432207094 F300
G1 X88.08626562635189 Y50.802738773349844 F300
G1 X88.26325533989144 Y51.04594046605529 F300
G1 X88.40204583468146 Y51.3254314165728 F300
G1 X88.45297812634753 Y51.6265685910484 F300
G1 X88.39122272270244 Y51.94616872125292 F300
G1 X88.20722981905878 Y52.190007067604206 F300
G1 X87.91182252739563 Y52.28168519260311 F300
G1 X87.59349570448275 Y52.174727380104386 F300
G1 X87.39422311333928 Y51.89969300510765 F300
G1 X87.43815221490125 Y51.9035129269826 F300
G1 X87.59413235812858 Y51.8417575233375 F300
G1 X87.65907103000278 Y51.68259411188105 F300
G1 X87.59413235812858 Y51.52406735407043 F300
G1 X87.43815221490125 Y51.459765335842036 F300
G1 X87.27771549615315 Y51.525977315007914 F300
G1 X87.21341347792476 Y51.68259411188105 F300
G1 X87.27071230604906 Y51.96972490614848 F300
G1 X87.4368789076096 Y52.20847002333315 F300
G1 X87.68199056125252 Y52.368906742081236 F300
G1 X87.97103131645743 Y52.42493226291391 F300
G1 X88.40459244926478 Y52.32625094781092 F300
G1 X88.72291927217765 Y52.04739665093923 F300
G1 X88.84070019665542 Y51.6265685910484 F300
G1 X88.76302845186468 Y51.29041546605237 F300
G1 X88.56375586072122 Y51.000738057201666 F300
G1 X88.25370553520406 Y50.70533076553849 F300
G1 X88.005410613332 Y50.485048604082785 F300
G1 X87.54383672010832 Y50.04130101294221 F300
G1 X87.93537871229118 Y50.04130101294221 F300
G1 X88.4179621758271 Y50.045757588463 F300
G1 X88.62360130342883 Y50.06103727596282 F300
G1 X88.72164596488601 Y50.43729958064585 F300
G1 X88.84070019665542 Y50.43729958064585 F300
G1 X88.72546588676097 Y49.710877770758636 F300
G1 X87.21341347792476 Y49.710877770758636 F300;svg > g > g > g#figure_1 > g#text_1 > g > use > path#Cmex10-a2
M3 S90
G4 P0.2
G0 X94.5112119415588 Y49.71007428930096
M3 S30
G4 P0.2
G1 X94.45470597641886 Y49.77061639480806 F300
G1 X94.46681439752027 Y49.80795069320409 F300
G1 X95.19937387415611 Y50.90376280288249 F300
G1 X95.57776203357544 Y52.19028254490823 F300
G1 X95.6867378234882 Y53.58577807684673 F300
G1 X95.35192546574893 Y55.87255011456303 F300
G1 X94.46681439752027 Y57.356542214846876 F300
G1 X94.45470597641886 Y57.3948855483347 F300
G1 X94.5112119415588 Y57.45441861875002 F300
G1 X94.58991667871803 Y57.45441861875002 F300
G1 X94.62119676656336 Y57.44231019764859 F300
G1 X95.78764133266668 Y55.76024869964318 F300
G1 X96.15997528153532 Y53.57972386629602 F300
G1 X95.78965940285026 Y51.4102984189585 F300
G1 X94.62119676656336 Y49.72319174549417 F300
G1 X94.58991667871803 Y49.71007428930096 F300
G1 X94.5112119415588 Y49.71007428930096 F300;svg > g > g > g#figure_1 > g#text_1 > g > use > path#Cmr10-73
M3 S90
G4 P0.2
G0 X97.34063385970032 Y52.0438495515226
M3 S30
G4 P0.2
G1 X97.34063385970032 Y52.99337298901132 F300
G1 X97.39156615136639 Y53.03884824942745 F300
G1 X97.46250755761555 Y53.03884824942745 F300
G1 X97.50798281803166 Y52.99337298901132 F300
G1 X98.2919763076057 Y52.14935215568802 F300
G1 X98.75400495343355 Y52.2739543692282 F300
G1 X98.94045352113966 Y52.66049408276528 F300
G1 X98.79493268780806 Y52.98063991609481 F300
G1 X98.45113971906213 Y53.160721947342665 F300
G1 X98.0618714899001 Y53.23802989005007 F300
G1 X97.70534544823767 Y53.368089134840204 F300
G1 X97.44249844303245 Y53.60274147858742 F300
G1 X97.34063385970032 Y53.94289642650005 F300
G1 X97.47524063053206 Y54.36126882232841 F300
G1 X97.82540013573625 Y54.59774017649227 F300
G1 X98.2919763076057 Y54.67050059315807 F300
G1 X98.81221328676618 Y54.511337181701634 F300
G1 X98.98047175030585 Y54.65594850982492 F300
G1 X99.00866641176384 Y54.67050059315807 F300
G1 X99.05141315655501 Y54.67050059315807 F300
G1 X99.08233633363797 Y54.65412949940828 F300
G1 X99.09688841697113 Y54.62229681711698 F300
G1 X99.09688841697113 Y53.860131452542696 F300
G1 X99.05141315655501 Y53.80647064525167 F300
G1 X98.98047175030585 Y53.80647064525167 F300
G1 X98.92862995343147 Y53.860131452542696 F300
G1 X98.75946198468347 Y54.349445254620214 F300
G1 X98.28651927635576 Y54.5340748119097 F300
G1 X97.83358568261113 Y54.43675775461918 F300
G1 X97.64168008365507 Y54.10478835358146 F300
G1 X97.77901537011178 Y53.83921283275128 F300
G1 X98.10188971906628 Y53.69005397858637 F300
G1 X98.49661497947825 Y53.61547455150394 F300
G1 X98.86769310447386 Y53.46176817129743 F300
G1 X99.14054466697061 Y53.18891660880067 F300
G1 X99.24149974509442 Y52.816928978596756 F300
G1 X99.16873932842861 Y52.4513078848511 F300
G1 X98.96682917218101 Y52.19391791089582 F300
G1 X98.66123542218465 Y52.0438495515226 F300
G1 X98.2919763076057 Y51.9956457754815 F300
G1 X97.66987474511309 Y52.240302676520265 F300
G1 X97.4570505263656 Y52.01019785881466 F300
G1 X97.42521784407433 Y51.9956457754815 F300
G1 X97.39156615136639 Y51.9956457754815 F300
G1 X97.34063385970032 Y52.0438495515226 F300;svg > g > g > g#figure_1 > g#text_1 > g > use > path#Cmr10-69
M3 S90
G4 P0.2
G0 X99.61974023088158 Y52.06113015048073
M3 S30
G4 P0.2
G1 X99.61974023088158 Y52.265768822353294 F300
G1 X99.94625260066937 Y52.29669199943626 F300
G1 X100.07449283504285 Y52.45039837964277 F300
G1 X100.07449283504285 Y54.03930397858223 F300
G1 X99.98718033504389 Y54.31488405670397 F300
G1 X99.64520637671461 Y54.365816348370025 F300
G1 X99.64520637671461 Y54.5704550202426 F300
G1 X100.48377017878799 Y54.63321087961685 F300
G1 X100.48377017878799 Y52.45039837964277 F300
G1 X100.59472981420335 Y52.29669199943626 F300
G1 X100.89031900690816 Y52.265768822353294 F300
G1 X100.89031900690816 Y52.06113015048073 F300
G1 X99.61974023088158 Y52.06113015048073 F300
M3 S90
G4 P0.2
G0 X99.86712564754531 Y55.63366660877164
M3 S30
G4 P0.2
G1 X99.96353319962752 Y55.8583143952273 F300
G1 X100.1854524704582 Y55.95472194730949 F300
G1 X100.34370637670632 Y55.911975202518335 F300
G1 X100.46376106420489 Y55.792830020228074 F300
G1 X100.50650780899606 Y55.63366660877164 F300
G1 X100.40919075170554 Y55.41174733794093 F300
G1 X100.1854524704582 Y55.31533978585875 F300
G1 X99.96353319962752 Y55.41174733794093 F300
G1 X99.86712564754531 Y55.63366660877164 F300;svg > g > g > g#figure_1 > g#text_1 > g > use > path#Cmr10-6e
M3 S90
G4 P0.2
G0 X101.22581274790419 Y52.06113015048073
M3 S30
G4 P0.2
G1 X101.22581274790419 Y52.265768822353294 F300
G1 X101.55232511769196 Y52.29669199943626 F300
G1 X101.68056535206544 Y52.45039837964277 F300
G1 X101.68056535206544 Y54.03930397858223 F300
G1 X101.63327108123266 Y54.26486127024623 F300
G1 X101.49866431040093 Y54.35035475982854 F300
G1 X101.22581274790419 Y54.365816348370025 F300
G1 X101.22581274790419 Y54.5704550202426 F300
G1 X102.06983358122747 Y54.63321087961685 F300
G1 X102.06983358122747 Y54.06477012441526 F300
G1 X102.41453605518173 Y54.474047468160414 F300
G1 X102.9138544145508 Y54.63321087961685 F300
G1 X103.52049438850193 Y54.439486270244146 F300
G1 X103.72422355516618 Y53.849217390042824 F300
G1 X103.72422355516618 Y52.45039837964277 F300
G1 X103.85155428433133 Y52.29669199943626 F300
G1 X104.17897615932745 Y52.265768822353294 F300
G1 X104.17897615932745 Y52.06113015048073 F300
G1 X102.8456415239266 Y52.06113015048073 F300
G1 X102.8456415239266 Y52.265768822353294 F300
G1 X103.1721538937144 Y52.29669199943626 F300
G1 X103.30039412808786 Y52.45039837964277 F300
G1 X103.30039412808786 Y53.8319367910847 F300
G1 X103.21762915413052 Y54.299422468162476 F300
G1 X102.87929321663452 Y54.48314252024364 F300
G1 X102.32358553434949 Y54.213019473371844 F300
G1 X102.10621378956039 Y53.599103457754126 F300
G1 X102.10621378956039 Y52.45039837964277 F300
G1 X102.23445402393386 Y52.29669199943626 F300
G1 X102.55823787809669 Y52.265768822353294 F300
G1 X102.55823787809669 Y52.06113015048073 F300
G1 X101.22581274790419 Y52.06113015048073 F300;svg > g > g > g#figure_1 > g#text_1 > g > use > path#Cmex10-a1
M3 S90
G4 P0.2
G0 X107.58005372985279 Y49.72267461902281
M3 S30
G4 P0.2
G1 X106.44612361569244 Y51.35569025285238 F300
G1 X106.08475053882825 Y53.45556083463082 F300
G1 X106.44612361569244 Y55.56617494031606 F300
G1 X107.58005372985279 Y57.194307154188 F300
G1 X107.61033093359006 Y57.206027362086296 F300
G1 X107.68748896892055 Y57.206027362086296 F300
G1 X107.72069622463239 Y57.1864936822558 F300
G1 X107.7363231684968 Y57.148403006586335 F300
G1 X107.72362627660696 Y57.11128901490839 F300
G1 X107.15421950954796 Y56.33091850568002 F300
G1 X106.79089306470073 Y55.43822933742629 F300
G1 X106.60043968635337 Y54.47228886980821 F300
G1 X106.5428153308534 Y53.44872404669015 F300
G1 X106.86668643426319 Y51.24040018365618 F300
G1 X107.72362627660696 Y49.80471607431091 F300
G1 X107.7363231684968 Y49.768578766624486 F300
G1 X107.71874285664936 Y49.73048809095502 F300
G1 X107.68748896892055 Y49.70997772713299 F300
G1 X107.61033093359006 Y49.70997772713299 F300
G1 X107.58005372985279 Y49.72267461902281 F300;svg > g > g > g#figure_1 > g#text_1 > g > use > path#Cmmi10-43
M3 S90
G4 P0.2
G0 X108.59265190560839 Y55.2129295285058
M3 S30
G4 P0.2
G1 X108.68687664519058 Y54.78255166392758 F300
G1 X108.96191102018732 Y54.491600947785194 F300
G1 X109.38655900195312 Y54.387189749869776 F300
G1 X109.8806022311139 Y54.51834040090988 F300
G1 X110.28678725715076 Y54.86977321340571 F300
G1 X110.51661922329386 Y55.336440335796 F300
G1 X110.54845190558515 Y55.36063317433737 F300
G1 X110.59811088995957 Y55.36063317433737 F300
G1 X110.62421368943842 Y55.34917340871252 F300
G1 X110.63440014777161 Y55.32434391652531 F300
G1 X110.62994357225084 Y55.31288415090044 F300
G1 X110.36063908006655 Y54.78255166392758 F300
G1 X109.88187553840557 Y54.389099710807244 F300
G1 X109.30888725716235 Y54.24394267955898 F300
G1 X108.73780893685665 Y54.387189749869776 F300
G1 X108.34499363738215 Y54.78509827851087 F300
G1 X108.20492983530049 Y55.36063317433737 F300
G1 X108.35772671029865 Y56.03739599985017 F300
G1 X108.76964161914795 Y56.63457711963475 F300
G1 X109.35981954882844 Y57.05158525765063 F300
G1 X110.0314891451746 Y57.20692874723212 F300
G1 X110.28997052537989 Y57.16554626025345 F300
G1 X110.51852918423134 Y57.04139879931741 F300
G1 X110.69169897589595 Y56.84849274463221 F300
G1 X111.0144823743296 Y57.198652249836385 F300
G1 X111.03421863735022 Y57.20692874723212 F300
G1 X111.05777482224576 Y57.20692874723212 F300
G1 X111.08387762172462 Y57.19292236702395 F300
G1 X111.09406408005785 Y57.164909606607615 F300
G1 X110.81711974412362 Y56.06477210662068 F300
G1 X110.78528706183232 Y56.03675934620435 F300
G1 X110.71207189256236 Y56.03675934620435 F300
G1 X110.68023921027108 Y56.0825984087038 F300
G1 X110.69615555141672 Y56.297150687347084 F300
G1 X110.62803361131338 Y56.67213968473846 F300
G1 X110.41793790819086 Y56.95608721077676 F300
G1 X110.07096167121583 Y57.06368167692132 F300
G1 X109.46232078580638 Y56.89624176806914 F300
G1 X108.99374370247861 Y56.457587406095186 F300
G1 X108.69706310352382 Y55.85467640349818 F300
G1 X108.59265190560839 Y55.2129295285058 F300;svg > g > g > g#figure_1 > g#text_1 > g > use > path#Cmsy10-a1
M3 S90
G4 P0.2
G0 X112.03790312454662 Y55.270865010275934
M3 S30
G4 P0.2
G1 X111.98187760371395 Y55.29633115610898 F300
G1 X111.9602313797559 Y55.352356676941646 F300
G1 X111.98187760371395 Y55.40774554412848 F300
G1 X112.03790312454662 Y55.43384834360734 F300
G1 X114.37569531201886 Y55.43384834360734 F300
G1 X114.42853756462243 Y55.40774554412848 F300
G1 X114.44954713493465 Y55.352356676941646 F300
G1 X114.42853756462243 Y55.29633115610898 F300
G1 X114.37569531201886 Y55.270865010275934 F300
G1 X112.03790312454662 Y55.270865010275934 F300;svg > g > g > g#figure_1 > g#text_1 > g > use > path#Cmmi10-44
M3 S90
G4 P0.2
G0 X115.70224273933646 Y54.3337108436204
M3 S30
G4 P0.2
G1 X115.66213355964942 Y54.387189749869776 F300
G1 X115.66977340339935 Y54.422205700390194 F300
G1 X115.68696305183664 Y54.46167822643139 F300
G1 X115.71370250496132 Y54.4769579139312 F300
G1 X116.06195204922803 Y54.50497067434754 F300
G1 X116.13771383308129 Y54.61447510142956 F300
G1 X116.6966957341163 Y56.85231266650717 F300
G1 X116.70497223151203 Y56.90833818733984 F300
G1 X116.65722320807511 Y56.95799717171424 F300
G1 X116.36245257005778 Y56.97391351285988 F300
G1 X116.32298004401659 Y57.02739241910924 F300
G1 X116.33061988776649 Y57.06240836962967 F300
G1 X116.34717288255797 Y57.10188089567086 F300
G1 X116.37454898932847 Y57.11716058317068 F300
G1 X117.83885237472775 Y57.11716058317068 F300
G1 X118.33607887211768 Y56.979006742026485 F300
G1 X118.66204553878046 Y56.60656435921842 F300
G1 X118.7760065413833 Y56.09023825245371 F300
G1 X118.64612919763483 Y55.46568102589862 F300
G1 X118.28387327315997 Y54.89460270559291 F300
G1 X117.75290413254126 Y54.484597757681115 F300
G1 X117.14044332525685 Y54.3337108436204 F300
G1 X115.70224273933646 Y54.3337108436204 F300
M3 S90
G4 P0.2
G0 X116.46368049974409 Y54.50879059622248
M3 S30
G4 P0.2
G1 X116.60310764817993 Y54.4769579139312 F300
G1 X117.07677796067429 Y54.4769579139312 F300
G1 X117.51415901535661 Y54.57054599986759 F300
G1 X117.89042132003965 Y54.82711741913538 F300
G1 X118.1609991195156 Y55.228845869651444 F300
G1 X118.34308206222175 Y55.748355244645275 F300
G1 X118.40802073409598 Y56.2455817420352 F300
G1 X118.35899840336742 Y56.54417230192748 F300
G1 X118.22148121586903 Y56.772730960778944 F300
G1 X117.99992574712167 Y56.92107126025634 F300
G1 X117.6994252262919 Y56.97391351285988 F300
G1 X117.2518577132764 Y56.97391351285988 F300
G1 X117.1041540674448 Y56.95481390348511 F300
G1 X117.03921539557058 Y56.834486364424045 F300
G1 X116.48214345547304 Y54.59855876028393 F300
G1 X116.46368049974409 Y54.50879059622248 F300;svg > g > g > g#figure_1 > g#text_1 > g > use > path#Cmr10-32
M3 S90
G4 P0.2
G0 X112.62494324670632 Y49.710877770758636
M3 S30
G4 P0.2
G1 X112.62494324670632 Y49.82038219784067 F300
G1 X112.63258309045624 Y49.84202842179875 F300
G1 X113.26541681440705 Y50.542347432207094 F300
G1 X113.49779539513345 Y50.802738773349844 F300
G1 X113.67478510867303 Y51.04594046605529 F300
G1 X113.81357560346304 Y51.3254314165728 F300
G1 X113.86450789512908 Y51.6265685910484 F300
G1 X113.80275249148399 Y51.94616872125292 F300
G1 X113.61875958784034 Y52.190007067604206 F300
G1 X113.32335229617718 Y52.28168519260311 F300
G1 X113.0050254732643 Y52.174727380104386 F300
G1 X112.80575288212084 Y51.89969300510765 F300
G1 X112.84968198368281 Y51.9035129269826 F300
G1 X113.00566212691012 Y51.8417575233375 F300
G1 X113.07060079878437 Y51.68259411188105 F300
G1 X113.00566212691012 Y51.52406735407043 F300
G1 X112.84968198368281 Y51.459765335842036 F300
G1 X112.68924526493473 Y51.525977315007914 F300
G1 X112.62494324670632 Y51.68259411188105 F300
G1 X112.68224207483063 Y51.96972490614848 F300
G1 X112.84840867639116 Y52.20847002333315 F300
G1 X113.09352033003407 Y52.368906742081236 F300
G1 X113.38256108523898 Y52.42493226291391 F300
G1 X113.81612221804633 Y52.32625094781092 F300
G1 X114.13444904095921 Y52.04739665093923 F300
G1 X114.252229965437 Y51.6265685910484 F300
G1 X114.17455822064625 Y51.29041546605237 F300
G1 X113.97528562950279 Y51.000738057201666 F300
G1 X113.66523530398563 Y50.70533076553849 F300
G1 X113.41694038211358 Y50.485048604082785 F300
G1 X112.9553664888899 Y50.04130101294221 F300
G1 X113.34690848107275 Y50.04130101294221 F300
G1 X113.82949194460868 Y50.045757588463 F300
G1 X114.03513107221042 Y50.06103727596282 F300
G1 X114.13317573366756 Y50.43729958064585 F300
G1 X114.252229965437 Y50.43729958064585 F300
G1 X114.13699565554253 Y49.710877770758636 F300
G1 X112.62494324670632 Y49.710877770758636 F300;svg > g > g > g#figure_1 > g#text_1 > g > use > path#Cmex10-a2
M3 S90
G4 P0.2
G0 X119.91242176756575 Y49.70997772713299
M3 S30
G4 P0.2
G1 X119.85772746404035 Y49.768578766624486 F300
G1 X119.86944767193864 Y49.80471607431091 F300
G1 X120.5785202497857 Y50.86539488910691 F300
G1 X120.94477674660752 Y52.1106669783011 F300
G1 X121.05025861769218 Y53.461420938579984 F300
G1 X120.72618082036783 Y55.67487581213986 F300
G1 X119.86944767193864 Y57.11128901490839 F300
G1 X119.85772746404035 Y57.148403006586335 F300
G1 X119.91242176756575 Y57.206027362086296 F300
G1 X119.98860311890468 Y57.206027362086296 F300
G1 X120.01888032264195 Y57.194307154188 F300
G1 X121.14792701684469 Y55.56617494031606 F300
G1 X121.50832340971736 Y53.45556083463082 F300
G1 X121.14988038482774 Y51.35569025285238 F300
G1 X120.01888032264195 Y49.72267461902281 F300
G1 X119.98860311890468 Y49.70997772713299 F300
G1 X119.91242176756575 Y49.70997772713299 F300;svg > g > g > g#figure_1 > g#text_1 > g > path
M3 S90
G4 P0.2
G0 X82.58648763162554 Y52.78873431713875
M3 S30
G4 P0.2
G1 X82.58648763162554 Y53.15253640046777 F300
G1 X93.46172558062138 Y53.15253640046777 F300
G1 X93.46172558062138 Y52.78873431713875 F300
G1 X82.58648763162554 Y52.78873431713875 F300;svg > g > g > g#figure_1 > g#text_1 > g > path
M3 S90
G4 P0.2
G0 X107.9980174004071 Y52.78873431713875
M3 S30
G4 P0.2
G1 X107.9980174004071 Y53.15253640046777 F300
G1 X118.87325540761128 Y53.15253640046777 F300
G1 X118.87325540761128 Y52.78873431713875 F300
G1 X107.9980174004071 Y52.78873431713875 F300;svg > g > g > g#figure_1 > g#text_1 > g > use > path#Cmr10-73
M3 S90
G4 P0.2
G0 X30.1937246093727 Y37.89288565793632
M3 S30
G4 P0.2
G1 X30.1937246093727 Y38.84240909542505 F300
G1 X30.244656901038763 Y38.88788435584117 F300
G1 X30.31559830728792 Y38.88788435584117 F300
G1 X30.361073567704043 Y38.84240909542505 F300
G1 X31.145067057278066 Y37.998388262101734 F300
G1 X31.607095703105916 Y38.12299047564193 F300
G1 X31.79354427081203 Y38.509530189178996 F300
G1 X31.648023437480425 Y38.82967602250853 F300
G1 X31.304230468734506 Y39.00975805375639 F300
G1 X30.91496223957247 Y39.08706599646381 F300
G1 X30.55843619791003 Y39.217125241253925 F300
G1 X30.295589192704817 Y39.451777585001146 F300
G1 X30.1937246093727 Y39.79193253291377 F300
G1 X30.328331380204435 Y40.21030492874213 F300
G1 X30.678490885408607 Y40.44677628290599 F300
G1 X31.145067057278066 Y40.519536699571795 F300
G1 X31.66530403643856 Y40.360373288115355 F300
G1 X31.83356249997823 Y40.50498461623864 F300
G1 X31.861757161436223 Y40.519536699571795 F300
G1 X31.904503906227387 Y40.519536699571795 F300
G1 X31.935427083310355 Y40.503165605822 F300
G1 X31.94997916664351 Y40.4713329235307 F300
G1 X31.94997916664351 Y39.709167558956416 F300
G1 X31.904503906227387 Y39.6555067516654 F300
G1 X31.83356249997823 Y39.6555067516654 F300
G1 X31.78172070310384 Y39.709167558956416 F300
G1 X31.612552734355848 Y40.19848136103394 F300
G1 X31.139610026028134 Y40.38311091832342 F300
G1 X30.686676432283512 Y40.28579386103291 F300
G1 X30.494770833327454 Y39.95382445999519 F300
G1 X30.632106119784158 Y39.68824893916501 F300
G1 X30.954980468738658 Y39.539090085000105 F300
G1 X31.349705729150635 Y39.46451065791766 F300
G1 X31.720783854146234 Y39.31080427771115 F300
G1 X31.99363541664299 Y39.03795271521438 F300
G1 X32.09459049476679 Y38.665965085010484 F300
G1 X32.02183007810098 Y38.30034399126481 F300
G1 X31.819919921853387 Y38.04295401730954 F300
G1 X31.514326171857018 Y37.89288565793632 F300
G1 X31.145067057278066 Y37.84468188189522 F300
G1 X30.522965494785453 Y38.089338782933986 F300
G1 X30.310141276037978 Y37.859233965228384 F300
G1 X30.27830859374669 Y37.84468188189522 F300
G1 X30.244656901038763 Y37.84468188189522 F300
G1 X30.1937246093727 Y37.89288565793632 F300;svg > g > g > g#figure_1 > g#text_1 > g > use > path#Cmr10-69
M3 S90
G4 P0.2
G0 X32.472830980553965 Y37.91016625689445
M3 S30
G4 P0.2
G1 X32.472830980553965 Y38.11480492876702 F300
G1 X32.79934335034175 Y38.145728105849976 F300
G1 X32.92758358471523 Y38.299434486056484 F300
G1 X32.92758358471523 Y39.88834008499595 F300
G1 X32.840271084716264 Y40.16392016311769 F300
G1 X32.498297126387 Y40.214852454783745 F300
G1 X32.498297126387 Y40.41949112665632 F300
G1 X33.336860928460375 Y40.48224698603057 F300
G1 X33.336860928460375 Y38.299434486056484 F300
G1 X33.44782056387572 Y38.145728105849976 F300
G1 X33.74340975658054 Y38.11480492876702 F300
G1 X33.74340975658054 Y37.91016625689445 F300
G1 X32.472830980553965 Y37.91016625689445 F300
M3 S90
G4 P0.2
G0 X32.72021639721769 Y41.48270271518536
M3 S30
G4 P0.2
G1 X32.81662394929988 Y41.707350501641024 F300
G1 X33.03854322013058 Y41.803758053723215 F300
G1 X33.196797126378705 Y41.76101130893205 F300
G1 X33.31685181387727 Y41.6418661266418 F300
G1 X33.35959855866844 Y41.48270271518536 F300
G1 X33.26228150137792 Y41.26078344435466 F300
G1 X33.03854322013058 Y41.16437589227247 F300
G1 X32.81662394929988 Y41.26078344435466 F300
G1 X32.72021639721769 Y41.48270271518536 F300;svg > g > g > g#figure_1 > g#text_1 > g > use > path#Cmr10-6e
M3 S90
G4 P0.2
G0 X34.078903497576555 Y37.91016625689445
M3 S30
G4 P0.2
G1 X34.078903497576555 Y38.11480492876702 F300
G1 X34.405415867364354 Y38.145728105849976 F300
G1 X34.533656101737826 Y38.299434486056484 F300
G1 X34.533656101737826 Y39.88834008499595 F300
G1 X34.486361830905054 Y40.11389737665995 F300
G1 X34.35175506007332 Y40.19939086624227 F300
G1 X34.078903497576555 Y40.214852454783745 F300
G1 X34.078903497576555 Y40.41949112665632 F300
G1 X34.922924330899875 Y40.48224698603057 F300
G1 X34.922924330899875 Y39.91380623082899 F300
G1 X35.26762680485412 Y40.323083574574135 F300
G1 X35.76694516422319 Y40.48224698603057 F300
G1 X36.37358513817431 Y40.28852237665788 F300
G1 X36.57731430483856 Y39.698253496456545 F300
G1 X36.57731430483856 Y38.299434486056484 F300
G1 X36.70464503400371 Y38.145728105849976 F300
G1 X37.03206690899983 Y38.11480492876702 F300
G1 X37.03206690899983 Y37.91016625689445 F300
G1 X35.69873227359899 Y37.91016625689445 F300
G1 X35.69873227359899 Y38.11480492876702 F300
G1 X36.02524464338678 Y38.145728105849976 F300
G1 X36.15348487776026 Y38.299434486056484 F300
G1 X36.15348487776026 Y39.68097289749843 F300
G1 X36.07071990380292 Y40.148458574576196 F300
G1 X35.73238396630693 Y40.33217862665735 F300
G1 X35.17667628402186 Y40.062055579785564 F300
G1 X34.95930453923278 Y39.44813956416785 F300
G1 X34.95930453923278 Y38.299434486056484 F300
G1 X35.087544773606254 Y38.145728105849976 F300
G1 X35.41132862776908 Y38.11480492876702 F300
G1 X35.41132862776908 Y37.91016625689445 F300
G1 X34.078903497576555 Y37.91016625689445 F300;svg > g > g > g#figure_1 > g#text_1 > g > use > path#Cmmi10-21
M3 S90
G4 P0.2
G0 X38.69337098518843 Y37.84468188189522
M3 S30
G4 P0.2
G1 X38.21769976123574 Y38.08570076210069 F300
G1 X38.07126942269582 Y38.67778865271867 F300
G1 X38.112197157070334 Y39.12799373083832 F300
G1 X38.23679937061052 Y39.573651282916366 F300
G1 X38.428704969566574 Y39.99748070999466 F300
G1 X38.67063335498037 Y40.38311091832342 F300
G1 X38.738846245604556 Y40.41949112665632 F300
G1 X38.79887358935384 Y40.396753496448255 F300
G1 X38.82161121956191 Y40.343092689157224 F300
G1 X38.80433062060378 Y40.28670336624123 F300
G1 X38.27317957894342 Y38.93881664750724 F300
G1 X38.39596278206697 Y38.480426022512674 F300
G1 X38.7734074435208 Y38.28852042355662 F300
G1 X39.178137261224336 Y38.41585115272178 F300
G1 X39.50101161017884 Y38.74327302771789 F300
G1 X39.536482313303416 Y39.06069034542246 F300
G1 X39.646532443510445 Y39.44632055375121 F300
G1 X39.82752397996663 Y39.6154885224992 F300
G1 X39.961221245590046 Y39.45905362666772 F300
G1 X39.92211252163217 Y39.229858314170436 F300
G1 X39.83661903204985 Y38.97337784542349 F300
G1 X39.72202137580122 Y38.7032547985517 F300
G1 X40.13766525600461 Y38.28852042355662 F300
G1 X40.541485568499816 Y38.40493709022191 F300
G1 X40.901649630995536 Y38.71053084021828 F300
G1 X41.14721603724262 Y39.11798917354678 F300
G1 X41.23725705286656 Y39.53272354854185 F300
G1 X41.18177723515888 Y39.80739412145525 F300
G1 X41.035346896618954 Y40.01294229853615 F300
G1 X40.944396375786695 Y40.18665779332574 F300
G1 X41.040803927868886 Y40.39402498082329 F300
G1 X41.248171115366425 Y40.4877040172805 F300
G1 X41.45008127161403 Y40.35855427769871 F300
G1 X41.510108615363315 Y40.06478409541052 F300
G1 X41.40369650598958 Y39.390840736043536 F300
G1 X41.16085861536746 Y38.71416886105157 F300
G1 X40.689734917456384 Y38.095705319392245 F300
G1 X40.05490028204726 Y37.84468188189522 F300
G1 X39.69200770392656 Y37.979288652726964 F300
G1 X39.51465418830367 Y38.34763826209759 F300
G1 X39.14539507372473 Y37.98110766314361 F300
G1 X38.69337098518843 Y37.84468188189522 F300;svg > g > g > g#figure_1 > g#text_1 > g > use > path#Cmsy10-bc
M3 S90
G4 P0.2
G0 X43.038077365345174 Y38.236678626682234
M3 S30
G4 P0.2
G1 X42.95804090701279 Y38.38219946001384 F300
G1 X42.95804090701279 Y38.41585115272178 F300
G1 X43.087190646594586 Y38.89879841834104 F300
G1 X43.44189767784037 Y39.241681881878634 F300
G1 X43.92484494345964 Y39.3653745902105 F300
G1 X44.568774630952 Y39.16437393917122 F300
G1 X45.22634689656919 Y38.76237263709267 F300
G1 X45.86300054239496 Y38.56137198605338 F300
G1 X46.412341688221765 Y38.74600154334286 F300
G1 X46.66427463092711 Y39.22076326208722 F300
G1 X46.747039604884456 Y39.3653745902105 F300
G1 X46.82980457884181 Y39.22076326208722 F300
G1 X46.82980457884181 Y39.18620206417096 F300
G1 X46.698835828843364 Y38.7032547985517 F300
G1 X46.345038302805904 Y38.3603713350141 F300
G1 X45.86300054239496 Y38.236678626682234 F300
G1 X45.40370041219208 Y38.33763370480604 F300
G1 X44.90074403198972 Y38.63322289751086 F300
G1 X44.39324012574574 Y38.9333596162573 F300
G1 X43.92484494345964 Y39.03886222042271 F300
G1 X43.549219292422436 Y38.95609724646536 F300
G1 X43.239987521592774 Y38.72417341834312 F300
G1 X43.12084233930251 Y38.38219946001384 F300
G1 X43.038077365345174 Y38.236678626682234 F300
M3 S90
G4 P0.2
G0 X43.038077365345174 Y39.592750892291136
M3 S30
G4 P0.2
G1 X42.95804090701279 Y39.73736222041441 F300
G1 X42.95804090701279 Y39.77192341833068 F300
G1 X43.087190646594586 Y40.25487068394994 F300
G1 X43.44189767784037 Y40.597754147487535 F300
G1 X43.92484494345964 Y40.721446855819394 F300
G1 X44.568774630952 Y40.52044620478012 F300
G1 X45.22634689656919 Y40.11935440790988 F300
G1 X45.86300054239496 Y39.91926326207892 F300
G1 X46.412341688221765 Y40.1038928193684 F300
G1 X46.66427463092711 Y40.57592602248779 F300
G1 X46.747039604884456 Y40.721446855819394 F300
G1 X46.82980457884181 Y40.57592602248779 F300
G1 X46.82980457884181 Y40.54227432977986 F300
G1 X46.698835828843364 Y40.05841755895227 F300
G1 X46.345038302805904 Y39.716443600623 F300
G1 X45.86300054239496 Y39.592750892291136 F300
G1 X45.40370041219208 Y39.69370597041494 F300
G1 X44.90074403198972 Y39.98929516311976 F300
G1 X44.39324012574574 Y40.28852237665788 F300
G1 X43.92484494345964 Y40.39402498082329 F300
G1 X43.549219292422436 Y40.31126000686594 F300
G1 X43.239987521592774 Y40.080245683952015 F300
G1 X43.12084233930251 Y39.73736222041441 F300
G1 X43.038077365345174 Y39.592750892291136 F300;svg > g > g > g#figure_1 > g#text_1 > g > use > path#Cmr10-30
M3 S90
G4 P0.2
G0 X49.63073957785022 Y37.78192602252097
M3 S30
G4 P0.2
G1 X48.66029752057007 Y38.36855688188901 F300
G1 X48.4029075466148 Y39.76646638708073 F300
G1 X48.49476757265537 Y40.71780883498611 F300
G1 X48.86129817160936 Y41.475426673518776 F300
G1 X49.63073957785022 Y41.787386959973404 F300
G1 X50.25829817159276 Y41.59911938185064 F300
G1 X50.631195307005 Y41.11435310581472 F300
G1 X50.80582030700293 Y40.47769945998896 F300
G1 X50.853114577835704 Y39.76646638708073 F300
G1 X50.76034504658679 Y38.82967602250853 F300
G1 X50.39836197367443 Y38.08751977251734 F300
G1 X49.63073957785022 Y37.78192602252097 F300
M3 S90
G4 P0.2
G0 X49.63073957785022 Y37.93290388710251
M3 S30
G4 P0.2
G1 X50.11368684346949 Y38.26487328814024 F300
G1 X50.31013996846715 Y39.001572506881494 F300
G1 X50.347429682008375 Y39.86014542353796 F300
G1 X50.31013996846715 Y40.66687654332004 F300
G1 X50.11459634867781 Y41.33627237664544 F300
G1 X49.63073957785022 Y41.63640909539187 F300
G1 X49.142335280981015 Y41.334453366228786 F300
G1 X48.94588215598335 Y40.6650575329034 F300
G1 X48.908592442442135 Y39.86014542353796 F300
G1 X48.924054030983605 Y39.24895792354522 F300
G1 X49.008638015357604 Y38.65596052771892 F300
G1 X49.228738275771654 Y38.14118057980838 F300
G1 X49.63073957785022 Y37.93290388710251 F300;svg > g > g > g#figure_1 > g#text_1 > g > use > path#Cmr10-74
M3 S90
G4 P0.2
G0 X56.79013715780686 Y38.60957576209447
M3 S30
G4 P0.2
G1 X56.79013715780686 Y40.214852454783745 F300
G1 X56.30718989218761 Y40.214852454783745 F300
G1 X56.30718989218761 Y40.36583031936529 F300
G1 X56.86653559530596 Y40.720537350611075 F300
G1 X57.045708121345506 Y41.49179776726859 F300
G1 X57.21396658488517 Y41.49179776726859 F300
G1 X57.21396658488517 Y40.41949112665632 F300
G1 X58.03524978800042 Y40.41949112665632 F300
G1 X58.03524978800042 Y40.214852454783745 F300
G1 X57.21396658488517 Y40.214852454783745 F300
G1 X57.21396658488517 Y38.620489824594344 F300
G1 X57.29491254842587 Y38.19756990272437 F300
G1 X57.585954215089096 Y38.01566886105986 F300
G1 X57.873357860919 Y38.20757446001591 F300
G1 X57.96157986612629 Y38.620489824594344 F300
G1 X57.96157986612629 Y38.964282793340274 F300
G1 X58.12892882445764 Y38.964282793340274 F300
G1 X58.12892882445764 Y38.60957576209447 F300
G1 X58.06162543904178 Y38.24941169959876 F300
G1 X57.86426280883578 Y37.95837003293554 F300
G1 X57.54593598592289 Y37.84468188189522 F300
G1 X56.992956819262794 Y38.053868079809405 F300
G1 X56.79013715780686 Y38.60957576209447 F300;svg > g > g > g#figure_1 > g#text_1 > g > use > path#Cmr10-68
M3 S90
G4 P0.2
G0 X58.62949778986835 Y37.91016625689445
M3 S30
G4 P0.2
G1 X58.62949778986835 Y38.11480492876702 F300
G1 X58.956010159656145 Y38.145728105849976 F300
G1 X59.08425039402962 Y38.299434486056484 F300
G1 X59.08425039402962 Y41.3553719860202 F300
G1 X59.03695612319685 Y41.58092927768419 F300
G1 X58.902349352365114 Y41.66642276726651 F300
G1 X58.62949778986835 Y41.681884355807995 F300
G1 X58.62949778986835 Y41.88652302768057 F300
G1 X59.49352773777476 Y41.94927888705482 F300
G1 X59.49352773777476 Y39.94836742874524 F300
G1 X59.83368268568738 Y40.335816647490645 F300
G1 X60.31753945651497 Y40.48224698603057 F300
G1 X60.92417943046611 Y40.28852237665788 F300
G1 X61.12790859713036 Y39.698253496456545 F300
G1 X61.12790859713036 Y38.299434486056484 F300
G1 X61.25523932629551 Y38.145728105849976 F300
G1 X61.58266120129163 Y38.11480492876702 F300
G1 X61.58266120129163 Y37.91016625689445 F300
G1 X60.24932656589079 Y37.91016625689445 F300
G1 X60.24932656589079 Y38.11480492876702 F300
G1 X60.575838935678576 Y38.145728105849976 F300
G1 X60.704079170052054 Y38.299434486056484 F300
G1 X60.704079170052054 Y39.68097289749843 F300
G1 X60.62131419609471 Y40.148458574576196 F300
G1 X60.282978258598725 Y40.33217862665735 F300
G1 X59.72727057631365 Y40.062055579785564 F300
G1 X59.50989883152458 Y39.44813956416785 F300
G1 X59.50989883152458 Y38.299434486056484 F300
G1 X59.638139065898045 Y38.145728105849976 F300
G1 X59.96192292006088 Y38.11480492876702 F300
G1 X59.96192292006088 Y37.91016625689445 F300
G1 X58.62949778986835 Y37.91016625689445 F300;svg > g > g > g#figure_1 > g#text_1 > g > use > path#Cmr10-75
M3 S90
G4 P0.2
G0 X62.315836080074575 Y38.60411873084455
M3 S30
G4 P0.2
G1 X62.315836080074575 Y39.88834008499595 F300
G1 X62.26854180924181 Y40.11389737665995 F300
G1 X62.13393503841007 Y40.19939086624227 F300
G1 X61.86108347591331 Y40.214852454783745 F300
G1 X61.86108347591331 Y40.41949112665632 F300
G1 X62.74148451756953 Y40.48224698603057 F300
G1 X62.74148451756953 Y38.60411873084455 F300
G1 X62.77422670506913 Y38.24941169959876 F300
G1 X62.913381001942476 Y38.06023461626766 F300
G1 X63.25353594985511 Y37.998388262101734 F300
G1 X63.75103529880753 Y38.259416256890304 F300
G1 X63.93566485609701 Y38.85423266313324 F300
G1 X63.93566485609701 Y39.88834008499595 F300
G1 X63.887461080055914 Y40.11389737665995 F300
G1 X63.75194480401586 Y40.19939086624227 F300
G1 X63.48091225193575 Y40.214852454783745 F300
G1 X63.48091225193575 Y40.41949112665632 F300
G1 X64.35949428317532 Y40.48224698603057 F300
G1 X64.35949428317532 Y38.43858878292984 F300
G1 X64.40587904879976 Y38.21576000689082 F300
G1 X64.5404858196315 Y38.130266517308506 F300
G1 X64.81424688733658 Y38.11480492876702 F300
G1 X64.81424688733658 Y37.91016625689445 F300
G1 X63.95294545505513 Y37.84468188189522 F300
G1 X63.95294545505513 Y38.33672419959772 F300
G1 X63.65098972589206 Y37.98110766314361 F300
G1 X63.22534128839712 Y37.84468188189522 F300
G1 X62.56140248632167 Y38.022035397518124 F300
G1 X62.315836080074575 Y38.60411873084455 F300;svg > g > g > g#figure_1 > g#text_1 > g > use > path#Cmr10-73
M3 S90
G4 P0.2
G0 X65.11267827654136 Y37.89288565793632
M3 S30
G4 P0.2
G1 X65.11267827654136 Y38.84240909542505 F300
G1 X65.16361056820742 Y38.88788435584117 F300
G1 X65.2345519744566 Y38.88788435584117 F300
G1 X65.2800272348727 Y38.84240909542505 F300
G1 X66.06402072444673 Y37.998388262101734 F300
G1 X66.52604937027459 Y38.12299047564193 F300
G1 X66.7124979379807 Y38.509530189178996 F300
G1 X66.56697710464911 Y38.82967602250853 F300
G1 X66.22318413590318 Y39.00975805375639 F300
G1 X65.83391590674114 Y39.08706599646381 F300
G1 X65.4773898650787 Y39.217125241253925 F300
G1 X65.21454285987349 Y39.451777585001146 F300
G1 X65.11267827654136 Y39.79193253291377 F300
G1 X65.24728504737311 Y40.21030492874213 F300
G1 X65.59744455257729 Y40.44677628290599 F300
G1 X66.06402072444673 Y40.519536699571795 F300
G1 X66.58425770360722 Y40.360373288115355 F300
G1 X66.7525161671469 Y40.50498461623864 F300
G1 X66.78071082860488 Y40.519536699571795 F300
G1 X66.82345757339606 Y40.519536699571795 F300
G1 X66.85438075047902 Y40.503165605822 F300
G1 X66.86893283381218 Y40.4713329235307 F300
G1 X66.86893283381218 Y39.709167558956416 F300
G1 X66.82345757339606 Y39.6555067516654 F300
G1 X66.7525161671469 Y39.6555067516654 F300
G1 X66.70067437027251 Y39.709167558956416 F300
G1 X66.53150640152452 Y40.19848136103394 F300
G1 X66.05856369319679 Y40.38311091832342 F300
G1 X65.60563009945217 Y40.28579386103291 F300
G1 X65.41372450049613 Y39.95382445999519 F300
G1 X65.55105978695283 Y39.68824893916501 F300
G1 X65.87393413590732 Y39.539090085000105 F300
G1 X66.26865939631932 Y39.46451065791766 F300
G1 X66.6397375213149 Y39.31080427771115 F300
G1 X66.91258908381167 Y39.03795271521438 F300
G1 X67.01354416193546 Y38.665965085010484 F300
G1 X66.94078374526967 Y38.30034399126481 F300
G1 X66.73887358902206 Y38.04295401730954 F300
G1 X66.43327983902569 Y37.89288565793632 F300
G1 X66.06402072444673 Y37.84468188189522 F300
G1 X65.44191916195413 Y38.089338782933986 F300
G1 X65.22909494320665 Y37.859233965228384 F300
G1 X65.19726226091537 Y37.84468188189522 F300
G1 X65.16361056820742 Y37.84468188189522 F300
G1 X65.11267827654136 Y37.89288565793632 F300;svg > g > g > g#figure_1 > g#text_1 > g > use > path#Cmr10-73
M3 S90
G4 P0.2
G0 X69.34471969174112 Y37.89288565793632
M3 S30
G4 P0.2
G1 X69.34471969174112 Y38.84240909542505 F300
G1 X69.39565198340718 Y38.88788435584117 F300
G1 X69.46659338965632 Y38.88788435584117 F300
G1 X69.51206865007246 Y38.84240909542505 F300
G1 X70.29606213964648 Y37.998388262101734 F300
G1 X70.75809078547434 Y38.12299047564193 F300
G1 X70.94453935318046 Y38.509530189178996 F300
G1 X70.79901851984883 Y38.82967602250853 F300
G1 X70.45522555110293 Y39.00975805375639 F300
G1 X70.06595732194089 Y39.08706599646381 F300
G1 X69.70943128027845 Y39.217125241253925 F300
G1 X69.44658427507325 Y39.451777585001146 F300
G1 X69.34471969174112 Y39.79193253291377 F300
G1 X69.47932646257283 Y40.21030492874213 F300
G1 X69.82948596777702 Y40.44677628290599 F300
G1 X70.29606213964648 Y40.519536699571795 F300
G1 X70.81629911880698 Y40.360373288115355 F300
G1 X70.98455758234665 Y40.50498461623864 F300
G1 X71.01275224380464 Y40.519536699571795 F300
G1 X71.0554989885958 Y40.519536699571795 F300
G1 X71.08642216567877 Y40.503165605822 F300
G1 X71.10097424901193 Y40.4713329235307 F300
G1 X71.10097424901193 Y39.709167558956416 F300
G1 X71.0554989885958 Y39.6555067516654 F300
G1 X70.98455758234665 Y39.6555067516654 F300
G1 X70.93271578547225 Y39.709167558956416 F300
G1 X70.76354781672427 Y40.19848136103394 F300
G1 X70.29060510839655 Y40.38311091832342 F300
G1 X69.83767151465192 Y40.28579386103291 F300
G1 X69.64576591569586 Y39.95382445999519 F300
G1 X69.78310120215258 Y39.68824893916501 F300
G1 X70.10597555110708 Y39.539090085000105 F300
G1 X70.50070081151904 Y39.46451065791766 F300
G1 X70.87177893651466 Y39.31080427771115 F300
G1 X71.1446304990114 Y39.03795271521438 F300
G1 X71.2455855771352 Y38.665965085010484 F300
G1 X71.1728251604694 Y38.30034399126481 F300
G1 X70.97091500422181 Y38.04295401730954 F300
G1 X70.66532125422543 Y37.89288565793632 F300
G1 X70.29606213964648 Y37.84468188189522 F300
G1 X69.67396057715386 Y38.089338782933986 F300
G1 X69.46113635840639 Y37.859233965228384 F300
G1 X69.42930367611511 Y37.84468188189522 F300
G1 X69.39565198340718 Y37.84468188189522 F300
G1 X69.34471969174112 Y37.89288565793632 F300;svg > g > g > g#figure_1 > g#text_1 > g > use > path#Cmr10-69
M3 S90
G4 P0.2
G0 X71.62382606292238 Y37.91016625689445
M3 S30
G4 P0.2
G1 X71.62382606292238 Y38.11480492876702 F300
G1 X71.95033843271018 Y38.145728105849976 F300
G1 X72.07857866708365 Y38.299434486056484 F300
G1 X72.07857866708365 Y39.88834008499595 F300
G1 X71.99126616708467 Y40.16392016311769 F300
G1 X71.64929220875541 Y40.214852454783745 F300
G1 X71.64929220875541 Y40.41949112665632 F300
G1 X72.48785601082878 Y40.48224698603057 F300
G1 X72.48785601082878 Y38.299434486056484 F300
G1 X72.59881564624413 Y38.145728105849976 F300
G1 X72.89440483894896 Y38.11480492876702 F300
G1 X72.89440483894896 Y37.91016625689445 F300
G1 X71.62382606292238 Y37.91016625689445 F300
M3 S90
G4 P0.2
G0 X71.87121147958611 Y41.48270271518536
M3 S30
G4 P0.2
G1 X71.96761903166829 Y41.707350501641024 F300
G1 X72.189538302499 Y41.803758053723215 F300
G1 X72.34779220874712 Y41.76101130893205 F300
G1 X72.46784689624569 Y41.6418661266418 F300
G1 X72.51059364103685 Y41.48270271518536 F300
G1 X72.41327658374634 Y41.26078344435466 F300
G1 X72.189538302499 Y41.16437589227247 F300
G1 X71.96761903166829 Y41.26078344435466 F300
G1 X71.87121147958611 Y41.48270271518536 F300;svg > g > g > g#figure_1 > g#text_1 > g > use > path#Cmr10-6e
M3 S90
G4 P0.2
G0 X73.22989857994499 Y37.91016625689445
M3 S30
G4 P0.2
G1 X73.22989857994499 Y38.11480492876702 F300
G1 X73.55641094973276 Y38.145728105849976 F300
G1 X73.68465118410624 Y38.299434486056484 F300
G1 X73.68465118410624 Y39.88834008499595 F300
G1 X73.63735691327348 Y40.11389737665995 F300
G1 X73.50275014244173 Y40.19939086624227 F300
G1 X73.22989857994499 Y40.214852454783745 F300
G1 X73.22989857994499 Y40.41949112665632 F300
G1 X74.07391941326829 Y40.48224698603057 F300
G1 X74.07391941326829 Y39.91380623082899 F300
G1 X74.41862188722254 Y40.323083574574135 F300
G1 X74.91794024659161 Y40.48224698603057 F300
G1 X75.52458022054273 Y40.28852237665788 F300
G1 X75.72830938720696 Y39.698253496456545 F300
G1 X75.72830938720696 Y38.299434486056484 F300
G1 X75.85564011637214 Y38.145728105849976 F300
G1 X76.18306199136825 Y38.11480492876702 F300
G1 X76.18306199136825 Y37.91016625689445 F300
G1 X74.84972735596742 Y37.91016625689445 F300
G1 X74.84972735596742 Y38.11480492876702 F300
G1 X75.1762397257552 Y38.145728105849976 F300
G1 X75.30447996012867 Y38.299434486056484 F300
G1 X75.30447996012867 Y39.68097289749843 F300
G1 X75.22171498617132 Y40.148458574576196 F300
G1 X74.88337904867534 Y40.33217862665735 F300
G1 X74.32767136639028 Y40.062055579785564 F300
G1 X74.11029962160119 Y39.44813956416785 F300
G1 X74.11029962160119 Y38.299434486056484 F300
G1 X74.23853985597466 Y38.145728105849976 F300
G1 X74.56232371013749 Y38.11480492876702 F300
G1 X74.56232371013749 Y37.91016625689445 F300
G1 X73.22989857994499 Y37.91016625689445 F300;svg > g > g > g#figure_1 > g#text_1 > g > use > path#Cmex10-a1
M3 S90
G4 P0.2
G0 X79.5839324011638 Y35.57232368283368
M3 S30
G4 P0.2
G1 X78.45009837713819 Y37.20520093362678 F300
G1 X78.08875592331438 Y39.304893570711215 F300
G1 X78.45009837713819 Y41.41532882128772 F300
G1 X79.5839324011638 Y43.04332306594807 F300
G1 X79.61420703918687 Y43.05504228066668 F300
G1 X79.69135853608441 Y43.05504228066668 F300
G1 X79.72456297778714 Y43.035510256135666 F300
G1 X79.74018859741194 Y42.99742280830018 F300
G1 X79.7274927814668 Y42.96031196169125 F300
G1 X79.1581342663876 Y42.18000758167708 F300
G1 X78.79483861011067 Y41.28739406060955 F300
G1 X78.60440137093323 Y40.32153544755071 F300
G1 X78.54678189856675 Y39.29805736212536 F300
G1 X78.87062555688307 Y37.08992063420223 F300
G1 X79.7274927814668 Y35.65435818586395 F300
G1 X79.74018859741194 Y35.618223940481556 F300
G1 X79.72260977533402 Y35.580136492646076 F300
G1 X79.69135853608441 Y35.55962786688851 F300
G1 X79.61420703918687 Y35.55962786688851 F300
G1 X79.5839324011638 Y35.57232368283368 F300;svg > g > g > g#figure_1 > g#text_1 > g > use > path#Cmr10-a2
M3 S90
G4 P0.2
G0 X80.22302204754943 Y40.138817877576315
M3 S30
G4 P0.2
G1 X80.18927940432067 Y40.170650559867596 F300
G1 X80.19182601890397 Y40.176380442680035 F300
G1 X80.19309932619564 Y40.184656940075776 F300
G1 X81.59564730794982 Y43.012035781188025 F300
G1 X81.66949913086559 Y43.05532822910418 F300
G1 X81.72488799805242 Y43.05532822910418 F300
G1 X81.79873982096822 Y43.012035781188025 F300
G1 X83.2012878027224 Y40.184656940075776 F300
G1 X83.20383441730571 Y40.17765374997169 F300
G1 X83.20510772459737 Y40.170650559867596 F300
G1 X83.17136508136859 Y40.138817877576315 F300
G1 X80.22302204754943 Y40.138817877576315 F300
M3 S90
G4 P0.2
G0 X80.49168988608791 Y40.46542119788493
M3 S30
G4 P0.2
G1 X82.63848597981242 Y40.46542119788493 F300
G1 X81.565724586596 Y42.62749697910927 F300
G1 X80.49168988608791 Y40.46542119788493 F300;svg > g > g > g#figure_1 > g#text_1 > g > use > path#Cmmi10-74
M3 S90
G4 P0.2
G0 X83.6490144864254 Y40.46924111975989
M3 S30
G4 P0.2
G1 X83.66111090569609 Y40.58256546871687 F300
G1 X83.9552448900676 Y41.75209821609882 F300
G1 X83.52741364007268 Y41.75209821609882 F300
G1 X83.486031153094 Y41.80621377599401 F300
G1 X83.53951005934336 Y41.89534528640963 F300
G1 X83.99089749423385 Y41.89534528640963 F300
G1 X84.15451748121107 Y42.56001169265172 F300
G1 X84.21818284579365 Y42.651689817650634 F300
G1 X84.32514065829237 Y42.68925238275436 F300
G1 X84.41172555412469 Y42.658056354108886 F300
G1 X84.44674150464509 Y42.57592803379737 F300
G1 X84.44546819735345 Y42.5568284244226 F300
G1 X84.44292158277014 Y42.542185390568605 F300
G1 X84.27993824943874 Y41.89534528640963 F300
G1 X84.69949300203794 Y41.89534528640963 F300
G1 X84.74151214266243 Y41.841866380160255 F300
G1 X84.7332356452667 Y41.80748708328566 F300
G1 X84.71731930412105 Y41.76801455724447 F300
G1 X84.68739658276725 Y41.75209821609882 F300
G1 X84.24364899162667 Y41.75209821609882 F300
G1 X83.95142496819267 Y40.57428897132114 F300
G1 X83.92150224683883 Y40.3756530338235 F300
G1 X84.04119313225408 Y40.20057328122141 F300
G1 X84.35824664787532 Y40.36864984371942 F300
G1 X84.57025231193528 Y40.73790895829837 F300
G1 X84.60208499422659 Y40.76146514319392 F300
G1 X84.65174397860099 Y40.76146514319392 F300
G1 X84.67721012443403 Y40.75064203121489 F300
G1 X84.68739658276725 Y40.72581253902768 F300
G1 X84.68357666089229 Y40.71371611975698 F300
G1 X84.42254866610371 Y40.28015498694964 F300
G1 X84.03100667392087 Y40.092978815076854 F300
G1 X83.75915556715326 Y40.198026666638114 F300
G1 X83.6490144864254 Y40.46924111975989 F300;svg > g > g > g#figure_1 > g#text_1 > g > use > path#Cmr10-32
M3 S90
G4 P0.2
G0 X81.60219574544972 Y35.559913877172356
M3 S30
G4 P0.2
G1 X81.60219574544972 Y35.669418304254386 F300
G1 X81.60983558919962 Y35.691064528212465 F300
G1 X82.24266931315046 Y36.391383538620815 F300
G1 X82.47504789387686 Y36.65177487976355 F300
G1 X82.65203760741642 Y36.894976572469 F300
G1 X82.79082810220643 Y37.17446752298651 F300
G1 X82.8417603938725 Y37.4756046974621 F300
G1 X82.7800049902274 Y37.795204827666645 F300
G1 X82.59601208658376 Y38.03904317401791 F300
G1 X82.3006047949206 Y38.13072129901683 F300
G1 X81.98227797200771 Y38.02376348651809 F300
G1 X81.78300538086424 Y37.748729111521364 F300
G1 X81.82693448242621 Y37.752549033396306 F300
G1 X81.98291462565354 Y37.69079362975122 F300
G1 X82.04785329752777 Y37.53163021829477 F300
G1 X81.98291462565354 Y37.37310346048415 F300
G1 X81.82693448242621 Y37.30880144225575 F300
G1 X81.66649776367812 Y37.37501342142164 F300
G1 X81.60219574544972 Y37.53163021829477 F300
G1 X81.65949457357404 Y37.8187610125622 F300
G1 X81.82566117513456 Y38.05750612974686 F300
G1 X82.07077282877748 Y38.21794284849496 F300
G1 X82.3598135839824 Y38.27396836932762 F300
G1 X82.79337471678974 Y38.175287054224626 F300
G1 X83.11170153970262 Y37.89643275735294 F300
G1 X83.22948246418039 Y37.4756046974621 F300
G1 X83.15181071938964 Y37.1394515724661 F300
G1 X82.95253812824619 Y36.84977416361537 F300
G1 X82.64248780272904 Y36.55436687195221 F300
G1 X82.39419288085699 Y36.3340847104965 F300
G1 X81.93261898763329 Y35.890337119355934 F300
G1 X82.32416097981614 Y35.890337119355934 F300
G1 X82.80674444335207 Y35.89479369487671 F300
G1 X83.0123835709538 Y35.91007338237653 F300
G1 X83.11042823241097 Y36.28633568705956 F300
G1 X83.22948246418039 Y36.28633568705956 F300
G1 X83.11424815428593 Y35.559913877172356 F300
G1 X81.60219574544972 Y35.559913877172356 F300;svg > g > g > g#figure_1 > g#text_1 > g > use > path#Cmex10-a2
M3 S90
G4 P0.2
G0 X85.90567495665121 Y35.55962786688851
M3 S30
G4 P0.2
G1 X85.85098528796438 Y35.618223940481556 F300
G1 X85.86270450268297 Y35.65435818586395 F300
G1 X86.57171699315894 Y36.71494711789823 F300
G1 X86.93794245311553 Y37.96011368175063 F300
G1 X87.04341538558302 Y39.31075317807053 F300
G1 X86.71936505086752 Y41.52402048171365 F300
G1 X85.86270450268297 Y42.96031196169125 F300
G1 X85.85098528796438 Y42.99742280830018 F300
G1 X85.90567495665121 Y43.05504228066668 F300
G1 X85.9818498523222 Y43.05504228066668 F300
G1 X86.01212449034527 Y43.04332306594807 F300
G1 X87.14107550823813 Y41.41532882128772 F300
G1 X87.50144136083539 Y39.304893570711215 F300
G1 X87.14302871069123 Y37.20520093362678 F300
G1 X86.01212449034527 Y35.57232368283368 F300
G1 X85.9818498523222 Y35.55962786688851 F300
G1 X85.90567495665121 Y35.55962786688851 F300;svg > g > g > g#figure_1 > g#text_1 > g > use > path#Cmsy10-bc
M3 S90
G4 P0.2
G0 X89.88534818724719 Y38.236678626682234
M3 S30
G4 P0.2
G1 X89.8053117289148 Y38.38219946001384 F300
G1 X89.8053117289148 Y38.41585115272178 F300
G1 X89.93446146849661 Y38.89879841834104 F300
G1 X90.2891684997424 Y39.241681881878634 F300
G1 X90.77211576536166 Y39.3653745902105 F300
G1 X91.41604545285402 Y39.16437393917122 F300
G1 X92.07361771847121 Y38.76237263709267 F300
G1 X92.71027136429699 Y38.56137198605338 F300
G1 X93.2596125101238 Y38.74600154334286 F300
G1 X93.51154545282914 Y39.22076326208722 F300
G1 X93.59431042678649 Y39.3653745902105 F300
G1 X93.67707540074385 Y39.22076326208722 F300
G1 X93.67707540074385 Y39.18620206417096 F300
G1 X93.54610665074539 Y38.7032547985517 F300
G1 X93.19230912470792 Y38.3603713350141 F300
G1 X92.71027136429699 Y38.236678626682234 F300
G1 X92.25097123409411 Y38.33763370480604 F300
G1 X91.74801485389173 Y38.63322289751086 F300
G1 X91.24051094764776 Y38.9333596162573 F300
G1 X90.77211576536166 Y39.03886222042271 F300
G1 X90.39649011432446 Y38.95609724646536 F300
G1 X90.0872583434948 Y38.72417341834312 F300
G1 X89.96811316120454 Y38.38219946001384 F300
G1 X89.88534818724719 Y38.236678626682234 F300
M3 S90
G4 P0.2
G0 X89.88534818724719 Y39.592750892291136
M3 S30
G4 P0.2
G1 X89.8053117289148 Y39.73736222041441 F300
G1 X89.8053117289148 Y39.77192341833068 F300
G1 X89.93446146849661 Y40.25487068394994 F300
G1 X90.2891684997424 Y40.597754147487535 F300
G1 X90.77211576536166 Y40.721446855819394 F300
G1 X91.41604545285402 Y40.52044620478012 F300
G1 X92.07361771847121 Y40.11935440790988 F300
G1 X92.71027136429699 Y39.91926326207892 F300
G1 X93.2596125101238 Y40.1038928193684 F300
G1 X93.51154545282914 Y40.57592602248779 F300
G1 X93.59431042678649 Y40.721446855819394 F300
G1 X93.67707540074385 Y40.57592602248779 F300
G1 X93.67707540074385 Y40.54227432977986 F300
G1 X93.54610665074539 Y40.05841755895227 F300
G1 X93.19230912470792 Y39.716443600623 F300
G1 X92.71027136429699 Y39.592750892291136 F300
G1 X92.25097123409411 Y39.69370597041494 F300
G1 X91.74801485389173 Y39.98929516311976 F300
G1 X91.24051094764776 Y40.28852237665788 F300
G1 X90.77211576536166 Y40.39402498082329 F300
G1 X90.39649011432446 Y40.31126000686594 F300
G1 X90.0872583434948 Y40.080245683952015 F300
G1 X89.96811316120454 Y39.73736222041441 F300
G1 X89.88534818724719 Y39.592750892291136 F300;svg > g > g > g#figure_1 > g#text_1 > g > use > path#Cmex10-a1
M3 S90
G4 P0.2
G0 X97.46723487828476 Y35.57232368283368
M3 S30
G4 P0.2
G1 X96.33340085425915 Y37.20520093362678 F300
G1 X95.97205840043532 Y39.304893570711215 F300
G1 X96.33340085425915 Y41.41532882128772 F300
G1 X97.46723487828476 Y43.04332306594807 F300
G1 X97.49750951630784 Y43.05504228066668 F300
G1 X97.57466101320536 Y43.05504228066668 F300
G1 X97.60786545490808 Y43.035510256135666 F300
G1 X97.62349107453291 Y42.99742280830018 F300
G1 X97.61079525858773 Y42.96031196169125 F300
G1 X97.04143674350857 Y42.18000758167708 F300
G1 X96.67814108723164 Y41.28739406060955 F300
G1 X96.48770384805421 Y40.32153544755071 F300
G1 X96.4300843756877 Y39.29805736212536 F300
G1 X96.75392803400402 Y37.08992063420222 F300
G1 X97.61079525858773 Y35.65435818586395 F300
G1 X97.62349107453291 Y35.618223940481556 F300
G1 X97.60591225245497 Y35.580136492646076 F300
G1 X97.57466101320536 Y35.55962786688851 F300
G1 X97.49750951630784 Y35.55962786688851 F300
G1 X97.46723487828476 Y35.57232368283368 F300;svg > g > g > g#figure_1 > g#text_1 > g > use > path#Cmr10-a2
M3 S90
G4 P0.2
G0 X98.10632452467041 Y40.138817877576315
M3 S30
G4 P0.2
G1 X98.07258188144165 Y40.170650559867596 F300
G1 X98.07512849602494 Y40.176380442680035 F300
G1 X98.0764018033166 Y40.184656940075776 F300
G1 X99.47894978507078 Y43.012035781188025 F300
G1 X99.55280160798657 Y43.05532822910418 F300
G1 X99.6081904751734 Y43.05532822910418 F300
G1 X99.68204229808919 Y43.012035781188025 F300
G1 X101.08459027984337 Y40.184656940075776 F300
G1 X101.08713689442668 Y40.17765374997169 F300
G1 X101.08841020171835 Y40.170650559867596 F300
G1 X101.05466755848956 Y40.138817877576315 F300
G1 X98.10632452467041 Y40.138817877576315 F300
M3 S90
G4 P0.2
G0 X98.37499236320889 Y40.46542119788493
M3 S30
G4 P0.2
G1 X100.52178845693338 Y40.46542119788493 F300
G1 X99.44902706371697 Y42.62749697910927 F300
G1 X98.37499236320889 Y40.46542119788493 F300;svg > g > g > g#figure_1 > g#text_1 > g > use > path#Cmmi10-74
M3 S90
G4 P0.2
G0 X101.53231696354639 Y40.46924111975989
M3 S30
G4 P0.2
G1 X101.54441338281707 Y40.58256546871687 F300
G1 X101.83854736718858 Y41.75209821609882 F300
G1 X101.41071611719367 Y41.75209821609882 F300
G1 X101.369333630215 Y41.80621377599401 F300
G1 X101.42281253646435 Y41.89534528640963 F300
G1 X101.87419997135484 Y41.89534528640963 F300
G1 X102.03781995833205 Y42.56001169265172 F300
G1 X102.10148532291463 Y42.651689817650634 F300
G1 X102.20844313541336 Y42.68925238275436 F300
G1 X102.29502803124566 Y42.658056354108886 F300
G1 X102.33004398176608 Y42.57592803379737 F300
G1 X102.32877067447444 Y42.5568284244226 F300
G1 X102.32622405989115 Y42.542185390568605 F300
G1 X102.16324072655974 Y41.89534528640963 F300
G1 X102.58279547915893 Y41.89534528640963 F300
G1 X102.62481461978341 Y41.841866380160255 F300
G1 X102.61653812238768 Y41.80748708328566 F300
G1 X102.60062178124203 Y41.76801455724447 F300
G1 X102.57069905988823 Y41.75209821609882 F300
G1 X102.12695146874766 Y41.75209821609882 F300
G1 X101.83472744531365 Y40.57428897132114 F300
G1 X101.8048047239598 Y40.3756530338235 F300
G1 X101.92449560937507 Y40.20057328122141 F300
G1 X102.24154912499631 Y40.36864984371942 F300
G1 X102.45355478905627 Y40.73790895829837 F300
G1 X102.48538747134756 Y40.76146514319392 F300
G1 X102.535046455722 Y40.76146514319392 F300
G1 X102.560512601555 Y40.75064203121489 F300
G1 X102.57069905988823 Y40.72581253902768 F300
G1 X102.56687913801328 Y40.71371611975698 F300
G1 X102.3058511432247 Y40.28015498694964 F300
G1 X101.91430915104185 Y40.092978815076854 F300
G1 X101.64245804427424 Y40.198026666638114 F300
G1 X101.53231696354639 Y40.46924111975989 F300;svg > g > g > g#figure_1 > g#text_1 > g > use > path#Cmr10-32
M3 S90
G4 P0.2
G0 X99.48549822257067 Y35.559913877172356
M3 S30
G4 P0.2
G1 X99.48549822257067 Y35.669418304254386 F300
G1 X99.49313806632058 Y35.691064528212465 F300
G1 X100.1259717902714 Y36.391383538620815 F300
G1 X100.35835037099781 Y36.65177487976355 F300
G1 X100.53534008453738 Y36.894976572469 F300
G1 X100.6741305793274 Y37.17446752298651 F300
G1 X100.72506287099347 Y37.4756046974621 F300
G1 X100.66330746734836 Y37.795204827666645 F300
G1 X100.4793145637047 Y38.03904317401791 F300
G1 X100.18390727204155 Y38.13072129901683 F300
G1 X99.86558044912866 Y38.02376348651809 F300
G1 X99.6663078579852 Y37.748729111521364 F300
G1 X99.71023695954717 Y37.752549033396306 F300
G1 X99.86621710277448 Y37.69079362975122 F300
G1 X99.93115577464872 Y37.53163021829477 F300
G1 X99.86621710277448 Y37.37310346048415 F300
G1 X99.71023695954717 Y37.30880144225575 F300
G1 X99.54980024079909 Y37.37501342142164 F300
G1 X99.48549822257067 Y37.53163021829477 F300
G1 X99.54279705069499 Y37.8187610125622 F300
G1 X99.70896365225552 Y38.05750612974686 F300
G1 X99.95407530589844 Y38.21794284849496 F300
G1 X100.24311606110335 Y38.27396836932762 F300
G1 X100.6766771939107 Y38.175287054224626 F300
G1 X100.99500401682359 Y37.89643275735294 F300
G1 X101.11278494130136 Y37.4756046974621 F300
G1 X101.03511319651061 Y37.1394515724661 F300
G1 X100.83584060536714 Y36.84977416361537 F300
G1 X100.52579027985 Y36.55436687195221 F300
G1 X100.27749535797793 Y36.3340847104965 F300
G1 X99.81592146475425 Y35.890337119355934 F300
G1 X100.20746345693709 Y35.890337119355934 F300
G1 X100.69004692047304 Y35.89479369487671 F300
G1 X100.89568604807477 Y35.91007338237653 F300
G1 X100.99373070953192 Y36.28633568705956 F300
G1 X101.11278494130136 Y36.28633568705956 F300
G1 X100.9975506314069 Y35.559913877172356 F300
G1 X99.48549822257067 Y35.559913877172356 F300;svg > g > g > g#figure_1 > g#text_1 > g > use > path#Cmex10-a2
M3 S90
G4 P0.2
G0 X103.78897743377217 Y35.55962786688851
M3 S30
G4 P0.2
G1 X103.73428776508534 Y35.618223940481556 F300
G1 X103.74600697980394 Y35.65435818586395 F300
G1 X104.4550194702799 Y36.71494711789823 F300
G1 X104.82124493023647 Y37.96011368175063 F300
G1 X104.92671786270398 Y39.31075317807053 F300
G1 X104.60266752798852 Y41.52402048171365 F300
G1 X103.74600697980394 Y42.96031196169125 F300
G1 X103.73428776508534 Y42.99742280830018 F300
G1 X103.78897743377217 Y43.05504228066668 F300
G1 X103.86515232944316 Y43.05504228066668 F300
G1 X103.89542696746624 Y43.04332306594807 F300
G1 X105.0243779853591 Y41.41532882128772 F300
G1 X105.38474383795636 Y39.304893570711215 F300
G1 X105.02633118781219 Y37.20520093362678 F300
G1 X103.89542696746624 Y35.57232368283368 F300
G1 X103.86515232944316 Y35.55962786688851 F300
G1 X103.78897743377217 Y35.55962786688851 F300;svg > g > g > g#figure_1 > g#text_1 > g > path
M3 S90
G4 P0.2
G0 X80.00210323244788 Y38.637770423552475
M3 S30
G4 P0.2
G1 X80.00210323244788 Y39.00157250688149 F300
G1 X84.86653499872345 Y39.00157250688149 F300
G1 X84.86653499872345 Y38.637770423552475 F300
G1 X80.00210323244788 Y38.637770423552475 F300;svg > g > g > g#figure_1 > g#text_1 > g > path
M3 S90
G4 P0.2
G0 X97.88540570956886 Y38.637770423552475
M3 S30
G4 P0.2
G1 X97.88540570956886 Y39.00157250688149 F300
G1 X102.74983747584443 Y39.00157250688149 F300
G1 X102.74983747584443 Y38.637770423552475 F300
G1 X97.88540570956886 Y38.637770423552475 F300;svg > g > g > g#layer1 > polyline
M3 S90
G4 P0.2
G0 X15.37184541666225 Y29.850341150013254
M3 S30
G4 P0.2
G1 X15.37184541666225 Y29.850341150013254 F300
G1 X15.185922708331125 Y29.850341150013254 F300
G1 X14.999999999999998 Y30.036263858344377 F300
G1 X14.999999999999998 Y30.408109275006623 F300
G1 X15.185922708331125 Y30.77995469166888 F300
G1 X15.557768124993377 Y30.965877400000004 F300
G1 X16.301458958317877 Y30.965877400000004 F300
G1 X16.115536249986754 Y30.59403198333775 F300
G1 X15.929613541655625 Y29.850341150013254 F300
G1 X15.7436908333245 Y28.177036775033123 F300
G1 X15.557768124993377 Y27.061474066713036 F300;svg > g > g > g#layer1 > polyline
M3 S90
G4 P0.2
G0 X15.929613541655625 Y29.850341150013254
M3 S30
G4 P0.2
G1 X15.929613541655625 Y29.850341150013254 F300
G1 X15.929613541655625 Y28.177036775033123 F300
G1 X15.7436908333245 Y27.061474066713036 F300;svg > g > g > g#layer1 > polyline
M3 S90
G4 P0.2
G0 X17.78884062496688 Y30.965877400000004
M3 S30
G4 P0.2
G1 X17.78884062496688 Y30.965877400000004 F300
G1 X17.41699520830463 Y30.59403198333775 F300
G1 X17.04514979164238 Y29.850341150013254 F300
G1 X16.487381666649007 Y28.177036775033123 F300
G1 X16.115536249986754 Y27.43331948337529 F300
G1 X15.7436908333245 Y27.061474066713036 F300;svg > g > g > g#layer1 > polyline
M3 S90
G4 P0.2
G0 X17.78884062496688 Y30.965877400000004
M3 S30
G4 P0.2
G1 X17.78884062496688 Y30.965877400000004 F300
G1 X17.602917916635757 Y30.59403198333775 F300
G1 X17.41699520830463 Y29.850341150013254 F300
G1 X17.231072499973504 Y28.177036775033123 F300
G1 X17.04514979164238 Y27.061474066713036 F300;svg > g > g > g#layer1 > polyline
M3 S90
G4 P0.2
G0 X17.41699520830463 Y29.850341150013254
M3 S30
G4 P0.2
G1 X17.41699520830463 Y29.850341150013254 F300
G1 X17.41699520830463 Y28.177036775033123 F300
G1 X17.231072499973504 Y27.061474066713036 F300;svg > g > g > g#layer1 > polyline
M3 S90
G4 P0.2
G0 X19.648094166611468 Y30.965877400000004
M3 S30
G4 P0.2
G1 X19.648094166611468 Y30.965877400000004 F300
G1 X19.276248749949218 Y30.77995469166888 F300
G1 X18.904403333286968 Y30.408109275006623 F300
G1 X18.532557916624715 Y29.850341150013254 F300
G1 X17.974763333298007 Y28.177036775033123 F300
G1 X17.602917916635757 Y27.43331948337529 F300
G1 X17.231072499973504 Y27.061474066713036 F300;svg > g > g > g#layer1 > polyline
M3 S90
G4 P0.2
G0 X19.09032604161809 Y27.991114066702
M3 S30
G4 P0.2
G1 X19.09032604161809 Y27.991114066702 F300
G1 X19.462171458280345 Y28.54888219169537 F300
G1 X19.834016874942595 Y29.292573025019873 F300;svg > g > g > g#layer1 > line
M3 S90
G4 P0.2
G0 X20.39178499993597 Y30.965877400000004
M3 S30
G4 P0.2
G1 X19.09032604161809 Y27.061474066713036 F300;svg > g > g > g#layer1 > line
M3 S90
G4 P0.2
G0 X20.5777077082671 Y30.965877400000004
M3 S30
G4 P0.2
G1 X19.276248749949218 Y27.061474066713036 F300;svg > g > g > g#layer1 > polyline
M3 S90
G4 P0.2
G0 X19.648094166611468 Y28.177036775033123
M3 S30
G4 P0.2
G1 X19.648094166611468 Y28.177036775033123 F300
G1 X20.01993958327372 Y28.54888219169537 F300
G1 X20.39178499993597 Y28.734804900026493 F300
G1 X20.5777077082671 Y28.734804900026493 F300
G1 X20.94955312492935 Y28.54888219169537 F300
G1 X20.94955312492935 Y28.177036775033123 F300
G1 X20.76363041659822 Y27.61926865003975 F300
G1 X20.76363041659822 Y27.247396775044162 F300
G1 X20.94955312492935 Y27.061474066713036 F300;svg > g > g > g#layer1 > polyline
M3 S90
G4 P0.2
G0 X20.5777077082671 Y28.734804900026493
M3 S30
G4 P0.2
G1 X20.5777077082671 Y28.734804900026493 F300
G1 X20.76363041659822 Y28.54888219169537 F300
G1 X20.76363041659822 Y28.177036775033123 F300
G1 X20.5777077082671 Y27.61926865003975 F300
G1 X20.5777077082671 Y27.247396775044162 F300
G1 X20.94955312492935 Y27.061474066713036 F300
G1 X21.3213985415916 Y27.247396775044162 F300
G1 X21.507321249922725 Y27.43331948337529 F300
G1 X21.879166666584975 Y27.991114066702 F300;svg > g > g > g#layer1 > polyline
M3 S90
G4 P0.2
G0 X22.436934791578352 Y27.43331948337529
M3 S30
G4 P0.2
G1 X22.436934791578352 Y27.43331948337529 F300
G1 X22.808780208240602 Y27.61926865003975 F300
G1 X22.994702916571725 Y27.805191358370873 F300
G1 X23.180625624902856 Y28.177036775033123 F300
G1 X23.180625624902856 Y28.54888219169537 F300
G1 X22.994702916571725 Y28.734804900026493 F300
G1 X22.808780208240602 Y28.734804900026493 F300
G1 X22.436934791578352 Y28.54888219169537 F300
G1 X22.251012083247225 Y28.362959483364246 F300
G1 X22.065089374916102 Y27.991114066702 F300
G1 X22.065089374916102 Y27.61926865003975 F300
G1 X22.251012083247225 Y27.247396775044162 F300
G1 X22.62285749990948 Y27.061474066713036 F300
G1 X23.180625624902856 Y27.061474066713036 F300
G1 X23.738393749896233 Y27.43331948337529 F300
G1 X24.110239166558483 Y27.991114066702 F300;svg > g > g > g#layer1 > polyline
M3 S90
G4 P0.2
G0 X22.808780208240602 Y28.734804900026493
M3 S30
G4 P0.2
G1 X22.808780208240602 Y28.734804900026493 F300
G1 X22.436934791578352 Y28.362959483364246 F300
G1 X22.251012083247225 Y27.991114066702 F300
G1 X22.251012083247225 Y27.43331948337529 F300
G1 X22.62285749990948 Y27.061474066713036 F300;svg > g > g > g#layer1 > polyline
M3 S90
G4 P0.2
G0 X24.110239166558483 Y27.991114066702
M3 S30
G4 P0.2
G1 X24.110239166558483 Y27.991114066702 F300
G1 X24.482084583220733 Y28.54888219169537 F300
G1 X24.853929999882986 Y28.734804900026493 F300
G1 X25.225775416545236 Y28.54888219169537 F300
G1 X25.225775416545236 Y28.177036775033123 F300
G1 X24.853929999882986 Y27.061474066713036 F300;svg > g > g > g#layer1 > polyline
M3 S90
G4 P0.2
G0 X24.853929999882986 Y28.734804900026493
M3 S30
G4 P0.2
G1 X24.853929999882986 Y28.734804900026493 F300
G1 X25.03985270821411 Y28.54888219169537 F300
G1 X25.03985270821411 Y28.177036775033123 F300
G1 X24.66800729155186 Y27.061474066713036 F300;svg > g > g > g#layer1 > polyline
M3 S90
G4 P0.2
G0 X25.225775416545236 Y28.177036775033123
M3 S30
G4 P0.2
G1 X25.225775416545236 Y28.177036775033123 F300
G1 X25.597647291540817 Y28.54888219169537 F300
G1 X25.96949270820307 Y28.734804900026493 F300
G1 X26.155415416534193 Y28.734804900026493 F300
G1 X26.52726083319645 Y28.54888219169537 F300
G1 X26.52726083319645 Y28.177036775033123 F300
G1 X26.341338124865324 Y27.61926865003975 F300
G1 X26.341338124865324 Y27.247396775044162 F300
G1 X26.52726083319645 Y27.061474066713036 F300;svg > g > g > g#layer1 > polyline
M3 S90
G4 P0.2
G0 X26.155415416534193 Y28.734804900026493
M3 S30
G4 P0.2
G1 X26.155415416534193 Y28.734804900026493 F300
G1 X26.341338124865324 Y28.54888219169537 F300
G1 X26.341338124865324 Y28.177036775033123 F300
G1 X26.155415416534193 Y27.61926865003975 F300
G1 X26.155415416534193 Y27.247396775044162 F300
G1 X26.52726083319645 Y27.061474066713036 F300
G1 X26.899106249858697 Y27.247396775044162 F300
G1 X27.085028958189824 Y27.43331948337529 F300
G1 X27.456874374852077 Y27.991114066702 F300;svg > g > g > g#layer1 > polyline
M3 S90
G4 P0.2
G0 X33.220504791450296 Y30.77995469166888
M3 S30
G4 P0.2
G1 X33.220504791450296 Y30.77995469166888 F300
G1 X33.03458208311917 Y30.59403198333775 F300
G1 X32.84865937478804 Y30.2221865666755 F300
G1 X32.476813958125796 Y29.292573025019873 F300
G1 X32.10494208313022 Y28.177036775033123 F300
G1 X31.91901937479908 Y27.805191358370873 F300
G1 X31.54717395813683 Y27.247396775044162 F300
G1 X31.175328541474585 Y27.061474066713036 F300;svg > g > g > g#layer1 > polyline
M3 S90
G4 P0.2
G0 X33.03458208311917 Y30.59403198333775
M3 S30
G4 P0.2
G1 X33.03458208311917 Y30.59403198333775 F300
G1 X32.84865937478804 Y30.036263858344377 F300
G1 X32.476813958125796 Y28.54888219169537 F300
G1 X32.290891249794676 Y27.991114066702 F300
G1 X32.10494208313022 Y27.61926865003975 F300
G1 X31.733096666467965 Y27.247396775044162 F300
G1 X31.175328541474585 Y27.061474066713036 F300
G1 X30.80348312481233 Y27.061474066713036 F300
G1 X30.617560416481208 Y27.247396775044162 F300
G1 X30.617560416481208 Y27.61926865003975 F300
G1 X30.80348312481233 Y27.805191358370873 F300
G1 X31.175328541474585 Y27.805191358370873 F300
G1 X31.54717395813683 Y27.61926865003975 F300
G1 X31.91901937479908 Y27.247396775044162 F300
G1 X32.290891249794676 Y27.061474066713036 F300
G1 X32.84865937478804 Y27.061474066713036 F300
G1 X33.220504791450296 Y27.247396775044162 F300
G1 X33.59235020811255 Y27.61926865003975 F300
G1 X33.964195624774796 Y28.362959483364246 F300
G1 X34.15011833310592 Y29.292573025019873 F300
G1 X34.15011833310592 Y29.850341150013254 F300
G1 X33.964195624774796 Y30.408109275006623 F300
G1 X33.59235020811255 Y30.77995469166888 F300
G1 X33.220504791450296 Y30.965877400000004 F300
G1 X32.290891249794676 Y30.965877400000004 F300
G1 X31.733096666467965 Y30.77995469166888 F300
G1 X31.36125124980571 Y30.408109275006623 F300
G1 X31.175328541474585 Y30.036263858344377 F300
G1 X31.175328541474585 Y29.66441844168213 F300
G1 X31.36125124980571 Y29.478495733351004 F300
G1 X31.733096666467965 Y29.478495733351004 F300
G1 X31.91901937479908 Y29.66441844168213 F300
G1 X32.10494208313022 Y30.036263858344377 F300;svg > g > g > g#layer1 > polyline
M3 S90
G4 P0.2
G0 X35.265654583092676 Y27.43331948337529
M3 S30
G4 P0.2
G1 X35.265654583092676 Y27.43331948337529 F300
G1 X35.63749999975493 Y27.61926865003975 F300
G1 X35.82342270808605 Y27.805191358370873 F300
G1 X36.00934541641718 Y28.177036775033123 F300
G1 X36.00934541641718 Y28.54888219169537 F300
G1 X35.82342270808605 Y28.734804900026493 F300
G1 X35.63749999975493 Y28.734804900026493 F300
G1 X35.265654583092676 Y28.54888219169537 F300
G1 X35.07973187476155 Y28.362959483364246 F300
G1 X34.89380916643043 Y27.991114066702 F300
G1 X34.89380916643043 Y27.61926865003975 F300
G1 X35.07973187476155 Y27.247396775044162 F300
G1 X35.45157729142381 Y27.061474066713036 F300
G1 X36.00934541641718 Y27.061474066713036 F300
G1 X36.567113541410556 Y27.43331948337529 F300
G1 X36.9389589580728 Y27.991114066702 F300;svg > g > g > g#layer1 > polyline
M3 S90
G4 P0.2
G0 X35.63749999975493 Y28.734804900026493
M3 S30
G4 P0.2
G1 X35.63749999975493 Y28.734804900026493 F300
G1 X35.265654583092676 Y28.362959483364246 F300
G1 X35.07973187476155 Y27.991114066702 F300
G1 X35.07973187476155 Y27.43331948337529 F300
G1 X35.45157729142381 Y27.061474066713036 F300;svg > g > g > g#layer1 > polyline
M3 S90
G4 P0.2
G0 X36.9389589580728 Y27.991114066702
M3 S30
G4 P0.2
G1 X36.9389589580728 Y27.991114066702 F300
G1 X37.310804374735056 Y28.54888219169537 F300
G1 X37.68264979139731 Y29.292573025019873 F300;svg > g > g > g#layer1 > polyline
M3 S90
G4 P0.2
G0 X38.24041791639069 Y30.965877400000004
M3 S30
G4 P0.2
G1 X38.24041791639069 Y30.965877400000004 F300
G1 X37.12488166640394 Y27.61926865003975 F300
G1 X37.12488166640394 Y27.247396775044162 F300
G1 X37.496727083066176 Y27.061474066713036 F300
G1 X37.86857249972844 Y27.247396775044162 F300
G1 X38.054495208059556 Y27.43331948337529 F300
G1 X38.42634062472181 Y27.991114066702 F300;svg > g > g > g#layer1 > polyline
M3 S90
G4 P0.2
G0 X38.42634062472181 Y30.965877400000004
M3 S30
G4 P0.2
G1 X38.42634062472181 Y30.965877400000004 F300
G1 X37.310804374735056 Y27.61926865003975 F300
G1 X37.310804374735056 Y27.247396775044162 F300
G1 X37.496727083066176 Y27.061474066713036 F300;svg > g > g > g#layer1 > polyline
M3 S90
G4 P0.2
G0 X38.42634062472181 Y27.991114066702
M3 S30
G4 P0.2
G1 X38.42634062472181 Y27.991114066702 F300
G1 X38.798186041384064 Y28.54888219169537 F300
G1 X39.17005791637964 Y29.292573025019873 F300;svg > g > g > g#layer1 > polyline
M3 S90
G4 P0.2
G0 X39.72782604137302 Y30.965877400000004
M3 S30
G4 P0.2
G1 X39.72782604137302 Y30.965877400000004 F300
G1 X38.61226333305294 Y27.61926865003975 F300
G1 X38.61226333305294 Y27.247396775044162 F300
G1 X38.98410874971519 Y27.061474066713036 F300
G1 X39.355980624710774 Y27.247396775044162 F300
G1 X39.54190333304189 Y27.43331948337529 F300
G1 X39.913748749704155 Y27.991114066702 F300;svg > g > g > g#layer1 > polyline
M3 S90
G4 P0.2
G0 X39.913748749704155 Y30.965877400000004
M3 S30
G4 P0.2
G1 X39.913748749704155 Y30.965877400000004 F300
G1 X38.798186041384064 Y27.61926865003975 F300
G1 X38.798186041384064 Y27.247396775044162 F300
G1 X38.98410874971519 Y27.061474066713036 F300;svg > g > g > g#layer1 > line
M3 S90
G4 P0.2
G0 X38.798186041384064 Y29.478495733351004
M3 S30
G4 P0.2
G1 X39.913748749704155 Y29.478495733351004 F300;svg > g > g > g#layer1 > polyline
M3 S90
G4 P0.2
G0 X41.7729758330154 Y28.177036775033123
M3 S30
G4 P0.2
G1 X41.7729758330154 Y28.177036775033123 F300
G1 X41.58705312468428 Y28.54888219169537 F300
G1 X41.21520770802202 Y28.734804900026493 F300
G1 X40.84336229135978 Y28.734804900026493 F300
G1 X40.47151687469752 Y28.54888219169537 F300
G1 X40.2855941663664 Y28.362959483364246 F300
G1 X40.099671458035274 Y27.991114066702 F300
G1 X40.099671458035274 Y27.61926865003975 F300
G1 X40.2855941663664 Y27.247396775044162 F300
G1 X40.65743958302865 Y27.061474066713036 F300
G1 X41.02928499969091 Y27.061474066713036 F300
G1 X41.401130416353155 Y27.247396775044162 F300
G1 X41.58705312468428 Y27.61926865003975 F300;svg > g > g > g#layer1 > polyline
M3 S90
G4 P0.2
G0 X40.84336229135978 Y28.734804900026493
M3 S30
G4 P0.2
G1 X40.84336229135978 Y28.734804900026493 F300
G1 X40.47151687469752 Y28.362959483364246 F300
G1 X40.2855941663664 Y27.991114066702 F300
G1 X40.2855941663664 Y27.43331948337529 F300
G1 X40.65743958302865 Y27.061474066713036 F300;svg > g > g > g#layer1 > polyline
M3 S90
G4 P0.2
G0 X41.958898541346535 Y28.734804900026493
M3 S30
G4 P0.2
G1 X41.958898541346535 Y28.734804900026493 F300
G1 X41.58705312468428 Y27.61926865003975 F300
G1 X41.58705312468428 Y27.247396775044162 F300
G1 X41.958898541346535 Y27.061474066713036 F300
G1 X42.33074395800878 Y27.247396775044162 F300
G1 X42.5166666663399 Y27.43331948337529 F300
G1 X42.88851208300215 Y27.991114066702 F300;svg > g > g > g#layer1 > polyline
M3 S90
G4 P0.2
G0 X42.144821249677655 Y28.734804900026493
M3 S30
G4 P0.2
G1 X42.144821249677655 Y28.734804900026493 F300
G1 X41.7729758330154 Y27.61926865003975 F300
G1 X41.7729758330154 Y27.247396775044162 F300
G1 X41.958898541346535 Y27.061474066713036 F300;svg > g > g > g#layer1 > polyline
M3 S90
G4 P0.2
G0 X45.86327541630016 Y27.991114066702
M3 S30
G4 P0.2
G1 X45.86327541630016 Y27.991114066702 F300
G1 X46.235147291295746 Y28.54888219169537 F300
G1 X46.606992707958 Y29.292573025019873 F300;svg > g > g > g#layer1 > polyline
M3 S90
G4 P0.2
G0 X47.16476083295137 Y30.965877400000004
M3 S30
G4 P0.2
G1 X47.16476083295137 Y30.965877400000004 F300
G1 X46.04922458296462 Y27.61926865003975 F300
G1 X46.04922458296462 Y27.247396775044162 F300
G1 X46.42106999962688 Y27.061474066713036 F300
G1 X46.79291541628912 Y27.247396775044162 F300
G1 X46.97883812462025 Y27.43331948337529 F300
G1 X47.3506835412825 Y27.991114066702 F300;svg > g > g > g#layer1 > polyline
M3 S90
G4 P0.2
G0 X47.3506835412825 Y30.965877400000004
M3 S30
G4 P0.2
G1 X47.3506835412825 Y30.965877400000004 F300
G1 X46.235147291295746 Y27.61926865003975 F300
G1 X46.235147291295746 Y27.247396775044162 F300
G1 X46.42106999962688 Y27.061474066713036 F300;svg > g > g > g#layer1 > line
M3 S90
G4 P0.2
G0 X46.235147291295746 Y29.478495733351004
M3 S30
G4 P0.2
G1 X47.3506835412825 Y29.478495733351004 F300;svg > g > g > g#layer1 > polygon
M3 S90
G4 P0.2
G0 X51.255060416236134 Y29.850341150013254
M3 S30
G4 P0.2
G1 X51.255060416236134 Y29.850341150013254 F300
G1 X51.069137707905014 Y29.66441844168213 F300
G1 X51.255060416236134 Y29.478495733351004 F300
G1 X51.44098312456727 Y29.66441844168213 F300
G1 X51.255060416236134 Y29.850341150013254 F300;svg > g > g > g#layer1 > polyline
M3 S90
G4 P0.2
G0 X50.8832149995739 Y28.734804900026493
M3 S30
G4 P0.2
G1 X50.8832149995739 Y28.734804900026493 F300
G1 X50.511369582911634 Y27.61926865003975 F300
G1 X50.511369582911634 Y27.247396775044162 F300
G1 X50.8832149995739 Y27.061474066713036 F300
G1 X51.255060416236134 Y27.247396775044162 F300
G1 X51.44098312456727 Y27.43331948337529 F300
G1 X51.812828541229514 Y27.991114066702 F300;svg > g > g > g#layer1 > polyline
M3 S90
G4 P0.2
G0 X51.069137707905014 Y28.734804900026493
M3 S30
G4 P0.2
G1 X51.069137707905014 Y28.734804900026493 F300
G1 X50.69729229124276 Y27.61926865003975 F300
G1 X50.69729229124276 Y27.247396775044162 F300
G1 X50.8832149995739 Y27.061474066713036 F300;svg > g > g > g#layer1 > polyline
M3 S90
G4 P0.2
G0 X51.812828541229514 Y27.991114066702
M3 S30
G4 P0.2
G1 X51.812828541229514 Y27.991114066702 F300
G1 X52.18467395789177 Y28.54888219169537 F300
G1 X52.370596666222895 Y28.920727608357623 F300
G1 X52.370596666222895 Y28.54888219169537 F300
G1 X52.928391249549605 Y28.177036775033123 F300
G1 X53.114313957880725 Y27.805191358370873 F300
G1 X53.114313957880725 Y27.43331948337529 F300
G1 X52.928391249549605 Y27.247396775044162 F300
G1 X52.556519374554 Y27.061474066713036 F300;svg > g > g > g#layer1 > polyline
M3 S90
G4 P0.2
G0 X52.370596666222895 Y28.54888219169537
M3 S30
G4 P0.2
G1 X52.370596666222895 Y28.54888219169537 F300
G1 X52.74244208288514 Y28.177036775033123 F300
G1 X52.928391249549605 Y27.805191358370873 F300
G1 X52.928391249549605 Y27.43331948337529 F300
G1 X52.556519374554 Y27.061474066713036 F300;svg > g > g > g#layer1 > polyline
M3 S90
G4 P0.2
G0 X51.812828541229514 Y27.247396775044162
M3 S30
G4 P0.2
G1 X51.812828541229514 Y27.247396775044162 F300
G1 X52.18467395789177 Y27.061474066713036 F300
G1 X53.114313957880725 Y27.061474066713036 F300
G1 X53.672082082874105 Y27.43331948337529 F300
G1 X54.04392749953635 Y27.991114066702 F300;svg > g > g > g#layer1 > polyline
M3 S90
G4 P0.2
G0 X57.57645895782775 Y28.734804900026493
M3 S30
G4 P0.2
G1 X57.57645895782775 Y28.734804900026493 F300
G1 X57.39053624949661 Y28.362959483364246 F300
G1 X57.20461354116548 Y27.805191358370873 F300
G1 X57.20461354116548 Y27.247396775044162 F300
G1 X57.57645895782775 Y27.061474066713036 F300
G1 X57.762381666158866 Y27.061474066713036 F300
G1 X58.32014979115224 Y27.247396775044162 F300
G1 X58.69199520781448 Y27.61926865003975 F300
G1 X58.87791791614561 Y28.177036775033123 F300
G1 X58.87791791614561 Y28.734804900026493 F300;svg > g > g > g#layer1 > polyline
M3 S90
G4 P0.2
G0 X57.762381666158866 Y28.734804900026493
M3 S30
G4 P0.2
G1 X57.762381666158866 Y28.734804900026493 F300
G1 X57.57645895782775 Y28.362959483364246 F300
G1 X57.39053624949661 Y27.805191358370873 F300
G1 X57.39053624949661 Y27.247396775044162 F300
G1 X57.57645895782775 Y27.061474066713036 F300;svg > g > g > g#layer1 > polyline
M3 S90
G4 P0.2
G0 X58.87791791614561 Y28.734804900026493
M3 S30
G4 P0.2
G1 X58.87791791614561 Y28.734804900026493 F300
G1 X59.06384062447674 Y27.991114066702 F300
G1 X59.24976333280787 Y27.805191358370873 F300
G1 X59.43568604113899 Y27.805191358370873 F300
G1 X59.807557916134584 Y27.991114066702 F300;svg > g > g > g#layer1 > polyline
M3 S90
G4 P0.2
G0 X60.36532604112795 Y27.43331948337529
M3 S30
G4 P0.2
G1 X60.36532604112795 Y27.43331948337529 F300
G1 X60.73717145779022 Y27.61926865003975 F300
G1 X60.92309416612133 Y27.805191358370873 F300
G1 X61.10901687445245 Y28.177036775033123 F300
G1 X61.10901687445245 Y28.54888219169537 F300
G1 X60.92309416612133 Y28.734804900026493 F300
G1 X60.73717145779022 Y28.734804900026493 F300
G1 X60.36532604112795 Y28.54888219169537 F300
G1 X60.17940333279683 Y28.362959483364246 F300
G1 X59.9934806244657 Y27.991114066702 F300
G1 X59.9934806244657 Y27.61926865003975 F300
G1 X60.17940333279683 Y27.247396775044162 F300
G1 X60.55124874945908 Y27.061474066713036 F300
G1 X61.10901687445245 Y27.061474066713036 F300
G1 X61.666784999445824 Y27.43331948337529 F300
G1 X62.038630416108084 Y27.991114066702 F300;svg > g > g > g#layer1 > polyline
M3 S90
G4 P0.2
G0 X60.73717145779022 Y28.734804900026493
M3 S30
G4 P0.2
G1 X60.73717145779022 Y28.734804900026493 F300
G1 X60.36532604112795 Y28.362959483364246 F300
G1 X60.17940333279683 Y27.991114066702 F300
G1 X60.17940333279683 Y27.43331948337529 F300
G1 X60.55124874945908 Y27.061474066713036 F300;svg > g > g > g#layer1 > polyline
M3 S90
G4 P0.2
G0 X62.038630416108084 Y27.991114066702
M3 S30
G4 P0.2
G1 X62.038630416108084 Y27.991114066702 F300
G1 X62.410475832770345 Y28.54888219169537 F300
G1 X62.782321249432584 Y28.734804900026493 F300
G1 X63.154166666094845 Y28.54888219169537 F300
G1 X63.154166666094845 Y28.177036775033123 F300
G1 X62.782321249432584 Y27.061474066713036 F300;svg > g > g > g#layer1 > polyline
M3 S90
G4 P0.2
G0 X62.782321249432584 Y28.734804900026493
M3 S30
G4 P0.2
G1 X62.782321249432584 Y28.734804900026493 F300
G1 X62.968243957763725 Y28.54888219169537 F300
G1 X62.968243957763725 Y28.177036775033123 F300
G1 X62.59639854110145 Y27.061474066713036 F300;svg > g > g > g#layer1 > polyline
M3 S90
G4 P0.2
G0 X63.154166666094845 Y28.177036775033123
M3 S30
G4 P0.2
G1 X63.154166666094845 Y28.177036775033123 F300
G1 X63.526012082757084 Y28.54888219169537 F300
G1 X63.897857499419345 Y28.734804900026493 F300
G1 X64.08378020775045 Y28.734804900026493 F300
G1 X63.897857499419345 Y28.177036775033123 F300;svg > g > g > g#layer1 > polyline
M3 S90
G4 P0.2
G0 X63.897857499419345 Y28.734804900026493
M3 S30
G4 P0.2
G1 X63.897857499419345 Y28.734804900026493 F300
G1 X63.897857499419345 Y28.177036775033123 F300
G1 X64.08378020775045 Y27.805191358370873 F300
G1 X64.26970291608158 Y27.805191358370873 F300
G1 X64.64154833274384 Y27.991114066702 F300;svg > g > g > g#layer1 > polyline
M3 S90
G4 P0.2
G0 X65.19931645773721 Y28.734804900026493
M3 S30
G4 P0.2
G1 X65.19931645773721 Y28.734804900026493 F300
G1 X64.82747104107497 Y27.61926865003975 F300
G1 X64.82747104107497 Y27.247396775044162 F300
G1 X65.19931645773721 Y27.061474066713036 F300
G1 X65.38523916606835 Y27.061474066713036 F300
G1 X65.75708458273058 Y27.247396775044162 F300
G1 X66.12892999939285 Y27.61926865003975 F300
G1 X66.50077541605508 Y28.177036775033123 F300;svg > g > g > g#layer1 > polyline
M3 S90
G4 P0.2
G0 X65.38523916606835 Y28.734804900026493
M3 S30
G4 P0.2
G1 X65.38523916606835 Y28.734804900026493 F300
G1 X65.01339374940608 Y27.61926865003975 F300
G1 X65.01339374940608 Y27.247396775044162 F300
G1 X65.19931645773721 Y27.061474066713036 F300;svg > g > g > g#layer1 > line
M3 S90
G4 P0.2
G0 X66.68672458271955 Y28.734804900026493
M3 S30
G4 P0.2
G1 X65.57116187439948 Y25.38816969173291 F300;svg > g > g > g#layer1 > polyline
M3 S90
G4 P0.2
G0 X66.8726472910507 Y28.734804900026493
M3 S30
G4 P0.2
G1 X66.8726472910507 Y28.734804900026493 F300
G1 X66.31485270772397 Y27.061474066713036 F300
G1 X65.94300729106172 Y26.13186052505741 F300
G1 X65.57116187439948 Y25.38816969173291 F300
G1 X65.38523916606835 Y25.016324275070655 F300
G1 X65.01339374940608 Y24.830401566739532 F300
G1 X64.82747104107497 Y25.016324275070655 F300
G1 X64.82747104107497 Y25.38816969173291 F300
G1 X65.01339374940608 Y25.945937816726282 F300
G1 X65.38523916606835 Y26.317783233388532 F300
G1 X65.94300729106172 Y26.689628650050782 F300
G1 X66.68672458271955 Y27.061474066713036 F300
G1 X67.24449270771292 Y27.43331948337529 F300
G1 X67.61633812437519 Y27.991114066702 F300;svg > g > g > g#layer1 > polyline
M3 S90
G4 P0.2
G0 X70.59110145767318 Y27.991114066702
M3 S30
G4 P0.2
G1 X70.59110145767318 Y27.991114066702 F300
G1 X70.96294687433544 Y28.54888219169537 F300
G1 X71.14886958266656 Y28.920727608357623 F300
G1 X71.14886958266656 Y28.54888219169537 F300
G1 X71.70663770765995 Y28.177036775033123 F300
G1 X71.89256041599106 Y27.805191358370873 F300
G1 X71.89256041599106 Y27.43331948337529 F300
G1 X71.70663770765995 Y27.247396775044162 F300
G1 X71.3347922909977 Y27.061474066713036 F300;svg > g > g > g#layer1 > polyline
M3 S90
G4 P0.2
G0 X71.14886958266656 Y28.54888219169537
M3 S30
G4 P0.2
G1 X71.14886958266656 Y28.54888219169537 F300
G1 X71.52071499932882 Y28.177036775033123 F300
G1 X71.70663770765995 Y27.805191358370873 F300
G1 X71.70663770765995 Y27.43331948337529 F300
G1 X71.3347922909977 Y27.061474066713036 F300;svg > g > g > g#layer1 > polyline
M3 S90
G4 P0.2
G0 X70.59110145767318 Y27.247396775044162
M3 S30
G4 P0.2
G1 X70.59110145767318 Y27.247396775044162 F300
G1 X70.96294687433544 Y27.061474066713036 F300
G1 X71.89256041599106 Y27.061474066713036 F300
G1 X72.45032854098444 Y27.43331948337529 F300
G1 X72.82217395764668 Y27.991114066702 F300;svg > g > g > g#layer1 > polyline
M3 S90
G4 P0.2
G0 X72.82217395764668 Y27.991114066702
M3 S30
G4 P0.2
G1 X72.82217395764668 Y27.991114066702 F300
G1 X73.19401937430895 Y28.54888219169537 F300
G1 X73.56589124930453 Y28.734804900026493 F300
G1 X73.93773666596677 Y28.54888219169537 F300
G1 X73.93773666596677 Y28.177036775033123 F300
G1 X73.56589124930453 Y27.061474066713036 F300;svg > g > g > g#layer1 > polyline
M3 S90
G4 P0.2
G0 X73.56589124930453 Y28.734804900026493
M3 S30
G4 P0.2
G1 X73.56589124930453 Y28.734804900026493 F300
G1 X73.75181395763565 Y28.54888219169537 F300
G1 X73.75181395763565 Y28.177036775033123 F300
G1 X73.37994208264008 Y27.061474066713036 F300;svg > g > g > g#layer1 > polyline
M3 S90
G4 P0.2
G0 X73.93773666596677 Y28.177036775033123
M3 S30
G4 P0.2
G1 X73.93773666596677 Y28.177036775033123 F300
G1 X74.30958208262902 Y28.54888219169537 F300
G1 X74.68142749929129 Y28.734804900026493 F300
G1 X74.86735020762241 Y28.734804900026493 F300
G1 X75.23919562428466 Y28.54888219169537 F300
G1 X75.23919562428466 Y28.177036775033123 F300
G1 X74.86735020762241 Y27.061474066713036 F300;svg > g > g > g#layer1 > polyline
M3 S90
G4 P0.2
G0 X74.86735020762241 Y28.734804900026493
M3 S30
G4 P0.2
G1 X74.86735020762241 Y28.734804900026493 F300
G1 X75.05327291595354 Y28.54888219169537 F300
G1 X75.05327291595354 Y28.177036775033123 F300
G1 X74.68142749929129 Y27.061474066713036 F300;svg > g > g > g#layer1 > polyline
M3 S90
G4 P0.2
G0 X75.23919562428466 Y28.177036775033123
M3 S30
G4 P0.2
G1 X75.23919562428466 Y28.177036775033123 F300
G1 X75.6110410409469 Y28.54888219169537 F300
G1 X75.98288645760915 Y28.734804900026493 F300
G1 X76.16880916594027 Y28.734804900026493 F300
G1 X76.54065458260254 Y28.54888219169537 F300
G1 X76.54065458260254 Y28.177036775033123 F300
G1 X76.35473187427141 Y27.61926865003975 F300
G1 X76.35473187427141 Y27.247396775044162 F300
G1 X76.54065458260254 Y27.061474066713036 F300;svg > g > g > g#layer1 > polyline
M3 S90
G4 P0.2
G0 X76.16880916594027 Y28.734804900026493
M3 S30
G4 P0.2
G1 X76.16880916594027 Y28.734804900026493 F300
G1 X76.35473187427141 Y28.54888219169537 F300
G1 X76.35473187427141 Y28.177036775033123 F300
G1 X76.16880916594027 Y27.61926865003975 F300
G1 X76.16880916594027 Y27.247396775044162 F300
G1 X76.54065458260254 Y27.061474066713036 F300
G1 X76.9124999992648 Y27.247396775044162 F300
G1 X77.09842270759592 Y27.43331948337529 F300
G1 X77.47026812425817 Y27.991114066702 F300;svg > g > g > g#layer1 > polyline
M3 S90
G4 P0.2
G0 X79.32949520756942 Y28.177036775033123
M3 S30
G4 P0.2
G1 X79.32949520756942 Y28.177036775033123 F300
G1 X79.1435724992383 Y28.54888219169537 F300
G1 X78.77172708257605 Y28.734804900026493 F300
G1 X78.39988166591378 Y28.734804900026493 F300
G1 X78.02803624925153 Y28.54888219169537 F300
G1 X77.84211354092041 Y28.362959483364246 F300
G1 X77.65619083258929 Y27.991114066702 F300
G1 X77.65619083258929 Y27.61926865003975 F300
G1 X77.84211354092041 Y27.247396775044162 F300
G1 X78.21395895758266 Y27.061474066713036 F300
G1 X78.58580437424492 Y27.061474066713036 F300
G1 X78.95764979090717 Y27.247396775044162 F300
G1 X79.1435724992383 Y27.61926865003975 F300;svg > g > g > g#layer1 > polyline
M3 S90
G4 P0.2
G0 X78.39988166591378 Y28.734804900026493
M3 S30
G4 P0.2
G1 X78.39988166591378 Y28.734804900026493 F300
G1 X78.02803624925153 Y28.362959483364246 F300
G1 X77.84211354092041 Y27.991114066702 F300
G1 X77.84211354092041 Y27.43331948337529 F300
G1 X78.21395895758266 Y27.061474066713036 F300;svg > g > g > g#layer1 > polyline
M3 S90
G4 P0.2
G0 X79.51541791590054 Y28.734804900026493
M3 S30
G4 P0.2
G1 X79.51541791590054 Y28.734804900026493 F300
G1 X79.1435724992383 Y27.61926865003975 F300
G1 X79.1435724992383 Y27.247396775044162 F300
G1 X79.51541791590054 Y27.061474066713036 F300
G1 X79.8872633325628 Y27.247396775044162 F300
G1 X80.07318604089392 Y27.43331948337529 F300
G1 X80.4450579158895 Y27.991114066702 F300;svg > g > g > g#layer1 > polyline
M3 S90
G4 P0.2
G0 X79.70134062423168 Y28.734804900026493
M3 S30
G4 P0.2
G1 X79.70134062423168 Y28.734804900026493 F300
G1 X79.32949520756942 Y27.61926865003975 F300
G1 X79.32949520756942 Y27.247396775044162 F300
G1 X79.51541791590054 Y27.061474066713036 F300;svg > g > g > g#layer1 > polyline
M3 S90
G4 P0.2
G0 X80.4450579158895 Y27.991114066702
M3 S30
G4 P0.2
G1 X80.4450579158895 Y27.991114066702 F300
G1 X80.81690333255176 Y28.54888219169537 F300
G1 X81.18874874921401 Y29.292573025019873 F300;svg > g > g > g#layer1 > polyline
M3 S90
G4 P0.2
G0 X81.74651687420737 Y30.965877400000004
M3 S30
G4 P0.2
G1 X81.74651687420737 Y30.965877400000004 F300
G1 X80.63098062422064 Y27.61926865003975 F300
G1 X80.63098062422064 Y27.247396775044162 F300
G1 X81.00282604088288 Y27.061474066713036 F300
G1 X81.37467145754513 Y27.247396775044162 F300
G1 X81.56059416587625 Y27.43331948337529 F300
G1 X81.9324395825385 Y27.991114066702 F300;svg > g > g > g#layer1 > polyline
M3 S90
G4 P0.2
G0 X81.9324395825385 Y30.965877400000004
M3 S30
G4 P0.2
G1 X81.9324395825385 Y30.965877400000004 F300
G1 X80.81690333255176 Y27.61926865003975 F300
G1 X80.81690333255176 Y27.247396775044162 F300
G1 X81.00282604088288 Y27.061474066713036 F300;svg > g > g > g#layer1 > polyline
M3 S90
G4 P0.2
G0 X81.9324395825385 Y27.991114066702
M3 S30
G4 P0.2
G1 X81.9324395825385 Y27.991114066702 F300
G1 X82.30428499920077 Y28.54888219169537 F300
G1 X82.67613041586301 Y29.292573025019873 F300;svg > g > g > g#layer1 > polyline
M3 S90
G4 P0.2
G0 X83.2338985408564 Y30.965877400000004
M3 S30
G4 P0.2
G1 X83.2338985408564 Y30.965877400000004 F300
G1 X82.11836229086964 Y27.61926865003975 F300
G1 X82.11836229086964 Y27.247396775044162 F300
G1 X82.4902077075319 Y27.061474066713036 F300
G1 X82.86205312419413 Y27.247396775044162 F300
G1 X83.04797583252528 Y27.43331948337529 F300
G1 X83.41982124918752 Y27.991114066702 F300;svg > g > g > g#layer1 > polyline
M3 S90
G4 P0.2
G0 X83.41982124918752 Y30.965877400000004
M3 S30
G4 P0.2
G1 X83.41982124918752 Y30.965877400000004 F300
G1 X82.30428499920077 Y27.61926865003975 F300
G1 X82.30428499920077 Y27.247396775044162 F300
G1 X82.4902077075319 Y27.061474066713036 F300;svg > g > g > g#layer1 > polyline
M3 S90
G4 P0.2
G0 X83.9775893741809 Y27.061474066713036
M3 S30
G4 P0.2
G1 X83.9775893741809 Y27.061474066713036 F300
G1 X83.79166666584976 Y27.247396775044162 F300
G1 X83.9775893741809 Y27.43331948337529 F300
G1 X84.16351208251201 Y27.247396775044162 F300
G1 X84.16351208251201 Y27.061474066713036 F300
G1 X83.9775893741809 Y26.689628650050782 F300
G1 X83.60574395751864 Y26.317783233388532 F300;svg > g > g > g#layer1 > polyline
M3 S90
G4 P0.2
G0 X88.43976083246125 Y27.991114066702
M3 S30
G4 P0.2
G1 X88.43976083246125 Y27.991114066702 F300
G1 X88.8116062491235 Y28.54888219169537 F300
G1 X89.18345166578574 Y29.292573025019873 F300;svg > g > g > g#layer1 > polyline
M3 S90
G4 P0.2
G0 X89.74121979077911 Y30.965877400000004
M3 S30
G4 P0.2
G1 X89.74121979077911 Y30.965877400000004 F300
G1 X88.62568354079238 Y27.61926865003975 F300
G1 X88.62568354079238 Y27.247396775044162 F300
G1 X88.9975289574546 Y27.061474066713036 F300
G1 X89.36937437411686 Y27.247396775044162 F300
G1 X89.55529708244799 Y27.43331948337529 F300
G1 X89.92714249911025 Y27.991114066702 F300;svg > g > g > g#layer1 > polyline
M3 S90
G4 P0.2
G0 X89.92714249911025 Y30.965877400000004
M3 S30
G4 P0.2
G1 X89.92714249911025 Y30.965877400000004 F300
G1 X88.8116062491235 Y27.61926865003975 F300
G1 X88.8116062491235 Y27.247396775044162 F300
G1 X88.9975289574546 Y27.061474066713036 F300;svg > g > g > g#layer1 > line
M3 S90
G4 P0.2
G0 X88.8116062491235 Y29.478495733351004
M3 S30
G4 P0.2
G1 X89.92714249911025 Y29.478495733351004 F300;svg > g > g > g#layer1 > polyline
M3 S90
G4 P0.2
G0 X89.92714249911025 Y27.991114066702
M3 S30
G4 P0.2
G1 X89.92714249911025 Y27.991114066702 F300
G1 X90.2989879157725 Y28.54888219169537 F300
G1 X90.67083333243474 Y29.292573025019873 F300;svg > g > g > g#layer1 > line
M3 S90
G4 P0.2
G0 X91.2286014574281 Y30.965877400000004
M3 S30
G4 P0.2
G1 X89.92714249911025 Y27.061474066713036 F300;svg > g > g > g#layer1 > line
M3 S90
G4 P0.2
G0 X91.41452416575923 Y30.965877400000004
M3 S30
G4 P0.2
G1 X90.11306520744138 Y27.061474066713036 F300;svg > g > g > g#layer1 > polyline
M3 S90
G4 P0.2
G0 X90.48491062410363 Y28.177036775033123
M3 S30
G4 P0.2
G1 X90.48491062410363 Y28.177036775033123 F300
G1 X90.85675604076587 Y28.54888219169537 F300
G1 X91.2286014574281 Y28.734804900026493 F300
G1 X91.41452416575923 Y28.734804900026493 F300
G1 X91.7863695824215 Y28.54888219169537 F300
G1 X91.7863695824215 Y28.177036775033123 F300
G1 X91.60044687409037 Y27.61926865003975 F300
G1 X91.60044687409037 Y27.247396775044162 F300
G1 X91.7863695824215 Y27.061474066713036 F300;svg > g > g > g#layer1 > polyline
M3 S90
G4 P0.2
G0 X91.41452416575923 Y28.734804900026493
M3 S30
G4 P0.2
G1 X91.41452416575923 Y28.734804900026493 F300
G1 X91.60044687409037 Y28.54888219169537 F300
G1 X91.60044687409037 Y28.177036775033123 F300
G1 X91.41452416575923 Y27.61926865003975 F300
G1 X91.41452416575923 Y27.247396775044162 F300
G1 X91.7863695824215 Y27.061474066713036 F300
G1 X92.15821499908374 Y27.247396775044162 F300
G1 X92.34413770741487 Y27.43331948337529 F300
G1 X92.71598312407713 Y27.991114066702 F300;svg > g > g > g#layer1 > polyline
M3 S90
G4 P0.2
G0 X93.2737512490705 Y28.734804900026493
M3 S30
G4 P0.2
G1 X93.2737512490705 Y28.734804900026493 F300
G1 X92.90190583240823 Y27.61926865003975 F300
G1 X92.90190583240823 Y27.247396775044162 F300
G1 X93.2737512490705 Y27.061474066713036 F300
G1 X93.45967395740163 Y27.061474066713036 F300
G1 X93.83151937406386 Y27.247396775044162 F300
G1 X94.20339124905948 Y27.61926865003975 F300
G1 X94.5752366657217 Y28.177036775033123 F300;svg > g > g > g#layer1 > polyline
M3 S90
G4 P0.2
G0 X93.45967395740163 Y28.734804900026493
M3 S30
G4 P0.2
G1 X93.45967395740163 Y28.734804900026493 F300
G1 X93.08782854073937 Y27.61926865003975 F300
G1 X93.08782854073937 Y27.247396775044162 F300
G1 X93.2737512490705 Y27.061474066713036 F300;svg > g > g > g#layer1 > polyline
M3 S90
G4 P0.2
G0 X94.76115937405284 Y28.734804900026493
M3 S30
G4 P0.2
G1 X94.76115937405284 Y28.734804900026493 F300
G1 X94.38931395739058 Y27.61926865003975 F300
G1 X94.38931395739058 Y27.247396775044162 F300
G1 X94.76115937405284 Y27.061474066713036 F300
G1 X95.13300479071508 Y27.247396775044162 F300
G1 X95.31892749904623 Y27.43331948337529 F300
G1 X95.69077291570848 Y27.991114066702 F300;svg > g > g > g#layer1 > polyline
M3 S90
G4 P0.2
G0 X94.94708208238394 Y28.734804900026493
M3 S30
G4 P0.2
G1 X94.94708208238394 Y28.734804900026493 F300
G1 X94.5752366657217 Y27.61926865003975 F300
G1 X94.5752366657217 Y27.247396775044162 F300
G1 X94.76115937405284 Y27.061474066713036 F300;svg > g > g > g#layer1 > polyline
M3 S90
G4 P0.2
G0 X95.69077291570848 Y27.991114066702
M3 S30
G4 P0.2
G1 X95.69077291570848 Y27.991114066702 F300
G1 X96.06261833237072 Y28.54888219169537 F300
G1 X96.24854104070184 Y28.920727608357623 F300
G1 X96.24854104070184 Y28.54888219169537 F300
G1 X96.80630916569521 Y28.177036775033123 F300
G1 X96.99223187402634 Y27.805191358370873 F300
G1 X96.99223187402634 Y27.43331948337529 F300
G1 X96.80630916569521 Y27.247396775044162 F300
G1 X96.43446374903297 Y27.061474066713036 F300;svg > g > g > g#layer1 > polyline
M3 S90
G4 P0.2
G0 X96.24854104070184 Y28.54888219169537
M3 S30
G4 P0.2
G1 X96.24854104070184 Y28.54888219169537 F300
G1 X96.62038645736408 Y28.177036775033123 F300
G1 X96.80630916569521 Y27.805191358370873 F300
G1 X96.80630916569521 Y27.43331948337529 F300
G1 X96.43446374903297 Y27.061474066713036 F300;svg > g > g > g#layer1 > polyline
M3 S90
G4 P0.2
G0 X95.69077291570848 Y27.247396775044162
M3 S30
G4 P0.2
G1 X95.69077291570848 Y27.247396775044162 F300
G1 X96.06261833237072 Y27.061474066713036 F300
G1 X96.99223187402634 Y27.061474066713036 F300
G1 X97.54999999901972 Y27.43331948337529 F300
G1 X97.92184541568197 Y27.991114066702 F300;svg > g > g > g#layer1 > polyline
M3 S90
G4 P0.2
G0 X98.47961354067535 Y27.061474066713036
M3 S30
G4 P0.2
G1 X98.47961354067535 Y27.061474066713036 F300
G1 X98.29369083234421 Y27.247396775044162 F300
G1 X98.47961354067535 Y27.43331948337529 F300
G1 X98.66553624900646 Y27.247396775044162 F300
G1 X98.66553624900646 Y27.061474066713036 F300
G1 X98.47961354067535 Y26.689628650050782 F300
G1 X98.1077681240131 Y26.317783233388532 F300
M3 S90
G4 P0.2
